/*
 * Generated Bongo Cat fire sprite frames.
 * Chroma-keyed green pixels are transparent in LVGL.
 * SPDX-License-Identifier: MIT
 */

#include "bongo_fire_art.h"

static const uint8_t bongo_fire_0_map[] = {
    0xe0, 0x07, 0xe0, 0x07, 0xe0, 0x07, 0xe0, 0x07, 0xe0, 0x07, 0xe0, 0x07, 0xe0, 0x07, 0xe0, 0x07,
    0xe0, 0x07, 0xe0, 0x07, 0xe0, 0x07, 0xe0, 0x07, 0xe0, 0x07, 0xe0, 0x07, 0xe0, 0x07, 0xe0, 0x07,
    0xe0, 0x07, 0xe0, 0x07, 0xe0, 0x07, 0xe0, 0x07, 0xe0, 0x07, 0xe0, 0x07, 0xe0, 0x07, 0xe0, 0x07,
    0xe0, 0x07, 0xe0, 0x07, 0xe0, 0x07, 0xe0, 0x07, 0xe0, 0x07, 0xe0, 0x07, 0xe0, 0x07, 0xe0, 0x07,
    0xe0, 0x07, 0xe0, 0x07, 0xe0, 0x07, 0xc0, 0xc0, 0xc0, 0xc0, 0xe0, 0x07, 0xe0, 0x07, 0xe0, 0x07,
    0xe0, 0x07, 0xe0, 0x07, 0xe0, 0x07, 0xe0, 0x07, 0xe0, 0x07, 0xe0, 0x07, 0xe0, 0x07, 0xe0, 0x07,
    0xe0, 0x07, 0xe0, 0x07, 0xe0, 0x07, 0xe0, 0x07, 0xe0, 0x07, 0xe0, 0x07, 0xe0, 0x07, 0xe0, 0x07,
    0xe0, 0x07, 0xe0, 0x07, 0xe0, 0x07, 0xe0, 0x07, 0xe0, 0x07, 0xe0, 0x07, 0xe0, 0x07, 0xe0, 0x07,
    0xe0, 0x07, 0xe0, 0x07, 0xe0, 0x07, 0xe0, 0x07, 0xe0, 0x07, 0xe0, 0x07, 0xe0, 0x07, 0xe0, 0x07,
    0xe0, 0x07, 0xe0, 0x07, 0xe0, 0x07, 0xe0, 0x07, 0xe0, 0x07, 0xe0, 0x07, 0xe0, 0x07, 0xe0, 0x07,
    0xe0, 0x07, 0xe0, 0x07, 0xe0, 0x07, 0xe0, 0x07, 0xe0, 0x07, 0xe0, 0x07, 0xe0, 0x07, 0xe0, 0x07,
    0xe0, 0x07, 0xe0, 0x07, 0xe0, 0x07, 0xe0, 0x07, 0xe0, 0x07, 0xe0, 0x07, 0xe0, 0x07, 0xe0, 0x07,
    0xe0, 0x07, 0xe0, 0x07, 0xe0, 0x07, 0xe0, 0x07, 0xe0, 0x07, 0xe0, 0x07, 0xe0, 0x07, 0xe0, 0x07,
    0x02, 0x48, 0x80, 0xe9, 0x80, 0xe9, 0x41, 0x80, 0xe0, 0x07, 0xe0, 0x07, 0xe0, 0x07, 0xe0, 0x07,
    0xe0, 0x07, 0xe0, 0x07, 0xe0, 0x07, 0xe0, 0x07, 0xe0, 0x07, 0xe0, 0x07, 0xe0, 0x07, 0xe0, 0x07,
    0xe0, 0x07, 0xe0, 0x07, 0xe0, 0x07, 0xe0, 0x07, 0xe0, 0x07, 0xe0, 0x07, 0xe0, 0x07, 0xe0, 0x07,
    0xe0, 0x07, 0xe0, 0x07, 0xe0, 0x07, 0xe0, 0x07, 0xe0, 0x07, 0xe0, 0x07, 0xe0, 0x07, 0xe0, 0x07,
    0xe0, 0x07, 0xe0, 0x07, 0xe0, 0x07, 0xe0, 0x07, 0xe0, 0x07, 0xe0, 0x07, 0xe0, 0x07, 0xe0, 0x07,
    0xe0, 0x07, 0xe0, 0x07, 0xe0, 0x07, 0xe0, 0x07, 0xe0, 0x07, 0xe0, 0x07, 0xe0, 0x07, 0xe0, 0x07,
    0xe0, 0x07, 0xe0, 0x07, 0xe0, 0x07, 0xe0, 0x07, 0xe0, 0x07, 0xe0, 0x07, 0xe0, 0x07, 0xe0, 0x07,
    0xe0, 0x07, 0xe0, 0x07, 0xe0, 0x07, 0xe0, 0x07, 0xe0, 0x07, 0xe0, 0x07, 0xe0, 0x07, 0xe0, 0x07,
    0xe0, 0x07, 0xe0, 0x07, 0xe0, 0x07, 0xe0, 0x07, 0xe0, 0x07, 0xe0, 0x07, 0x02, 0x48, 0xc0, 0xc0,
    0x80, 0xe9, 0x80, 0xe9, 0x41, 0x80, 0xe0, 0x07, 0xe0, 0x07, 0xe0, 0x07, 0xe0, 0x07, 0xe0, 0x07,
    0xe0, 0x07, 0xe0, 0x07, 0xe0, 0x07, 0xe0, 0x07, 0xe0, 0x07, 0xe0, 0x07, 0xe0, 0x07, 0xe0, 0x07,
    0xe0, 0x07, 0xe0, 0x07, 0xe0, 0x07, 0xe0, 0x07, 0xe0, 0x07, 0xe0, 0x07, 0xe0, 0x07, 0xe0, 0x07,
    0xe0, 0x07, 0xe0, 0x07, 0xe0, 0x07, 0xe0, 0x07, 0xe0, 0x07, 0xe0, 0x07, 0xe0, 0x07, 0xe0, 0x07,
    0xe0, 0x07, 0xe0, 0x07, 0xe0, 0x07, 0xe0, 0x07, 0xe0, 0x07, 0xe0, 0x07, 0xe0, 0x07, 0xe0, 0x07,
    0xe0, 0x07, 0xe0, 0x07, 0xe0, 0x07, 0xe0, 0x07, 0xe0, 0x07, 0xe0, 0x07, 0xe0, 0x07, 0xe0, 0x07,
    0xe0, 0x07, 0xe0, 0x07, 0xe0, 0x07, 0xe0, 0x07, 0xe0, 0x07, 0xe0, 0x07, 0xe0, 0x07, 0xe0, 0x07,
    0xe0, 0x07, 0xe0, 0x07, 0xe0, 0x07, 0xe0, 0x07, 0xe0, 0x07, 0xe0, 0x07, 0xe0, 0x07, 0xe0, 0x07,
    0xe0, 0x07, 0xe0, 0x07, 0xe0, 0x07, 0xe0, 0x07, 0xe0, 0x07, 0x02, 0x48, 0x41, 0x80, 0x80, 0xe9,
    0x40, 0xfb, 0xc0, 0xc0, 0x41, 0x80, 0xe0, 0x07, 0xe0, 0x07, 0xe0, 0x07, 0xe0, 0x07, 0xe0, 0x07,
    0xe0, 0x07, 0xe0, 0x07, 0xe0, 0x07, 0xe0, 0x07, 0xe0, 0x07, 0xe0, 0x07, 0xe0, 0x07, 0xe0, 0x07,
    0xe0, 0x07, 0xe0, 0x07, 0xe0, 0x07, 0xe0, 0x07, 0xe0, 0x07, 0xe0, 0x07, 0xe0, 0x07, 0xe0, 0x07,
    0xe0, 0x07, 0xe0, 0x07, 0xe0, 0x07, 0xe0, 0x07, 0xe0, 0x07, 0xe0, 0x07, 0xe0, 0x07, 0xe0, 0x07,
    0xe0, 0x07, 0xe0, 0x07, 0xe0, 0x07, 0xe0, 0x07, 0xe0, 0x07, 0xe0, 0x07, 0xe0, 0x07, 0xe0, 0x07,
    0xe0, 0x07, 0xe0, 0x07, 0xe0, 0x07, 0xe0, 0x07, 0xe0, 0x07, 0xe0, 0x07, 0xe0, 0x07, 0xe0, 0x07,
    0xe0, 0x07, 0xe0, 0x07, 0xe0, 0x07, 0xe0, 0x07, 0xe0, 0x07, 0xe0, 0x07, 0xe0, 0x07, 0xe0, 0x07,
    0xe0, 0x07, 0xe0, 0x07, 0xe0, 0x07, 0xe0, 0x07, 0xe0, 0x07, 0xe0, 0x07, 0xe0, 0x07, 0xe0, 0x07,
    0xe0, 0x07, 0xe0, 0x07, 0xe0, 0x07, 0xe0, 0x07, 0xe0, 0x07, 0x02, 0x48, 0x41, 0x80, 0xc0, 0xc0,
    0x80, 0xe9, 0x80, 0xe9, 0xc0, 0xc0, 0x41, 0x80, 0xe0, 0x07, 0xe0, 0x07, 0xe0, 0x07, 0xe0, 0x07,
    0xe0, 0x07, 0xe0, 0x07, 0xe0, 0x07, 0xe0, 0x07, 0xe0, 0x07, 0xe0, 0x07, 0xe0, 0x07, 0xe0, 0x07,
    0xe0, 0x07, 0xe0, 0x07, 0xe0, 0x07, 0xe0, 0x07, 0xe0, 0x07, 0xe0, 0x07, 0xe0, 0x07, 0xe0, 0x07,
    0xe0, 0x07, 0xe0, 0x07, 0xe0, 0x07, 0xe0, 0x07, 0xe0, 0x07, 0xe0, 0x07, 0xe0, 0x07, 0xe0, 0x07,
    0xe0, 0x07, 0xe0, 0x07, 0xe0, 0x07, 0xe0, 0x07, 0xe0, 0x07, 0xe0, 0x07, 0xe0, 0x07, 0xe0, 0x07,
    0xe0, 0x07, 0xe0, 0x07, 0xe0, 0x07, 0xe0, 0x07, 0xe0, 0x07, 0xe0, 0x07, 0xe0, 0x07, 0xe0, 0x07,
    0xe0, 0x07, 0xe0, 0x07, 0xe0, 0x07, 0xe0, 0x07, 0xe0, 0x07, 0xe0, 0x07, 0xe0, 0x07, 0xe0, 0x07,
    0xe0, 0x07, 0xe0, 0x07, 0xe0, 0x07, 0xe0, 0x07, 0xe0, 0x07, 0xe0, 0x07, 0xe0, 0x07, 0xe0, 0x07,
    0xe0, 0x07, 0xe0, 0x07, 0xe0, 0x07, 0xe0, 0x07, 0xe0, 0x07, 0xe0, 0x07, 0x41, 0x80, 0xc0, 0xc0,
    0xc0, 0xc0, 0x80, 0xe9, 0x80, 0xe9, 0xc0, 0xc0, 0x41, 0x80, 0x02, 0x48, 0xe0, 0x07, 0xe0, 0x07,
    0xe0, 0x07, 0xe0, 0x07, 0xe0, 0x07, 0xe0, 0x07, 0xe0, 0x07, 0xe0, 0x07, 0xe0, 0x07, 0xe0, 0x07,
    0xe0, 0x07, 0xe0, 0x07, 0xe0, 0x07, 0xe0, 0x07, 0xe0, 0x07, 0xe0, 0x07, 0xe0, 0x07, 0xe0, 0x07,
    0xe0, 0x07, 0xe0, 0x07, 0xe0, 0x07, 0xe0, 0x07, 0xe0, 0x07, 0xe0, 0x07, 0xe0, 0x07, 0xe0, 0x07,
    0xe0, 0x07, 0xe0, 0x07, 0xe0, 0x07, 0xe0, 0x07, 0xe0, 0x07, 0xe0, 0x07, 0xe0, 0x07, 0xe0, 0x07,
    0xe0, 0x07, 0xe0, 0x07, 0xe0, 0x07, 0xe0, 0x07, 0xe0, 0x07, 0xe0, 0x07, 0xe0, 0x07, 0xe0, 0x07,
    0xe0, 0x07, 0xe0, 0x07, 0xe0, 0x07, 0xe0, 0x07, 0xe0, 0x07, 0xe0, 0x07, 0xe0, 0x07, 0xe0, 0x07,
    0xe0, 0x07, 0xe0, 0x07, 0xe0, 0x07, 0xe0, 0x07, 0xe0, 0x07, 0xe0, 0x07, 0xe0, 0x07, 0xe0, 0x07,
    0xe0, 0x07, 0xe0, 0x07, 0xe0, 0x07, 0xe0, 0x07, 0xe0, 0x07, 0xe0, 0x07, 0xe0, 0x07, 0x41, 0x80,
    0xc0, 0xc0, 0x80, 0xe9, 0x80, 0xe9, 0x80, 0xe9, 0xc0, 0xc0, 0xc0, 0xc0, 0x41, 0x80, 0xe0, 0x07,
    0xe0, 0x07, 0xe0, 0x07, 0xe0, 0x07, 0xe0, 0x07, 0xe0, 0x07, 0xe0, 0x07, 0xe0, 0x07, 0xe0, 0x07,
    0xe0, 0x07, 0xe0, 0x07, 0xe0, 0x07, 0xe0, 0x07, 0xe0, 0x07, 0xe0, 0x07, 0xe0, 0x07, 0xe0, 0x07,
    0xe0, 0x07, 0xe0, 0x07, 0xe0, 0x07, 0xe0, 0x07, 0xe0, 0x07, 0xe0, 0x07, 0xe0, 0x07, 0xe0, 0x07,
    0xe0, 0x07, 0xe0, 0x07, 0xe0, 0x07, 0xe0, 0x07, 0xe0, 0x07, 0xe0, 0x07, 0xe0, 0x07, 0xe0, 0x07,
    0xe0, 0x07, 0xe0, 0x07, 0xe0, 0x07, 0xe0, 0x07, 0xe0, 0x07, 0xe0, 0x07, 0xe0, 0x07, 0xe0, 0x07,
    0xe0, 0x07, 0xe0, 0x07, 0xe0, 0x07, 0xe0, 0x07, 0xe0, 0x07, 0xe0, 0x07, 0xe0, 0x07, 0xe0, 0x07,
    0xe0, 0x07, 0xe0, 0x07, 0xe0, 0x07, 0xe0, 0x07, 0xe0, 0x07, 0xe0, 0x07, 0xe0, 0x07, 0xe0, 0x07,
    0xe0, 0x07, 0xe0, 0x07, 0xe0, 0x07, 0xe0, 0x07, 0xe0, 0x07, 0xe0, 0x07, 0x41, 0x80, 0x41, 0x80,
    0xc0, 0xc0, 0xc0, 0xc0, 0x80, 0xe9, 0x40, 0xfb, 0x80, 0xe9, 0xc0, 0xc0, 0xc0, 0xc0, 0x41, 0x80,
    0xe0, 0x07, 0xe0, 0x07, 0xe0, 0x07, 0xe0, 0x07, 0xe0, 0x07, 0xe0, 0x07, 0xe0, 0x07, 0xe0, 0x07,
    0xe0, 0x07, 0xe0, 0x07, 0xe0, 0x07, 0xe0, 0x07, 0xe0, 0x07, 0xe0, 0x07, 0xe0, 0x07, 0xe0, 0x07,
    0xe0, 0x07, 0xe0, 0x07, 0xe0, 0x07, 0xe0, 0x07, 0xe0, 0x07, 0xe0, 0x07, 0xe0, 0x07, 0xe0, 0x07,
    0xe0, 0x07, 0xe0, 0x07, 0xe0, 0x07, 0xe0, 0x07, 0xe0, 0x07, 0xe0, 0x07, 0xe0, 0x07, 0xe0, 0x07,
    0xe0, 0x07, 0xe0, 0x07, 0xe0, 0x07, 0xe0, 0x07, 0xe0, 0x07, 0xe0, 0x07, 0xe0, 0x07, 0xe0, 0x07,
    0xe0, 0x07, 0xe0, 0x07, 0xe0, 0x07, 0xe0, 0x07, 0xe0, 0x07, 0xe0, 0x07, 0xe0, 0x07, 0xe0, 0x07,
    0xe0, 0x07, 0xe0, 0x07, 0xe0, 0x07, 0xe0, 0x07, 0xe0, 0x07, 0xe0, 0x07, 0xe0, 0x07, 0xe0, 0x07,
    0xe0, 0x07, 0xe0, 0x07, 0xe0, 0x07, 0xe0, 0x07, 0xe0, 0x07, 0xe0, 0x07, 0x41, 0x80, 0xc0, 0xc0,
    0xc0, 0xc0, 0xc0, 0xc0, 0x80, 0xe9, 0x40, 0xfb, 0x80, 0xe9, 0x80, 0xe9, 0xc0, 0xc0, 0x41, 0x80,
    0x02, 0x48, 0xe0, 0x07, 0xe0, 0x07, 0xe0, 0x07, 0xe0, 0x07, 0xe0, 0x07, 0xe0, 0x07, 0xe0, 0x07,
    0xe0, 0x07, 0xe0, 0x07, 0xe0, 0x07, 0xe0, 0x07, 0xe0, 0x07, 0xe0, 0x07, 0xe0, 0x07, 0xe0, 0x07,
    0xe0, 0x07, 0xe0, 0x07, 0xe0, 0x07, 0xe0, 0x07, 0xe0, 0x07, 0xe0, 0x07, 0xe0, 0x07, 0xe0, 0x07,
    0xe0, 0x07, 0xe0, 0x07, 0xe0, 0x07, 0xe0, 0x07, 0xe0, 0x07, 0xe0, 0x07, 0xe0, 0x07, 0xe0, 0x07,
    0xe0, 0x07, 0xe0, 0x07, 0xe0, 0x07, 0xe0, 0x07, 0xe0, 0x07, 0xe0, 0x07, 0xe0, 0x07, 0xe0, 0x07,
    0xe0, 0x07, 0xe0, 0x07, 0xe0, 0x07, 0xe0, 0x07, 0xe0, 0x07, 0xe0, 0x07, 0xe0, 0x07, 0xe0, 0x07,
    0xe0, 0x07, 0xe0, 0x07, 0xe0, 0x07, 0xe0, 0x07, 0xe0, 0x07, 0xe0, 0x07, 0xe0, 0x07, 0xe0, 0x07,
    0xe0, 0x07, 0xe0, 0x07, 0xe0, 0x07, 0xe0, 0x07, 0xe0, 0x07, 0x02, 0x48, 0x41, 0x80, 0xc0, 0xc0,
    0x80, 0xe9, 0xc0, 0xc0, 0x80, 0xe9, 0x40, 0xfb, 0x80, 0xe9, 0x80, 0xe9, 0xc0, 0xc0, 0x41, 0x80,
    0x41, 0x80, 0xe0, 0x07, 0xe0, 0x07, 0xe0, 0x07, 0xe0, 0x07, 0xe0, 0x07, 0xe0, 0x07, 0xe0, 0x07,
    0xe0, 0x07, 0xe0, 0x07, 0xe0, 0x07, 0xe0, 0x07, 0xe0, 0x07, 0xe0, 0x07, 0xe0, 0x07, 0xe0, 0x07,
    0xe0, 0x07, 0xe0, 0x07, 0xe0, 0x07, 0xe0, 0x07, 0xe0, 0x07, 0xe0, 0x07, 0xe0, 0x07, 0xe0, 0x07,
    0xe0, 0x07, 0xe0, 0x07, 0xe0, 0x07, 0xe0, 0x07, 0xe0, 0x07, 0xe0, 0x07, 0xe0, 0x07, 0xe0, 0x07,
    0xe0, 0x07, 0xe0, 0x07, 0xe0, 0x07, 0xe0, 0x07, 0xe0, 0x07, 0xe0, 0x07, 0xe0, 0x07, 0xe0, 0x07,
    0xe0, 0x07, 0xe0, 0x07, 0xe0, 0x07, 0xe0, 0x07, 0xe0, 0x07, 0xe0, 0x07, 0xe0, 0x07, 0xe0, 0x07,
    0xe0, 0x07, 0xe0, 0x07, 0xe0, 0x07, 0xe0, 0x07, 0xe0, 0x07, 0xe0, 0x07, 0xe0, 0x07, 0xe0, 0x07,
    0xe0, 0x07, 0xe0, 0x07, 0xe0, 0x07, 0xe0, 0x07, 0xe0, 0x07, 0x41, 0x80, 0x41, 0x80, 0xc0, 0xc0,
    0x80, 0xe9, 0x80, 0xe9, 0x40, 0xfb, 0x40, 0xfb, 0x80, 0xe9, 0x80, 0xe9, 0xc0, 0xc0, 0xc0, 0xc0,
    0x41, 0x80, 0xe0, 0x07, 0xe0, 0x07, 0xe0, 0x07, 0xe0, 0x07, 0xe0, 0x07, 0xe0, 0x07, 0xe0, 0x07,
    0xe0, 0x07, 0xe0, 0x07, 0xe0, 0x07, 0xe0, 0x07, 0xe0, 0x07, 0xe0, 0x07, 0xe0, 0x07, 0xe0, 0x07,
    0xe0, 0x07, 0xe0, 0x07, 0xe0, 0x07, 0xe0, 0x07, 0xe0, 0x07, 0xe0, 0x07, 0xe0, 0x07, 0xe0, 0x07,
    0xe0, 0x07, 0xe0, 0x07, 0xe0, 0x07, 0xe0, 0x07, 0xe0, 0x07, 0xe0, 0x07, 0xe0, 0x07, 0xe0, 0x07,
    0xe0, 0x07, 0xe0, 0x07, 0xe0, 0x07, 0xe0, 0x07, 0xe0, 0x07, 0xe0, 0x07, 0xe0, 0x07, 0xe0, 0x07,
    0xe0, 0x07, 0xe0, 0x07, 0xe0, 0x07, 0xe0, 0x07, 0xe0, 0x07, 0xe0, 0x07, 0xe0, 0x07, 0xe0, 0x07,
    0xe0, 0x07, 0xe0, 0x07, 0xe0, 0x07, 0xe0, 0x07, 0xe0, 0x07, 0xe0, 0x07, 0xe0, 0x07, 0xe0, 0x07,
    0xe0, 0x07, 0xe0, 0x07, 0xe0, 0x07, 0xe0, 0x07, 0xe0, 0x07, 0x41, 0x80, 0x41, 0x80, 0xc0, 0xc0,
    0x80, 0xe9, 0x80, 0xe9, 0x40, 0xfb, 0x40, 0xfb, 0x40, 0xfb, 0x40, 0xfb, 0x40, 0xfb, 0x80, 0xe9,
    0xc0, 0xc0, 0x41, 0x80, 0xe0, 0x07, 0xe0, 0x07, 0xe0, 0x07, 0xe0, 0x07, 0xe0, 0x07, 0xe0, 0x07,
    0xe0, 0x07, 0xe0, 0x07, 0xe0, 0x07, 0xe0, 0x07, 0xe0, 0x07, 0xe0, 0x07, 0xe0, 0x07, 0xe0, 0x07,
    0xe0, 0x07, 0xe0, 0x07, 0xe0, 0x07, 0xe0, 0x07, 0xe0, 0x07, 0xe0, 0x07, 0xe0, 0x07, 0xe0, 0x07,
    0xe0, 0x07, 0xe0, 0x07, 0xe0, 0x07, 0xe0, 0x07, 0xe0, 0x07, 0xe0, 0x07, 0xe0, 0x07, 0xe0, 0x07,
    0xe0, 0x07, 0xe0, 0x07, 0xe0, 0x07, 0xe0, 0x07, 0xe0, 0x07, 0xe0, 0x07, 0xe0, 0x07, 0xe0, 0x07,
    0xe0, 0x07, 0xe0, 0x07, 0xe0, 0x07, 0xe0, 0x07, 0xe0, 0x07, 0xe0, 0x07, 0xe0, 0x07, 0xe0, 0x07,
    0xe0, 0x07, 0xe0, 0x07, 0xe0, 0x07, 0xe0, 0x07, 0xe0, 0x07, 0xe0, 0x07, 0xe0, 0x07, 0xe0, 0x07,
    0xe0, 0x07, 0xe0, 0x07, 0xe0, 0x07, 0xe0, 0x07, 0xe0, 0x07, 0xe0, 0x07, 0x41, 0x80, 0x41, 0x80,
    0xc0, 0xc0, 0x80, 0xe9, 0x80, 0xe9, 0x40, 0xfb, 0x40, 0xfb, 0x40, 0xfb, 0x40, 0xfb, 0x40, 0xfb,
    0x80, 0xe9, 0x80, 0xe9, 0xc0, 0xc0, 0x02, 0x48, 0xe0, 0x07, 0xe0, 0x07, 0xe0, 0x07, 0xe0, 0x07,
    0xe0, 0x07, 0xe0, 0x07, 0xe0, 0x07, 0xe0, 0x07, 0xe0, 0x07, 0xe0, 0x07, 0xe0, 0x07, 0xe0, 0x07,
    0xe0, 0x07, 0xe0, 0x07, 0xe0, 0x07, 0xe0, 0x07, 0xe0, 0x07, 0xe0, 0x07, 0xe0, 0x07, 0xe0, 0x07,
    0xe0, 0x07, 0xe0, 0x07, 0xe0, 0x07, 0xe0, 0x07, 0xe0, 0x07, 0xe0, 0x07, 0xe0, 0x07, 0xe0, 0x07,
    0xe0, 0x07, 0xe0, 0x07, 0xe0, 0x07, 0xe0, 0x07, 0xe0, 0x07, 0xe0, 0x07, 0xe0, 0x07, 0xe0, 0x07,
    0xe0, 0x07, 0xe0, 0x07, 0xe0, 0x07, 0xe0, 0x07, 0xe0, 0x07, 0xe0, 0x07, 0xe0, 0x07, 0xe0, 0x07,
    0xe0, 0x07, 0xe0, 0x07, 0xe0, 0x07, 0xe0, 0x07, 0xe0, 0x07, 0xe0, 0x07, 0xe0, 0x07, 0xe0, 0x07,
    0xe0, 0x07, 0xe0, 0x07, 0xe0, 0x07, 0xe0, 0x07, 0xe0, 0x07, 0xe0, 0x07, 0xe0, 0x07, 0x41, 0x80,
    0x41, 0x80, 0xc0, 0xc0, 0x80, 0xe9, 0x80, 0xe9, 0x40, 0xfb, 0x40, 0xfb, 0x40, 0xfb, 0x40, 0xfb,
    0x40, 0xfb, 0x80, 0xe9, 0x80, 0xe9, 0xc0, 0xc0, 0x41, 0x80, 0xe0, 0x07, 0xe0, 0x07, 0xe0, 0x07,
    0xe0, 0x07, 0xe0, 0x07, 0xe0, 0x07, 0xe0, 0x07, 0xe0, 0x07, 0xe0, 0x07, 0xe0, 0x07, 0xe0, 0x07,
    0xe0, 0x07, 0xe0, 0x07, 0xe0, 0x07, 0xe0, 0x07, 0xe0, 0x07, 0xe0, 0x07, 0xe0, 0x07, 0xe0, 0x07,
    0xe0, 0x07, 0xe0, 0x07, 0xe0, 0x07, 0xe0, 0x07, 0xe0, 0x07, 0xe0, 0x07, 0xe0, 0x07, 0xe0, 0x07,
    0xe0, 0x07, 0xe0, 0x07, 0xe0, 0x07, 0xe0, 0x07, 0xe0, 0x07, 0xe0, 0x07, 0xe0, 0x07, 0xe0, 0x07,
    0xe0, 0x07, 0xe0, 0x07, 0xe0, 0x07, 0xe0, 0x07, 0xe0, 0x07, 0xe0, 0x07, 0xe0, 0x07, 0xe0, 0x07,
    0xe0, 0x07, 0xe0, 0x07, 0xe0, 0x07, 0xe0, 0x07, 0xe0, 0x07, 0xe0, 0x07, 0xe0, 0x07, 0xe0, 0x07,
    0xe0, 0x07, 0xe0, 0x07, 0xe0, 0x07, 0xe0, 0x07, 0xe0, 0x07, 0xe0, 0x07, 0xe0, 0x07, 0xe0, 0x07,
    0x41, 0x80, 0x41, 0x80, 0xc0, 0xc0, 0x80, 0xe9, 0x80, 0xe9, 0x40, 0xfb, 0x40, 0xfb, 0x40, 0xfb,
    0x40, 0xfb, 0x40, 0xfb, 0x80, 0xe9, 0x80, 0xe9, 0xc0, 0xc0, 0x41, 0x80, 0xe0, 0x07, 0xe0, 0x07,
    0xe0, 0x07, 0xe0, 0x07, 0xe0, 0x07, 0xe0, 0x07, 0xe0, 0x07, 0xe0, 0x07, 0xe0, 0x07, 0xe0, 0x07,
    0xe0, 0x07, 0xe0, 0x07, 0xe0, 0x07, 0xe0, 0x07, 0xe0, 0x07, 0xe0, 0x07, 0xe0, 0x07, 0xe0, 0x07,
    0xe0, 0x07, 0xe0, 0x07, 0xe0, 0x07, 0xe0, 0x07, 0xe0, 0x07, 0xe0, 0x07, 0xe0, 0x07, 0xe0, 0x07,
    0xe0, 0x07, 0xe0, 0x07, 0xe0, 0x07, 0xe0, 0x07, 0xe0, 0x07, 0xe0, 0x07, 0xe0, 0x07, 0xe0, 0x07,
    0xe0, 0x07, 0xe0, 0x07, 0xe0, 0x07, 0xe0, 0x07, 0xe0, 0x07, 0xe0, 0x07, 0xe0, 0x07, 0xe0, 0x07,
    0xe0, 0x07, 0xe0, 0x07, 0xe0, 0x07, 0xe0, 0x07, 0xe0, 0x07, 0xe0, 0x07, 0xe0, 0x07, 0xe0, 0x07,
    0xe0, 0x07, 0xe0, 0x07, 0xe0, 0x07, 0xe0, 0x07, 0xe0, 0x07, 0xe0, 0x07, 0xe0, 0x07, 0x02, 0x48,
    0x41, 0x80, 0x41, 0x80, 0xc0, 0xc0, 0x80, 0xe9, 0x80, 0xe9, 0x40, 0xfb, 0x40, 0xfb, 0x40, 0xfb,
    0x40, 0xfb, 0x40, 0xfb, 0x40, 0xfb, 0x80, 0xe9, 0x80, 0xe9, 0xc0, 0xc0, 0x02, 0x48, 0xe0, 0x07,
    0xe0, 0x07, 0xe0, 0x07, 0xe0, 0x07, 0xe0, 0x07, 0xe0, 0x07, 0xe0, 0x07, 0xe0, 0x07, 0xe0, 0x07,
    0xe0, 0x07, 0xe0, 0x07, 0xe0, 0x07, 0xe0, 0x07, 0xe0, 0x07, 0xe0, 0x07, 0xe0, 0x07, 0xe0, 0x07,
    0xe0, 0x07, 0xe0, 0x07, 0xe0, 0x07, 0xe0, 0x07, 0xe0, 0x07, 0xe0, 0x07, 0xe0, 0x07, 0xe0, 0x07,
    0xe0, 0x07, 0xe0, 0x07, 0xe0, 0x07, 0xe0, 0x07, 0xe0, 0x07, 0xe0, 0x07, 0xe0, 0x07, 0xe0, 0x07,
    0xe0, 0x07, 0xe0, 0x07, 0xe0, 0x07, 0xe0, 0x07, 0xe0, 0x07, 0xe0, 0x07, 0xe0, 0x07, 0xe0, 0x07,
    0xe0, 0x07, 0xe0, 0x07, 0xe0, 0x07, 0xe0, 0x07, 0xe0, 0x07, 0xe0, 0x07, 0xe0, 0x07, 0xe0, 0x07,
    0xe0, 0x07, 0xe0, 0x07, 0xe0, 0x07, 0xe0, 0x07, 0x02, 0x48, 0x41, 0x80, 0x41, 0x80, 0xc0, 0xc0,
    0xc0, 0xc0, 0x80, 0xe9, 0x80, 0xe9, 0x80, 0xe9, 0x40, 0xfb, 0x40, 0xfb, 0x40, 0xfb, 0x40, 0xfb,
    0x40, 0xfb, 0x40, 0xfb, 0x80, 0xe9, 0x80, 0xe9, 0xc0, 0xc0, 0xc0, 0xc0, 0xc0, 0xc0, 0xe0, 0x07,
    0xe0, 0x07, 0xe0, 0x07, 0xe0, 0x07, 0xe0, 0x07, 0xe0, 0x07, 0xe0, 0x07, 0xe0, 0x07, 0xe0, 0x07,
    0xe0, 0x07, 0xe0, 0x07, 0xe0, 0x07, 0xe0, 0x07, 0xe0, 0x07, 0xe0, 0x07, 0xe0, 0x07, 0xe0, 0x07,
    0xe0, 0x07, 0xe0, 0x07, 0xe0, 0x07, 0xe0, 0x07, 0xe0, 0x07, 0xe0, 0x07, 0xe0, 0x07, 0xe0, 0x07,
    0xe0, 0x07, 0xe0, 0x07, 0xe0, 0x07, 0xe0, 0x07, 0xe0, 0x07, 0xe0, 0x07, 0xe0, 0x07, 0xe0, 0x07,
    0xe0, 0x07, 0xe0, 0x07, 0xe0, 0x07, 0xe0, 0x07, 0xe0, 0x07, 0xe0, 0x07, 0xe0, 0x07, 0xe0, 0x07,
    0xe0, 0x07, 0xe0, 0x07, 0xe0, 0x07, 0xe0, 0x07, 0xe0, 0x07, 0xe0, 0x07, 0xe0, 0x07, 0xe0, 0x07,
    0xe0, 0x07, 0xe0, 0x07, 0xe0, 0x07, 0xe0, 0x07, 0x02, 0x48, 0x41, 0x80, 0xc0, 0xc0, 0xc0, 0xc0,
    0xc0, 0xc0, 0x80, 0xe9, 0x80, 0xe9, 0x40, 0xfb, 0x40, 0xfb, 0x40, 0xfb, 0x40, 0xfb, 0x40, 0xfb,
    0x40, 0xfb, 0x80, 0xe9, 0xc0, 0xc0, 0xc0, 0xc0, 0xc0, 0xc0, 0xc0, 0xc0, 0x41, 0x80, 0x02, 0x48,
    0xe0, 0x07, 0xe0, 0x07, 0xe0, 0x07, 0xe0, 0x07, 0xe0, 0x07, 0xe0, 0x07, 0xe0, 0x07, 0xe0, 0x07,
    0xe0, 0x07, 0xe0, 0x07, 0xe0, 0x07, 0xe0, 0x07, 0xe0, 0x07, 0xe0, 0x07, 0xe0, 0x07, 0xe0, 0x07,
    0xe0, 0x07, 0xe0, 0x07, 0xe0, 0x07, 0xe0, 0x07, 0xe0, 0x07, 0xe0, 0x07, 0xe0, 0x07, 0xe0, 0x07,
    0xe0, 0x07, 0xe0, 0x07, 0xe0, 0x07, 0xe0, 0x07, 0xe0, 0x07, 0xe0, 0x07, 0xe0, 0x07, 0xe0, 0x07,
    0xe0, 0x07, 0xe0, 0x07, 0xe0, 0x07, 0xe0, 0x07, 0xe0, 0x07, 0xe0, 0x07, 0xe0, 0x07, 0xe0, 0x07,
    0xe0, 0x07, 0xe0, 0x07, 0xe0, 0x07, 0xe0, 0x07, 0xe0, 0x07, 0xe0, 0x07, 0xe0, 0x07, 0xe0, 0x07,
    0xe0, 0x07, 0xe0, 0x07, 0xe0, 0x07, 0x41, 0x80, 0x41, 0x80, 0xc0, 0xc0, 0xc0, 0xc0, 0x22, 0xfd,
    0x09, 0xff, 0x09, 0xff, 0x09, 0xff, 0x09, 0xff, 0x09, 0xff, 0x09, 0xff, 0x09, 0xff, 0x22, 0xfd,
    0x80, 0xe9, 0xc0, 0xc0, 0xc0, 0xc0, 0x41, 0x80, 0x41, 0x80, 0x41, 0x80, 0xe0, 0x07, 0xe0, 0x07,
    0xe0, 0x07, 0xe0, 0x07, 0xe0, 0x07, 0xe0, 0x07, 0xe0, 0x07, 0xe0, 0x07, 0xe0, 0x07, 0xe0, 0x07,
    0xe0, 0x07, 0xe0, 0x07, 0xe0, 0x07, 0xe0, 0x07, 0xe0, 0x07, 0xe0, 0x07, 0xe0, 0x07, 0xe0, 0x07,
    0xe0, 0x07, 0xe0, 0x07, 0xe0, 0x07, 0xe0, 0x07, 0xe0, 0x07, 0xe0, 0x07, 0xe0, 0x07, 0xe0, 0x07,
    0xe0, 0x07, 0xe0, 0x07, 0xe0, 0x07, 0xe0, 0x07, 0xe0, 0x07, 0xe0, 0x07, 0xe0, 0x07, 0xe0, 0x07,
    0xe0, 0x07, 0xe0, 0x07, 0xe0, 0x07, 0xe0, 0x07, 0xe0, 0x07, 0xe0, 0x07, 0xe0, 0x07, 0xe0, 0x07,
    0xe0, 0x07, 0xe0, 0x07, 0xe0, 0x07, 0xe0, 0x07, 0xe0, 0x07, 0xe0, 0x07, 0xe0, 0x07, 0xe0, 0x07,
    0x41, 0x80, 0x41, 0x80, 0x41, 0x80, 0xc0, 0xc0, 0xc0, 0xc0, 0x80, 0xe9, 0x22, 0xfd, 0x09, 0xff,
    0x09, 0xff, 0x09, 0xff, 0x09, 0xff, 0x09, 0xff, 0x09, 0xff, 0x22, 0xfd, 0x80, 0xe9, 0x80, 0xe9,
    0xc0, 0xc0, 0x41, 0x80, 0x41, 0x80, 0x41, 0x80, 0x41, 0x80, 0xe0, 0x07, 0xe0, 0x07, 0xe0, 0x07,
    0xe0, 0x07, 0xe0, 0x07, 0xe0, 0x07, 0xe0, 0x07, 0xe0, 0x07, 0xe0, 0x07, 0xe0, 0x07, 0xe0, 0x07,
    0xe0, 0x07, 0xe0, 0x07, 0xe0, 0x07, 0xe0, 0x07, 0xe0, 0x07, 0xe0, 0x07, 0xe0, 0x07, 0xe0, 0x07,
    0xe0, 0x07, 0xe0, 0x07, 0xe0, 0x07, 0xe0, 0x07, 0xe0, 0x07, 0xe0, 0x07, 0xe0, 0x07, 0xe0, 0x07,
    0xe0, 0x07, 0xe0, 0x07, 0xe0, 0x07, 0xe0, 0x07, 0xe0, 0x07, 0xe0, 0x07, 0xe0, 0x07, 0xe0, 0x07,
    0xe0, 0x07, 0xe0, 0x07, 0xe0, 0x07, 0xe0, 0x07, 0xe0, 0x07, 0xe0, 0x07, 0xe0, 0x07, 0xe0, 0x07,
    0xe0, 0x07, 0xe0, 0x07, 0xe0, 0x07, 0xe0, 0x07, 0x02, 0x48, 0xe0, 0x07, 0xe0, 0x07, 0x41, 0x80,
    0x41, 0x80, 0x41, 0x80, 0xc0, 0xc0, 0xc0, 0xc0, 0x22, 0xfd, 0x22, 0xfd, 0x09, 0xff, 0x09, 0xff,
    0x09, 0xff, 0x09, 0xff, 0x09, 0xff, 0x09, 0xff, 0x09, 0xff, 0x80, 0xe9, 0x80, 0xe9, 0xc0, 0xc0,
    0xc0, 0xc0, 0xc0, 0xc0, 0x41, 0x80, 0x41, 0x80, 0x02, 0x48, 0xe0, 0x07, 0xe0, 0x07, 0xe0, 0x07,
    0xe0, 0x07, 0xe0, 0x07, 0xe0, 0x07, 0xe0, 0x07, 0xe0, 0x07, 0xe0, 0x07, 0xe0, 0x07, 0xe0, 0x07,
    0xe0, 0x07, 0xe0, 0x07, 0xe0, 0x07, 0xe0, 0x07, 0xe0, 0x07, 0xe0, 0x07, 0xe0, 0x07, 0xe0, 0x07,
    0xe0, 0x07, 0xe0, 0x07, 0xe0, 0x07, 0xe0, 0x07, 0xe0, 0x07, 0xe0, 0x07, 0xe0, 0x07, 0xe0, 0x07,
    0xe0, 0x07, 0xe0, 0x07, 0xe0, 0x07, 0xe0, 0x07, 0xe0, 0x07, 0xe0, 0x07, 0xe0, 0x07, 0xe0, 0x07,
    0xe0, 0x07, 0xe0, 0x07, 0xe0, 0x07, 0xe0, 0x07, 0xe0, 0x07, 0xe0, 0x07, 0xe0, 0x07, 0xe0, 0x07,
    0xe0, 0x07, 0xe0, 0x07, 0xe0, 0x07, 0xe0, 0x07, 0x02, 0x48, 0x41, 0x80, 0x41, 0x80, 0x41, 0x80,
    0x41, 0x80, 0xc0, 0xc0, 0xc0, 0xc0, 0xc0, 0xc0, 0x22, 0xfd, 0x22, 0xfd, 0x09, 0xff, 0x09, 0xff,
    0x09, 0xff, 0x09, 0xff, 0x09, 0xff, 0x09, 0xff, 0x09, 0xff, 0x22, 0xfd, 0x80, 0xe9, 0xc0, 0xc0,
    0xc0, 0xc0, 0xc0, 0xc0, 0x41, 0x80, 0x41, 0x80, 0x02, 0x48, 0x02, 0x48, 0xe0, 0x07, 0xe0, 0x07,
    0xe0, 0x07, 0xe0, 0x07, 0xe0, 0x07, 0xe0, 0x07, 0xe0, 0x07, 0xe0, 0x07, 0xe0, 0x07, 0xe0, 0x07,
    0xe0, 0x07, 0xe0, 0x07, 0xe0, 0x07, 0xe0, 0x07, 0xe0, 0x07, 0xe0, 0x07, 0xe0, 0x07, 0xe0, 0x07,
    0xe0, 0x07, 0xe0, 0x07, 0xe0, 0x07, 0xe0, 0x07, 0xe0, 0x07, 0xe0, 0x07, 0xe0, 0x07, 0xe0, 0x07,
    0xe0, 0x07, 0xe0, 0x07, 0xe0, 0x07, 0xe0, 0x07, 0xe0, 0x07, 0xe0, 0x07, 0xe0, 0x07, 0xe0, 0x07,
    0xe0, 0x07, 0xe0, 0x07, 0xe0, 0x07, 0xe0, 0x07, 0xe0, 0x07, 0xe0, 0x07, 0xe0, 0x07, 0xe0, 0x07,
    0xe0, 0x07, 0xe0, 0x07, 0xe0, 0x07, 0xe0, 0x07, 0xe0, 0x07, 0x41, 0x80, 0x41, 0x80, 0x41, 0x80,
    0xc0, 0xc0, 0xc0, 0xc0, 0xc0, 0xc0, 0x80, 0xe9, 0x80, 0xe9, 0x22, 0xfd, 0x09, 0xff, 0x09, 0xff,
    0x09, 0xff, 0x09, 0xff, 0x09, 0xff, 0x09, 0xff, 0x09, 0xff, 0x09, 0xff, 0x80, 0xe9, 0xc0, 0xc0,
    0xc0, 0xc0, 0xc0, 0xc0, 0xc0, 0xc0, 0x41, 0x80, 0x41, 0x80, 0x41, 0x80, 0xe0, 0x07, 0xe0, 0x07,
    0xe0, 0x07, 0xe0, 0x07, 0xe0, 0x07, 0xe0, 0x07, 0xe0, 0x07, 0xe0, 0x07, 0xe0, 0x07, 0xe0, 0x07,
    0xe0, 0x07, 0xe0, 0x07, 0xe0, 0x07, 0xe0, 0x07, 0xe0, 0x07, 0xe0, 0x07, 0xe0, 0x07, 0xe0, 0x07,
    0xe0, 0x07, 0xe0, 0x07, 0xe0, 0x07, 0xe0, 0x07, 0xe0, 0x07, 0xe0, 0x07, 0xe0, 0x07, 0xe0, 0x07,
    0xe0, 0x07, 0xe0, 0x07, 0xe0, 0x07, 0xe0, 0x07, 0xe0, 0x07, 0xe0, 0x07, 0xe0, 0x07, 0xe0, 0x07,
    0xe0, 0x07, 0xe0, 0x07, 0xe0, 0x07, 0xe0, 0x07, 0xe0, 0x07, 0xe0, 0x07, 0xe0, 0x07, 0xe0, 0x07,
    0xe0, 0x07, 0xe0, 0x07, 0xe0, 0x07, 0xe0, 0x07, 0xe0, 0x07, 0x41, 0x80, 0x41, 0x80, 0x41, 0x80,
    0x41, 0x80, 0x41, 0x80, 0xc0, 0xc0, 0xc0, 0xc0, 0xc0, 0xc0, 0x80, 0xe9, 0x22, 0xfd, 0x09, 0xff,
    0x09, 0xff, 0x09, 0xff, 0x09, 0xff, 0x09, 0xff, 0x09, 0xff, 0x09, 0xff, 0x22, 0xfd, 0x22, 0xfd,
    0x80, 0xe9, 0x80, 0xe9, 0xc0, 0xc0, 0xc0, 0xc0, 0xc0, 0xc0, 0x41, 0x80, 0x41, 0x80, 0x41, 0x80,
    0xe0, 0x07, 0xe0, 0x07, 0xe0, 0x07, 0xe0, 0x07, 0xe0, 0x07, 0xe0, 0x07, 0xe0, 0x07, 0xe0, 0x07,
    0xe0, 0x07, 0xe0, 0x07, 0xe0, 0x07, 0xe0, 0x07, 0xe0, 0x07, 0xe0, 0x07, 0xe0, 0x07, 0xe0, 0x07,
    0xe0, 0x07, 0xe0, 0x07, 0xe0, 0x07, 0xe0, 0x07, 0xe0, 0x07, 0xe0, 0x07, 0xe0, 0x07, 0xe0, 0x07,
    0xe0, 0x07, 0xe0, 0x07, 0xe0, 0x07, 0xe0, 0x07, 0xe0, 0x07, 0xe0, 0x07, 0xe0, 0x07, 0xe0, 0x07,
    0xe0, 0x07, 0xe0, 0x07, 0xe0, 0x07, 0xe0, 0x07, 0xe0, 0x07, 0xe0, 0x07, 0xe0, 0x07, 0xe0, 0x07,
    0xe0, 0x07, 0xe0, 0x07, 0xe0, 0x07, 0xe0, 0x07, 0xe0, 0x07, 0x41, 0x80, 0x41, 0x80, 0x41, 0x80,
    0x41, 0x80, 0xc0, 0xc0, 0xc0, 0xc0, 0xc0, 0xc0, 0x80, 0xe9, 0xc0, 0xc0, 0x80, 0xe9, 0x22, 0xfd,
    0x09, 0xff, 0x09, 0xff, 0x09, 0xff, 0x09, 0xff, 0x09, 0xff, 0x09, 0xff, 0x09, 0xff, 0x22, 0xfd,
    0x80, 0xe9, 0x80, 0xe9, 0x80, 0xe9, 0x80, 0xe9, 0xc0, 0xc0, 0xc0, 0xc0, 0xc0, 0xc0, 0x41, 0x80,
    0x41, 0x80, 0x02, 0x48, 0xe0, 0x07, 0xe0, 0x07, 0xe0, 0x07, 0xe0, 0x07, 0xe0, 0x07, 0xe0, 0x07,
    0xe0, 0x07, 0xe0, 0x07, 0xe0, 0x07, 0xe0, 0x07, 0xe0, 0x07, 0xe0, 0x07, 0xe0, 0x07, 0xe0, 0x07,
    0xe0, 0x07, 0xe0, 0x07, 0xe0, 0x07, 0xe0, 0x07, 0xe0, 0x07, 0xe0, 0x07, 0xe0, 0x07, 0xe0, 0x07,
    0xe0, 0x07, 0xe0, 0x07, 0xe0, 0x07, 0xe0, 0x07, 0xe0, 0x07, 0xe0, 0x07, 0xe0, 0x07, 0xe0, 0x07,
    0xe0, 0x07, 0xe0, 0x07, 0xe0, 0x07, 0xe0, 0x07, 0xe0, 0x07, 0xe0, 0x07, 0xe0, 0x07, 0xe0, 0x07,
    0xe0, 0x07, 0xe0, 0x07, 0xe0, 0x07, 0xe0, 0x07, 0xe0, 0x07, 0x41, 0x80, 0x41, 0x80, 0x41, 0x80,
    0x41, 0x80, 0xc0, 0xc0, 0xc0, 0xc0, 0xc0, 0xc0, 0xc0, 0xc0, 0xc0, 0xc0, 0x22, 0xfd, 0x22, 0xfd,
    0x09, 0xff, 0x09, 0xff, 0x09, 0xff, 0x09, 0xff, 0x09, 0xff, 0x09, 0xff, 0x09, 0xff, 0x22, 0xfd,
    0x80, 0xe9, 0x80, 0xe9, 0x80, 0xe9, 0x80, 0xe9, 0xc0, 0xc0, 0xc0, 0xc0, 0xc0, 0xc0, 0x41, 0x80,
    0x41, 0x80, 0x41, 0x80, 0xe0, 0x07, 0xe0, 0x07, 0xe0, 0x07, 0xe0, 0x07, 0xe0, 0x07, 0xe0, 0x07,
    0xe0, 0x07, 0xe0, 0x07, 0xe0, 0x07, 0xe0, 0x07, 0xe0, 0x07, 0xe0, 0x07, 0xe0, 0x07, 0xe0, 0x07,
    0xe0, 0x07, 0xe0, 0x07, 0xe0, 0x07, 0xe0, 0x07, 0xe0, 0x07, 0xe0, 0x07, 0xe0, 0x07, 0xe0, 0x07,
    0xe0, 0x07, 0xe0, 0x07, 0xe0, 0x07, 0xe0, 0x07, 0xe0, 0x07, 0xe0, 0x07, 0xe0, 0x07, 0xe0, 0x07,
    0xe0, 0x07, 0xe0, 0x07, 0xe0, 0x07, 0xe0, 0x07, 0xe0, 0x07, 0xe0, 0x07, 0xe0, 0x07, 0xe0, 0x07,
    0xe0, 0x07, 0xe0, 0x07, 0xe0, 0x07, 0xe0, 0x07, 0xe0, 0x07, 0x41, 0x80, 0x41, 0x80, 0x41, 0x80,
    0xc0, 0xc0, 0xc0, 0xc0, 0xc0, 0xc0, 0x80, 0xe9, 0xc0, 0xc0, 0x80, 0xe9, 0x22, 0xfd, 0x09, 0xff,
    0x09, 0xff, 0x09, 0xff, 0x09, 0xff, 0x09, 0xff, 0x09, 0xff, 0x09, 0xff, 0x09, 0xff, 0x09, 0xff,
    0x22, 0xfd, 0x80, 0xe9, 0x80, 0xe9, 0x80, 0xe9, 0xc0, 0xc0, 0xc0, 0xc0, 0xc0, 0xc0, 0xc0, 0xc0,
    0x41, 0x80, 0x41, 0x80, 0xe0, 0x07, 0xe0, 0x07, 0xe0, 0x07, 0xe0, 0x07, 0xe0, 0x07, 0xe0, 0x07,
    0xe0, 0x07, 0xe0, 0x07, 0xe0, 0x07, 0xe0, 0x07, 0xe0, 0x07, 0xe0, 0x07, 0xe0, 0x07, 0xe0, 0x07,
    0xe0, 0x07, 0xe0, 0x07, 0xe0, 0x07, 0xe0, 0x07, 0xe0, 0x07, 0xe0, 0x07, 0xe0, 0x07, 0xe0, 0x07,
    0xe0, 0x07, 0xe0, 0x07, 0xe0, 0x07, 0xe0, 0x07, 0xe0, 0x07, 0xe0, 0x07, 0xe0, 0x07, 0xe0, 0x07,
    0xe0, 0x07, 0xe0, 0x07, 0xe0, 0x07, 0xe0, 0x07, 0xe0, 0x07, 0xe0, 0x07, 0xe0, 0x07, 0xe0, 0x07,
    0xe0, 0x07, 0xe0, 0x07, 0xe0, 0x07, 0xe0, 0x07, 0x02, 0x48, 0x41, 0x80, 0x41, 0x80, 0xc0, 0xc0,
    0xc0, 0xc0, 0xc0, 0xc0, 0x80, 0xe9, 0x80, 0xe9, 0xc0, 0xc0, 0x22, 0xfd, 0x22, 0xfd, 0x09, 0xff,
    0x09, 0xff, 0x09, 0xff, 0x09, 0xff, 0x09, 0xff, 0x09, 0xff, 0x09, 0xff, 0x09, 0xff, 0x09, 0xff,
    0x22, 0xfd, 0x80, 0xe9, 0x80, 0xe9, 0x80, 0xe9, 0x80, 0xe9, 0xc0, 0xc0, 0xc0, 0xc0, 0xc0, 0xc0,
    0x41, 0x80, 0x41, 0x80, 0x41, 0x80, 0xe0, 0x07, 0xe0, 0x07, 0xe0, 0x07, 0xe0, 0x07, 0xe0, 0x07,
    0xe0, 0x07, 0xe0, 0x07, 0xe0, 0x07, 0xe0, 0x07, 0xe0, 0x07, 0xe0, 0x07, 0xe0, 0x07, 0xe0, 0x07,
    0xe0, 0x07, 0xe0, 0x07, 0xe0, 0x07, 0xe0, 0x07, 0xe0, 0x07, 0xe0, 0x07, 0xe0, 0x07, 0xe0, 0x07,
    0xe0, 0x07, 0xe0, 0x07, 0xe0, 0x07, 0xe0, 0x07, 0xe0, 0x07, 0xe0, 0x07, 0xe0, 0x07, 0xe0, 0x07,
    0xe0, 0x07, 0xe0, 0x07, 0xe0, 0x07, 0xe0, 0x07, 0xe0, 0x07, 0xe0, 0x07, 0xe0, 0x07, 0xe0, 0x07,
    0xe0, 0x07, 0xe0, 0x07, 0xe0, 0x07, 0xe0, 0x07, 0x41, 0x80, 0x41, 0x80, 0x41, 0x80, 0xc0, 0xc0,
    0xc0, 0xc0, 0xc0, 0xc0, 0xc0, 0xc0, 0x80, 0xe9, 0x80, 0xe9, 0x80, 0xe9, 0x22, 0xfd, 0x09, 0xff,
    0x09, 0xff, 0x09, 0xff, 0x09, 0xff, 0x09, 0xff, 0x09, 0xff, 0x09, 0xff, 0x09, 0xff, 0x09, 0xff,
    0x22, 0xfd, 0x22, 0xfd, 0x80, 0xe9, 0x80, 0xe9, 0x80, 0xe9, 0xc0, 0xc0, 0xc0, 0xc0, 0xc0, 0xc0,
    0xc0, 0xc0, 0x41, 0x80, 0x41, 0x80, 0xe0, 0x07, 0xe0, 0x07, 0xe0, 0x07, 0xe0, 0x07, 0xe0, 0x07,
    0xe0, 0x07, 0xe0, 0x07, 0xe0, 0x07, 0xe0, 0x07, 0xe0, 0x07, 0xe0, 0x07, 0xe0, 0x07, 0xe0, 0x07,
    0xe0, 0x07, 0xe0, 0x07, 0xe0, 0x07, 0xe0, 0x07, 0xe0, 0x07, 0xe0, 0x07, 0xe0, 0x07, 0xe0, 0x07,
    0xe0, 0x07, 0xe0, 0x07, 0xe0, 0x07, 0xe0, 0x07, 0xe0, 0x07, 0xe0, 0x07, 0xe0, 0x07, 0xe0, 0x07,
    0xe0, 0x07, 0xe0, 0x07, 0xe0, 0x07, 0xe0, 0x07, 0xe0, 0x07, 0xe0, 0x07, 0xe0, 0x07, 0xe0, 0x07,
    0xe0, 0x07, 0xe0, 0x07, 0xe0, 0x07, 0xe0, 0x07, 0x41, 0x80, 0x41, 0x80, 0x41, 0x80, 0x41, 0x80,
    0x41, 0x80, 0xc0, 0xc0, 0xc0, 0xc0, 0xc0, 0xc0, 0xc0, 0xc0, 0xc0, 0xc0, 0x22, 0xfd, 0x22, 0xfd,
    0x09, 0xff, 0x09, 0xff, 0x09, 0xff, 0x09, 0xff, 0x09, 0xff, 0x09, 0xff, 0x09, 0xff, 0x09, 0xff,
    0x09, 0xff, 0x22, 0xfd, 0x22, 0xfd, 0x80, 0xe9, 0x80, 0xe9, 0x80, 0xe9, 0xc0, 0xc0, 0xc0, 0xc0,
    0xc0, 0xc0, 0x41, 0x80, 0x41, 0x80, 0x41, 0x80, 0xe0, 0x07, 0xe0, 0x07, 0xe0, 0x07, 0xe0, 0x07,
    0xe0, 0x07, 0xe0, 0x07, 0xe0, 0x07, 0xe0, 0x07, 0xe0, 0x07, 0xe0, 0x07, 0xe0, 0x07, 0xe0, 0x07,
    0xe0, 0x07, 0xe0, 0x07, 0xe0, 0x07, 0xe0, 0x07, 0xe0, 0x07, 0xe0, 0x07, 0xe0, 0x07, 0xe0, 0x07,
    0xe0, 0x07, 0xe0, 0x07, 0xe0, 0x07, 0xe0, 0x07, 0xe0, 0x07, 0xe0, 0x07, 0xe0, 0x07, 0xe0, 0x07,
    0xe0, 0x07, 0xe0, 0x07, 0xe0, 0x07, 0xe0, 0x07, 0xe0, 0x07, 0xe0, 0x07, 0xe0, 0x07, 0xe0, 0x07,
    0xe0, 0x07, 0xe0, 0x07, 0xe0, 0x07, 0xe0, 0x07, 0xe0, 0x07, 0x41, 0x80, 0x41, 0x80, 0x41, 0x80,
    0xc0, 0xc0, 0xc0, 0xc0, 0xc0, 0xc0, 0xc0, 0xc0, 0xc0, 0xc0, 0xc0, 0xc0, 0x80, 0xe9, 0x80, 0xe9,
    0x22, 0xfd, 0x09, 0xff, 0x09, 0xff, 0x09, 0xff, 0x09, 0xff, 0x09, 0xff, 0x09, 0xff, 0x09, 0xff,
    0x09, 0xff, 0x09, 0xff, 0x09, 0xff, 0x22, 0xfd, 0x40, 0xfb, 0x80, 0xe9, 0x80, 0xe9, 0x80, 0xe9,
    0xc0, 0xc0, 0xc0, 0xc0, 0xc0, 0xc0, 0x41, 0x80, 0x41, 0x80, 0xe0, 0x07, 0xe0, 0x07, 0xe0, 0x07,
    0xe0, 0x07, 0xe0, 0x07, 0xe0, 0x07, 0xe0, 0x07, 0xe0, 0x07, 0xe0, 0x07, 0xe0, 0x07, 0xe0, 0x07,
    0xe0, 0x07, 0xe0, 0x07, 0xe0, 0x07, 0xe0, 0x07, 0xe0, 0x07, 0xe0, 0x07, 0xe0, 0x07, 0xe0, 0x07,
    0xe0, 0x07, 0xe0, 0x07, 0xe0, 0x07, 0xe0, 0x07, 0xe0, 0x07, 0xe0, 0x07, 0xe0, 0x07, 0xe0, 0x07,
    0xe0, 0x07, 0xe0, 0x07, 0xe0, 0x07, 0xe0, 0x07, 0xe0, 0x07, 0xe0, 0x07, 0xe0, 0x07, 0xe0, 0x07,
    0xe0, 0x07, 0xe0, 0x07, 0xe0, 0x07, 0xe0, 0x07, 0xe0, 0x07, 0x02, 0x48, 0x02, 0x48, 0x41, 0x80,
    0x41, 0x80, 0x41, 0x80, 0x41, 0x80, 0x41, 0x80, 0xc0, 0xc0, 0xc0, 0xc0, 0xc0, 0xc0, 0x80, 0xe9,
    0x80, 0xe9, 0x22, 0xfd, 0x09, 0xff, 0x09, 0xff, 0x09, 0xff, 0x09, 0xff, 0x09, 0xff, 0x09, 0xff,
    0x09, 0xff, 0x09, 0xff, 0x09, 0xff, 0x09, 0xff, 0x09, 0xff, 0x22, 0xfd, 0x40, 0xfb, 0x80, 0xe9,
    0x80, 0xe9, 0x80, 0xe9, 0xc0, 0xc0, 0xc0, 0xc0, 0xc0, 0xc0, 0x41, 0x80, 0x41, 0x80, 0xe0, 0x07,
    0xe0, 0x07, 0xe0, 0x07, 0xe0, 0x07, 0xe0, 0x07, 0xe0, 0x07, 0xe0, 0x07, 0xe0, 0x07, 0xe0, 0x07,
    0xe0, 0x07, 0xe0, 0x07, 0xe0, 0x07, 0xe0, 0x07, 0xe0, 0x07, 0xe0, 0x07, 0xe0, 0x07, 0xe0, 0x07,
    0xe0, 0x07, 0xe0, 0x07, 0xe0, 0x07, 0xe0, 0x07, 0xe0, 0x07, 0xe0, 0x07, 0xe0, 0x07, 0xe0, 0x07,
    0xe0, 0x07, 0xe0, 0x07, 0xe0, 0x07, 0xe0, 0x07, 0xe0, 0x07, 0xe0, 0x07, 0xe0, 0x07, 0xe0, 0x07,
    0xe0, 0x07, 0xe0, 0x07, 0xe0, 0x07, 0xe0, 0x07, 0xe0, 0x07, 0xe0, 0x07, 0xe0, 0x07, 0x41, 0x80,
    0x41, 0x80, 0x41, 0x80, 0x41, 0x80, 0x41, 0x80, 0xc0, 0xc0, 0xc0, 0xc0, 0xc0, 0xc0, 0xc0, 0xc0,
    0xc0, 0xc0, 0x22, 0xfd, 0x22, 0xfd, 0x09, 0xff, 0x09, 0xff, 0x09, 0xff, 0x09, 0xff, 0x09, 0xff,
    0x09, 0xff, 0x09, 0xff, 0x09, 0xff, 0x09, 0xff, 0x09, 0xff, 0x09, 0xff, 0x09, 0xff, 0x80, 0xe9,
    0x80, 0xe9, 0x80, 0xe9, 0xc0, 0xc0, 0xc0, 0xc0, 0xc0, 0xc0, 0x41, 0x80, 0x41, 0x80, 0x02, 0x48,
    0x02, 0x48, 0xe0, 0x07, 0xe0, 0x07, 0xe0, 0x07, 0xe0, 0x07, 0xe0, 0x07, 0xe0, 0x07, 0xe0, 0x07,
    0xe0, 0x07, 0xe0, 0x07, 0xe0, 0x07, 0xe0, 0x07, 0xe0, 0x07, 0xe0, 0x07, 0xe0, 0x07, 0xe0, 0x07,
    0xe0, 0x07, 0xe0, 0x07, 0xe0, 0x07, 0xe0, 0x07, 0xe0, 0x07, 0xe0, 0x07, 0xe0, 0x07, 0xe0, 0x07,
    0xe0, 0x07, 0xe0, 0x07, 0xe0, 0x07, 0xe0, 0x07, 0xe0, 0x07, 0xe0, 0x07, 0xe0, 0x07, 0xe0, 0x07,
    0xe0, 0x07, 0xe0, 0x07, 0xe0, 0x07, 0xe0, 0x07, 0xe0, 0x07, 0xe0, 0x07, 0x41, 0x80, 0x41, 0x80,
    0x41, 0x80, 0x41, 0x80, 0x41, 0x80, 0xc0, 0xc0, 0xc0, 0xc0, 0xc0, 0xc0, 0xc0, 0xc0, 0xc0, 0xc0,
    0x80, 0xe9, 0x22, 0xfd, 0x22, 0xfd, 0x09, 0xff, 0x09, 0xff, 0x09, 0xff, 0x09, 0xff, 0x09, 0xff,
    0x09, 0xff, 0x09, 0xff, 0x09, 0xff, 0x09, 0xff, 0x09, 0xff, 0x09, 0xff, 0x22, 0xfd, 0x80, 0xe9,
    0x80, 0xe9, 0x80, 0xe9, 0x80, 0xe9, 0xc0, 0xc0, 0xc0, 0xc0, 0x41, 0x80, 0x41, 0x80, 0x41, 0x80,
    0xe0, 0x07, 0xe0, 0x07, 0xe0, 0x07, 0xe0, 0x07, 0xe0, 0x07, 0xe0, 0x07, 0xe0, 0x07, 0xe0, 0x07,
    0xe0, 0x07, 0xe0, 0x07, 0xe0, 0x07, 0xe0, 0x07, 0xe0, 0x07, 0xe0, 0x07, 0xe0, 0x07, 0xe0, 0x07,
    0xe0, 0x07, 0xe0, 0x07, 0xe0, 0x07, 0xe0, 0x07, 0xe0, 0x07, 0xe0, 0x07, 0xe0, 0x07, 0xe0, 0x07,
    0xe0, 0x07, 0xe0, 0x07, 0xe0, 0x07, 0xe0, 0x07, 0xe0, 0x07, 0xe0, 0x07, 0xe0, 0x07, 0xe0, 0x07,
    0xe0, 0x07, 0xe0, 0x07, 0xe0, 0x07, 0x02, 0x48, 0x02, 0x48, 0x41, 0x80, 0x41, 0x80, 0x41, 0x80,
    0xc0, 0xc0, 0x41, 0x80, 0xc0, 0xc0, 0xc0, 0xc0, 0xc0, 0xc0, 0xc0, 0xc0, 0x80, 0xe9, 0x80, 0xe9,
    0x22, 0xfd, 0x22, 0xfd, 0x09, 0xff, 0x09, 0xff, 0x09, 0xff, 0x09, 0xff, 0x09, 0xff, 0x09, 0xff,
    0x09, 0xff, 0x09, 0xff, 0x09, 0xff, 0x09, 0xff, 0x22, 0xfd, 0x22, 0xfd, 0x80, 0xe9, 0x80, 0xe9,
    0x80, 0xe9, 0x80, 0xe9, 0xc0, 0xc0, 0xc0, 0xc0, 0xc0, 0xc0, 0x41, 0x80, 0x02, 0x48, 0x02, 0x48,
    0xe0, 0x07, 0xe0, 0x07, 0xe0, 0x07, 0xe0, 0x07, 0xe0, 0x07, 0xe0, 0x07, 0xe0, 0x07, 0xe0, 0x07,
    0xe0, 0x07, 0xe0, 0x07, 0xe0, 0x07, 0xe0, 0x07, 0xe0, 0x07, 0xe0, 0x07, 0xe0, 0x07, 0xe0, 0x07,
    0xe0, 0x07, 0xe0, 0x07, 0xe0, 0x07, 0xe0, 0x07, 0xe0, 0x07, 0xe0, 0x07, 0xe0, 0x07, 0xe0, 0x07,
    0xe0, 0x07, 0xe0, 0x07, 0xe0, 0x07, 0xe0, 0x07, 0xe0, 0x07, 0xe0, 0x07, 0xe0, 0x07, 0xe0, 0x07,
    0xe0, 0x07, 0xe0, 0x07, 0x41, 0x80, 0x41, 0x80, 0x41, 0x80, 0x41, 0x80, 0xc0, 0xc0, 0xc0, 0xc0,
    0xc0, 0xc0, 0xc0, 0xc0, 0xc0, 0xc0, 0xc0, 0xc0, 0x80, 0xe9, 0x80, 0xe9, 0x22, 0xfd, 0x09, 0xff,
    0x09, 0xff, 0x09, 0xff, 0x09, 0xff, 0x09, 0xff, 0x09, 0xff, 0x09, 0xff, 0x09, 0xff, 0x09, 0xff,
    0x09, 0xff, 0x09, 0xff, 0x22, 0xfd, 0x22, 0xfd, 0x80, 0xe9, 0x80, 0xe9, 0x80, 0xe9, 0x80, 0xe9,
    0xc0, 0xc0, 0xc0, 0xc0, 0xc0, 0xc0, 0xc0, 0xc0, 0x41, 0x80, 0x41, 0x80, 0xe0, 0x07, 0xe0, 0x07,
    0xe0, 0x07, 0xe0, 0x07, 0xe0, 0x07, 0xe0, 0x07, 0xe0, 0x07, 0xe0, 0x07, 0xe0, 0x07, 0xe0, 0x07,
    0xe0, 0x07, 0xe0, 0x07, 0xe0, 0x07, 0xe0, 0x07, 0xe0, 0x07, 0xe0, 0x07, 0xe0, 0x07, 0xe0, 0x07,
    0xe0, 0x07, 0xe0, 0x07, 0xe0, 0x07, 0xe0, 0x07, 0xe0, 0x07, 0xe0, 0x07, 0xe0, 0x07, 0xe0, 0x07,
    0xe0, 0x07, 0xe0, 0x07, 0xe0, 0x07, 0xe0, 0x07, 0xe0, 0x07, 0xe0, 0x07, 0xe0, 0x07, 0xe0, 0x07,
    0xe0, 0x07, 0x41, 0x80, 0x41, 0x80, 0x41, 0x80, 0xc0, 0xc0, 0xc0, 0xc0, 0xc0, 0xc0, 0x80, 0xe9,
    0x80, 0xe9, 0x80, 0xe9, 0x80, 0xe9, 0x80, 0xe9, 0x22, 0xfd, 0x22, 0xfd, 0x09, 0xff, 0x09, 0xff,
    0x09, 0xff, 0x09, 0xff, 0x09, 0xff, 0x09, 0xff, 0x09, 0xff, 0x09, 0xff, 0x09, 0xff, 0x09, 0xff,
    0x09, 0xff, 0x22, 0xfd, 0x80, 0xe9, 0x80, 0xe9, 0xc0, 0xc0, 0xc0, 0xc0, 0x80, 0xe9, 0xc0, 0xc0,
    0xc0, 0xc0, 0xc0, 0xc0, 0x41, 0x80, 0x41, 0x80, 0x41, 0x80, 0xe0, 0x07, 0xe0, 0x07, 0xe0, 0x07,
    0xe0, 0x07, 0xe0, 0x07, 0xe0, 0x07, 0xe0, 0x07, 0xe0, 0x07, 0xe0, 0x07, 0xe0, 0x07, 0xe0, 0x07,
    0xe0, 0x07, 0xe0, 0x07, 0xe0, 0x07, 0xe0, 0x07, 0xe0, 0x07, 0xe0, 0x07, 0xe0, 0x07, 0xe0, 0x07,
    0xe0, 0x07, 0xe0, 0x07, 0xe0, 0x07, 0xe0, 0x07, 0xe0, 0x07, 0xe0, 0x07, 0xe0, 0x07, 0xe0, 0x07,
    0xe0, 0x07, 0xe0, 0x07, 0xe0, 0x07, 0xe0, 0x07, 0xe0, 0x07, 0xe0, 0x07, 0xe0, 0x07, 0xe0, 0x07,
    0x02, 0x48, 0x41, 0x80, 0xc0, 0xc0, 0xc0, 0xc0, 0xc0, 0xc0, 0xc0, 0xc0, 0x80, 0xe9, 0x80, 0xe9,
    0x80, 0xe9, 0x80, 0xe9, 0x22, 0xfd, 0x22, 0xfd, 0x09, 0xff, 0x09, 0xff, 0x09, 0xff, 0x09, 0xff,
    0x09, 0xff, 0x09, 0xff, 0x09, 0xff, 0x09, 0xff, 0x09, 0xff, 0x09, 0xff, 0x09, 0xff, 0x22, 0xfd,
    0x22, 0xfd, 0x80, 0xe9, 0x80, 0xe9, 0xc0, 0xc0, 0xc0, 0xc0, 0x80, 0xe9, 0xc0, 0xc0, 0xc0, 0xc0,
    0xc0, 0xc0, 0x41, 0x80, 0x41, 0x80, 0x41, 0x80, 0x02, 0x48, 0xe0, 0x07, 0xe0, 0x07, 0xe0, 0x07,
    0xe0, 0x07, 0xe0, 0x07, 0xe0, 0x07, 0xe0, 0x07, 0xe0, 0x07, 0xe0, 0x07, 0xe0, 0x07, 0xe0, 0x07,
    0xe0, 0x07, 0xe0, 0x07, 0xe0, 0x07, 0xe0, 0x07, 0xe0, 0x07, 0xe0, 0x07, 0xe0, 0x07, 0xe0, 0x07,
    0xe0, 0x07, 0xe0, 0x07, 0xe0, 0x07, 0xe0, 0x07, 0xe0, 0x07, 0xe0, 0x07, 0xe0, 0x07, 0xe0, 0x07,
    0xe0, 0x07, 0xe0, 0x07, 0xe0, 0x07, 0xe0, 0x07, 0xe0, 0x07, 0xe0, 0x07, 0xe0, 0x07, 0x02, 0x48,
    0x41, 0x80, 0x41, 0x80, 0xc0, 0xc0, 0xc0, 0xc0, 0xc0, 0xc0, 0x80, 0xe9, 0x80, 0xe9, 0x80, 0xe9,
    0x80, 0xe9, 0x22, 0xfd, 0x22, 0xfd, 0x09, 0xff, 0x09, 0xff, 0x09, 0xff, 0x09, 0xff, 0x09, 0xff,
    0x09, 0xff, 0x09, 0xff, 0x09, 0xff, 0x09, 0xff, 0x09, 0xff, 0x09, 0xff, 0x22, 0xfd, 0x22, 0xfd,
    0x80, 0xe9, 0xc0, 0xc0, 0xc0, 0xc0, 0xc0, 0xc0, 0x80, 0xe9, 0xc0, 0xc0, 0xc0, 0xc0, 0xc0, 0xc0,
    0xc0, 0xc0, 0xc0, 0xc0, 0x41, 0x80, 0x41, 0x80, 0x41, 0x80, 0xe0, 0x07, 0xe0, 0x07, 0xe0, 0x07,
    0xe0, 0x07, 0xe0, 0x07, 0xe0, 0x07, 0xe0, 0x07, 0xe0, 0x07, 0xe0, 0x07, 0xe0, 0x07, 0xe0, 0x07,
    0xe0, 0x07, 0xe0, 0x07, 0xe0, 0x07, 0xe0, 0x07, 0xe0, 0x07, 0xe0, 0x07, 0xe0, 0x07, 0xe0, 0x07,
    0xe0, 0x07, 0xe0, 0x07, 0xe0, 0x07, 0xe0, 0x07, 0xe0, 0x07, 0xe0, 0x07, 0xe0, 0x07, 0xe0, 0x07,
    0xe0, 0x07, 0xe0, 0x07, 0xe0, 0x07, 0xe0, 0x07, 0xe0, 0x07, 0xe0, 0x07, 0xe0, 0x07, 0x41, 0x80,
    0x41, 0x80, 0x41, 0x80, 0x41, 0x80, 0xc0, 0xc0, 0xc0, 0xc0, 0x80, 0xe9, 0x80, 0xe9, 0x80, 0xe9,
    0x80, 0xe9, 0x80, 0xe9, 0x22, 0xfd, 0x22, 0xfd, 0x09, 0xff, 0x09, 0xff, 0x09, 0xff, 0x09, 0xff,
    0x09, 0xff, 0x09, 0xff, 0x09, 0xff, 0x09, 0xff, 0x09, 0xff, 0x09, 0xff, 0x09, 0xff, 0x22, 0xfd,
    0x22, 0xfd, 0x80, 0xe9, 0xc0, 0xc0, 0xc0, 0xc0, 0x80, 0xe9, 0xc0, 0xc0, 0xc0, 0xc0, 0xc0, 0xc0,
    0xc0, 0xc0, 0xc0, 0xc0, 0x41, 0x80, 0x41, 0x80, 0xe0, 0x07, 0xe0, 0x07, 0xe0, 0x07, 0xe0, 0x07,
    0xe0, 0x07, 0xe0, 0x07, 0xe0, 0x07, 0xe0, 0x07, 0xe0, 0x07, 0xe0, 0x07, 0xe0, 0x07, 0xe0, 0x07,
    0xe0, 0x07, 0xe0, 0x07, 0xe0, 0x07, 0xe0, 0x07, 0xe0, 0x07, 0xe0, 0x07, 0xe0, 0x07, 0xe0, 0x07,
    0xe0, 0x07, 0xe0, 0x07, 0xe0, 0x07, 0xe0, 0x07, 0xe0, 0x07, 0xe0, 0x07, 0xe0, 0x07, 0xe0, 0x07,
    0xe0, 0x07, 0xe0, 0x07, 0xe0, 0x07, 0xe0, 0x07, 0xe0, 0x07, 0xe0, 0x07, 0xe0, 0x07, 0x02, 0x48,
    0x41, 0x80, 0x41, 0x80, 0x41, 0x80, 0xc0, 0xc0, 0xc0, 0xc0, 0xc0, 0xc0, 0x80, 0xe9, 0x80, 0xe9,
    0x80, 0xe9, 0x40, 0xfb, 0x09, 0xff, 0x22, 0xfd, 0x09, 0xff, 0x09, 0xff, 0x09, 0xff, 0x09, 0xff,
    0x09, 0xff, 0x09, 0xff, 0x09, 0xff, 0x09, 0xff, 0x09, 0xff, 0x09, 0xff, 0x09, 0xff, 0x09, 0xff,
    0x22, 0xfd, 0x22, 0xfd, 0x80, 0xe9, 0x80, 0xe9, 0x80, 0xe9, 0x80, 0xe9, 0x80, 0xe9, 0xc0, 0xc0,
    0xc0, 0xc0, 0xc0, 0xc0, 0x41, 0x80, 0x41, 0x80, 0xe0, 0x07, 0xe0, 0x07, 0xe0, 0x07, 0xe0, 0x07,
    0xe0, 0x07, 0xe0, 0x07, 0xe0, 0x07, 0xe0, 0x07, 0xe0, 0x07, 0xe0, 0x07, 0xe0, 0x07, 0xe0, 0x07,
    0xe0, 0x07, 0xe0, 0x07, 0xe0, 0x07, 0xe0, 0x07, 0xe0, 0x07, 0xe0, 0x07, 0xe0, 0x07, 0xe0, 0x07,
    0xe0, 0x07, 0xe0, 0x07, 0xe0, 0x07, 0xe0, 0x07, 0xe0, 0x07, 0xe0, 0x07, 0xe0, 0x07, 0xe0, 0x07,
    0xe0, 0x07, 0xe0, 0x07, 0xe0, 0x07, 0xe0, 0x07, 0xe0, 0x07, 0xe0, 0x07, 0xe0, 0x07, 0xe0, 0x07,
    0x02, 0x48, 0x41, 0x80, 0x41, 0x80, 0x41, 0x80, 0xc0, 0xc0, 0xc0, 0xc0, 0x80, 0xe9, 0x80, 0xe9,
    0x80, 0xe9, 0x80, 0xe9, 0x80, 0xe9, 0x09, 0xff, 0x22, 0xfd, 0x09, 0xff, 0x09, 0xff, 0x09, 0xff,
    0x09, 0xff, 0x09, 0xff, 0x09, 0xff, 0x09, 0xff, 0x09, 0xff, 0x09, 0xff, 0x09, 0xff, 0x09, 0xff,
    0x09, 0xff, 0x22, 0xfd, 0x09, 0xff, 0x80, 0xe9, 0x80, 0xe9, 0x80, 0xe9, 0x80, 0xe9, 0x80, 0xe9,
    0xc0, 0xc0, 0xc0, 0xc0, 0xc0, 0xc0, 0x41, 0x80, 0x41, 0x80, 0x02, 0x48, 0xe0, 0x07, 0xe0, 0x07,
    0xe0, 0x07, 0xe0, 0x07, 0xe0, 0x07, 0xe0, 0x07, 0xe0, 0x07, 0xe0, 0x07, 0xe0, 0x07, 0xe0, 0x07,
    0xe0, 0x07, 0xe0, 0x07, 0xe0, 0x07, 0xe0, 0x07, 0xe0, 0x07, 0xe0, 0x07, 0xe0, 0x07, 0xe0, 0x07,
    0xe0, 0x07, 0xe0, 0x07, 0xe0, 0x07, 0xe0, 0x07, 0xe0, 0x07, 0xe0, 0x07, 0xe0, 0x07, 0xe0, 0x07,
    0xe0, 0x07, 0xe0, 0x07, 0xe0, 0x07, 0xe0, 0x07, 0xe0, 0x07, 0xe0, 0x07, 0xe0, 0x07, 0xe0, 0x07,
    0x41, 0x80, 0x41, 0x80, 0x41, 0x80, 0x41, 0x80, 0x41, 0x80, 0x80, 0xe9, 0x80, 0xe9, 0x80, 0xe9,
    0x80, 0xe9, 0x80, 0xe9, 0x40, 0xfb, 0x09, 0xff, 0x09, 0xff, 0x09, 0xff, 0x09, 0xff, 0x09, 0xff,
    0x09, 0xff, 0x09, 0xff, 0x09, 0xff, 0x09, 0xff, 0x09, 0xff, 0x09, 0xff, 0x09, 0xff, 0x09, 0xff,
    0x09, 0xff, 0x22, 0xfd, 0x09, 0xff, 0x80, 0xe9, 0x40, 0xfb, 0x80, 0xe9, 0x80, 0xe9, 0x80, 0xe9,
    0xc0, 0xc0, 0xc0, 0xc0, 0x41, 0x80, 0x41, 0x80, 0x41, 0x80, 0x02, 0x48, 0x02, 0x48, 0xe0, 0x07,
    0xe0, 0x07, 0xe0, 0x07, 0xe0, 0x07, 0xe0, 0x07, 0xe0, 0x07, 0xe0, 0x07, 0xe0, 0x07, 0xe0, 0x07,
    0xe0, 0x07, 0xe0, 0x07, 0xe0, 0x07, 0xe0, 0x07, 0xe0, 0x07, 0xe0, 0x07, 0xe0, 0x07, 0xe0, 0x07,
    0xe0, 0x07, 0xe0, 0x07, 0xe0, 0x07, 0xe0, 0x07, 0xe0, 0x07, 0xe0, 0x07, 0xe0, 0x07, 0xe0, 0x07,
    0xe0, 0x07, 0xe0, 0x07, 0xe0, 0x07, 0xe0, 0x07, 0xe0, 0x07, 0xe0, 0x07, 0xe0, 0x07, 0x41, 0x80,
    0x41, 0x80, 0x41, 0x80, 0x41, 0x80, 0x41, 0x80, 0xc0, 0xc0, 0xc0, 0xc0, 0x80, 0xe9, 0x80, 0xe9,
    0x80, 0xe9, 0x80, 0xe9, 0x40, 0xfb, 0x09, 0xff, 0x09, 0xff, 0x09, 0xff, 0x09, 0xff, 0x09, 0xff,
    0x09, 0xff, 0x09, 0xff, 0x09, 0xff, 0x09, 0xff, 0x09, 0xff, 0x09, 0xff, 0x09, 0xff, 0x09, 0xff,
    0x09, 0xff, 0x09, 0xff, 0x09, 0xff, 0x40, 0xfb, 0x80, 0xe9, 0x80, 0xe9, 0x80, 0xe9, 0x80, 0xe9,
    0xc0, 0xc0, 0x41, 0x80, 0x41, 0x80, 0x41, 0x80, 0x41, 0x80, 0x02, 0x48, 0x02, 0x48, 0xe0, 0x07,
    0xe0, 0x07, 0xe0, 0x07, 0xe0, 0x07, 0xe0, 0x07, 0xe0, 0x07, 0xe0, 0x07, 0xe0, 0x07, 0xe0, 0x07,
    0xe0, 0x07, 0xe0, 0x07, 0xe0, 0x07, 0xe0, 0x07, 0xe0, 0x07, 0xe0, 0x07, 0xe0, 0x07, 0xe0, 0x07,
    0xe0, 0x07, 0xe0, 0x07, 0xe0, 0x07, 0xe0, 0x07, 0xe0, 0x07, 0xe0, 0x07, 0xe0, 0x07, 0xe0, 0x07,
    0xe0, 0x07, 0xe0, 0x07, 0xe0, 0x07, 0xe0, 0x07, 0xe0, 0x07, 0xe0, 0x07, 0xe0, 0x07, 0x41, 0x80,
    0x41, 0x80, 0x41, 0x80, 0x41, 0x80, 0x41, 0x80, 0xc0, 0xc0, 0xc0, 0xc0, 0x80, 0xe9, 0x80, 0xe9,
    0x80, 0xe9, 0x40, 0xfb, 0x22, 0xfd, 0x09, 0xff, 0x09, 0xff, 0x09, 0xff, 0x09, 0xff, 0x09, 0xff,
    0x09, 0xff, 0x09, 0xff, 0x09, 0xff, 0x09, 0xff, 0x09, 0xff, 0x09, 0xff, 0x09, 0xff, 0x09, 0xff,
    0x09, 0xff, 0x09, 0xff, 0x09, 0xff, 0x40, 0xfb, 0x80, 0xe9, 0x80, 0xe9, 0x80, 0xe9, 0x80, 0xe9,
    0x80, 0xe9, 0x41, 0x80, 0x41, 0x80, 0x41, 0x80, 0x41, 0x80, 0x41, 0x80, 0x02, 0x48, 0xe0, 0x07,
    0xe0, 0x07, 0xe0, 0x07, 0xe0, 0x07, 0xe0, 0x07, 0xe0, 0x07, 0xe0, 0x07, 0xe0, 0x07, 0xe0, 0x07,
    0xe0, 0x07, 0xe0, 0x07, 0xe0, 0x07, 0xe0, 0x07, 0xe0, 0x07, 0xe0, 0x07, 0xe0, 0x07, 0xe0, 0x07,
    0xe0, 0x07, 0xe0, 0x07, 0xe0, 0x07, 0xe0, 0x07, 0xe0, 0x07, 0xe0, 0x07, 0xe0, 0x07, 0xe0, 0x07,
    0xe0, 0x07, 0xe0, 0x07, 0xe0, 0x07, 0xe0, 0x07, 0xe0, 0x07, 0xe0, 0x07, 0x02, 0x48, 0x02, 0x48,
    0x02, 0x48, 0x41, 0x80, 0x41, 0x80, 0xc0, 0xc0, 0xc0, 0xc0, 0xc0, 0xc0, 0xc0, 0xc0, 0x80, 0xe9,
    0x80, 0xe9, 0x80, 0xe9, 0x22, 0xfd, 0x09, 0xff, 0x09, 0xff, 0x09, 0xff, 0x09, 0xff, 0x09, 0xff,
    0x09, 0xff, 0x09, 0xff, 0x09, 0xff, 0x09, 0xff, 0x09, 0xff, 0x09, 0xff, 0x09, 0xff, 0x09, 0xff,
    0x09, 0xff, 0x09, 0xff, 0x09, 0xff, 0x40, 0xfb, 0x80, 0xe9, 0x80, 0xe9, 0x80, 0xe9, 0x80, 0xe9,
    0xc0, 0xc0, 0x41, 0x80, 0x41, 0x80, 0x41, 0x80, 0x41, 0x80, 0x41, 0x80, 0xe0, 0x07, 0x02, 0x48,
    0xe0, 0x07, 0xe0, 0x07, 0xe0, 0x07, 0xe0, 0x07, 0xe0, 0x07, 0xe0, 0x07, 0xe0, 0x07, 0xe0, 0x07,
    0xe0, 0x07, 0xe0, 0x07, 0xe0, 0x07, 0xe0, 0x07, 0xe0, 0x07, 0xe0, 0x07, 0xe0, 0x07, 0xe0, 0x07,
    0xe0, 0x07, 0xe0, 0x07, 0xe0, 0x07, 0xe0, 0x07, 0xe0, 0x07, 0xe0, 0x07, 0xe0, 0x07, 0xe0, 0x07,
    0xe0, 0x07, 0xe0, 0x07, 0xe0, 0x07, 0xe0, 0x07, 0xe0, 0x07, 0xe0, 0x07, 0xe0, 0x07, 0xe0, 0x07,
    0x41, 0x80, 0x41, 0x80, 0x41, 0x80, 0x41, 0x80, 0x41, 0x80, 0xc0, 0xc0, 0xc0, 0xc0, 0xc0, 0xc0,
    0x80, 0xe9, 0x80, 0xe9, 0x40, 0xfb, 0x09, 0xff, 0x09, 0xff, 0x09, 0xff, 0x09, 0xff, 0x09, 0xff,
    0x09, 0xff, 0x09, 0xff, 0x09, 0xff, 0x09, 0xff, 0x09, 0xff, 0x09, 0xff, 0x09, 0xff, 0x09, 0xff,
    0x09, 0xff, 0x09, 0xff, 0x09, 0xff, 0x09, 0xff, 0x40, 0xfb, 0x80, 0xe9, 0x80, 0xe9, 0xc0, 0xc0,
    0xc0, 0xc0, 0xc0, 0xc0, 0xc0, 0xc0, 0x41, 0x80, 0x41, 0x80, 0x41, 0x80, 0x41, 0x80, 0x02, 0x48,
    0xe0, 0x07, 0xe0, 0x07, 0xe0, 0x07, 0xe0, 0x07, 0xe0, 0x07, 0xe0, 0x07, 0xe0, 0x07, 0xe0, 0x07,
    0xe0, 0x07, 0xe0, 0x07, 0xe0, 0x07, 0xe0, 0x07, 0xe0, 0x07, 0xe0, 0x07, 0xe0, 0x07, 0xe0, 0x07,
    0xe0, 0x07, 0xe0, 0x07, 0xe0, 0x07, 0xe0, 0x07, 0xe0, 0x07, 0xe0, 0x07, 0xe0, 0x07, 0xe0, 0x07,
    0xe0, 0x07, 0xe0, 0x07, 0xe0, 0x07, 0xe0, 0x07, 0xe0, 0x07, 0xe0, 0x07, 0xe0, 0x07, 0x02, 0x48,
    0x02, 0x48, 0x02, 0x48, 0x41, 0x80, 0x41, 0x80, 0x41, 0x80, 0x41, 0x80, 0x41, 0x80, 0xc0, 0xc0,
    0x80, 0xe9, 0x80, 0xe9, 0x80, 0xe9, 0x80, 0xe9, 0x09, 0xff, 0x09, 0xff, 0x09, 0xff, 0x09, 0xff,
    0x09, 0xff, 0x09, 0xff, 0x09, 0xff, 0x09, 0xff, 0x09, 0xff, 0x09, 0xff, 0x09, 0xff, 0x09, 0xff,
    0x09, 0xff, 0x09, 0xff, 0x09, 0xff, 0x09, 0xff, 0x09, 0xff, 0x09, 0xff, 0x40, 0xfb, 0xc0, 0xc0,
    0x80, 0xe9, 0xc0, 0xc0, 0xc0, 0xc0, 0xc0, 0xc0, 0x41, 0x80, 0x41, 0x80, 0x41, 0x80, 0x41, 0x80,
    0x41, 0x80, 0x02, 0x48, 0xe0, 0x07, 0xe0, 0x07, 0xe0, 0x07, 0xe0, 0x07, 0xe0, 0x07, 0xe0, 0x07,
    0xe0, 0x07, 0xe0, 0x07, 0xe0, 0x07, 0xe0, 0x07, 0xe0, 0x07, 0xe0, 0x07, 0xe0, 0x07, 0xe0, 0x07,
    0xe0, 0x07, 0xe0, 0x07, 0xe0, 0x07, 0xe0, 0x07, 0xe0, 0x07, 0xe0, 0x07, 0xe0, 0x07, 0xe0, 0x07,
    0xe0, 0x07, 0xe0, 0x07, 0xe0, 0x07, 0xe0, 0x07, 0xe0, 0x07, 0xe0, 0x07, 0xe0, 0x07, 0xe0, 0x07,
    0xe0, 0x07, 0x02, 0x48, 0x41, 0x80, 0x41, 0x80, 0x41, 0x80, 0x41, 0x80, 0xc0, 0xc0, 0xc0, 0xc0,
    0xc0, 0xc0, 0x80, 0xe9, 0x80, 0xe9, 0x80, 0xe9, 0x80, 0xe9, 0x80, 0xe9, 0x09, 0xff, 0x09, 0xff,
    0x09, 0xff, 0x09, 0xff, 0x09, 0xff, 0x09, 0xff, 0x09, 0xff, 0x09, 0xff, 0x09, 0xff, 0x09, 0xff,
    0x09, 0xff, 0x09, 0xff, 0x09, 0xff, 0x09, 0xff, 0x09, 0xff, 0x09, 0xff, 0x09, 0xff, 0x80, 0xe9,
    0x80, 0xe9, 0xc0, 0xc0, 0xc0, 0xc0, 0xc0, 0xc0, 0xc0, 0xc0, 0xc0, 0xc0, 0x41, 0x80, 0x41, 0x80,
    0x41, 0x80, 0x41, 0x80, 0x41, 0x80, 0x02, 0x48, 0xe0, 0x07, 0xe0, 0x07, 0xe0, 0x07, 0xe0, 0x07,
    0xe0, 0x07, 0xe0, 0x07, 0xe0, 0x07, 0xe0, 0x07, 0xe0, 0x07, 0xe0, 0x07, 0xe0, 0x07, 0xe0, 0x07,
    0xe0, 0x07, 0xe0, 0x07, 0xe0, 0x07, 0xe0, 0x07, 0xe0, 0x07, 0xe0, 0x07, 0xe0, 0x07, 0xe0, 0x07,
    0xe0, 0x07, 0xe0, 0x07, 0xe0, 0x07, 0xe0, 0x07, 0xe0, 0x07, 0xe0, 0x07, 0xe0, 0x07, 0xe0, 0x07,
    0xe0, 0x07, 0xe0, 0x07, 0xe0, 0x07, 0x41, 0x80, 0x41, 0x80, 0x41, 0x80, 0x41, 0x80, 0x41, 0x80,
    0x80, 0xe9, 0x80, 0xe9, 0x80, 0xe9, 0x80, 0xe9, 0x80, 0xe9, 0x40, 0xfb, 0x40, 0xfb, 0x40, 0xfb,
    0x80, 0xe9, 0x80, 0xe9, 0x40, 0xfb, 0x40, 0xfb, 0x40, 0xfb, 0x40, 0xfb, 0x40, 0xfb, 0x40, 0xfb,
    0x40, 0xfb, 0x40, 0xfb, 0x40, 0xfb, 0x40, 0xfb, 0x40, 0xfb, 0x40, 0xfb, 0x40, 0xfb, 0x80, 0xe9,
    0x80, 0xe9, 0xc0, 0xc0, 0x80, 0xe9, 0xc0, 0xc0, 0xc0, 0xc0, 0xc0, 0xc0, 0x41, 0x80, 0xc0, 0xc0,
    0x41, 0x80, 0x41, 0x80, 0x41, 0x80, 0x02, 0x48, 0x41, 0x80, 0xe0, 0x07, 0xe0, 0x07, 0xe0, 0x07,
    0xe0, 0x07, 0xe0, 0x07, 0xe0, 0x07, 0xe0, 0x07, 0xe0, 0x07, 0xe0, 0x07, 0xe0, 0x07, 0xe0, 0x07,
    0xe0, 0x07, 0xe0, 0x07, 0xe0, 0x07, 0xe0, 0x07, 0xe0, 0x07, 0xe0, 0x07, 0xe0, 0x07, 0xe0, 0x07,
    0xe0, 0x07, 0xe0, 0x07, 0xe0, 0x07, 0xe0, 0x07, 0xe0, 0x07, 0xe0, 0x07, 0xe0, 0x07, 0xe0, 0x07,
    0xe0, 0x07, 0xe0, 0x07, 0x41, 0x80, 0x41, 0x80, 0x41, 0x80, 0x41, 0x80, 0x41, 0x80, 0xc0, 0xc0,
    0xc0, 0xc0, 0xc0, 0xc0, 0x80, 0xe9, 0x80, 0xe9, 0x80, 0xe9, 0x80, 0xe9, 0x80, 0xe9, 0x40, 0xfb,
    0x80, 0xe9, 0x80, 0xe9, 0x40, 0xfb, 0x40, 0xfb, 0x40, 0xfb, 0x40, 0xfb, 0x40, 0xfb, 0x40, 0xfb,
    0x40, 0xfb, 0x40, 0xfb, 0x40, 0xfb, 0x40, 0xfb, 0x40, 0xfb, 0x40, 0xfb, 0x40, 0xfb, 0x80, 0xe9,
    0x80, 0xe9, 0x80, 0xe9, 0x80, 0xe9, 0xc0, 0xc0, 0xc0, 0xc0, 0xc0, 0xc0, 0xc0, 0xc0, 0xc0, 0xc0,
    0x41, 0x80, 0x41, 0x80, 0x41, 0x80, 0x41, 0x80, 0x41, 0x80, 0xe0, 0x07, 0x02, 0x48, 0xe0, 0x07,
    0xe0, 0x07, 0xe0, 0x07, 0xe0, 0x07, 0xe0, 0x07, 0xe0, 0x07, 0xe0, 0x07, 0xe0, 0x07, 0xe0, 0x07,
    0xe0, 0x07, 0xe0, 0x07, 0xe0, 0x07, 0xe0, 0x07, 0xe0, 0x07, 0xe0, 0x07, 0xe0, 0x07, 0xe0, 0x07,
    0xe0, 0x07, 0xe0, 0x07, 0xe0, 0x07, 0xe0, 0x07, 0xe0, 0x07, 0xe0, 0x07, 0xe0, 0x07, 0xe0, 0x07,
    0xe0, 0x07, 0xe0, 0x07, 0x41, 0x80, 0x41, 0x80, 0x41, 0x80, 0x41, 0x80, 0x41, 0x80, 0xc0, 0xc0,
    0xc0, 0xc0, 0x80, 0xe9, 0x80, 0xe9, 0x80, 0xe9, 0x40, 0xfb, 0x40, 0xfb, 0x40, 0xfb, 0x80, 0xe9,
    0x80, 0xe9, 0x40, 0xfb, 0x40, 0xfb, 0x40, 0xfb, 0x40, 0xfb, 0x40, 0xfb, 0x40, 0xfb, 0x40, 0xfb,
    0x40, 0xfb, 0x40, 0xfb, 0x40, 0xfb, 0x40, 0xfb, 0x40, 0xfb, 0x40, 0xfb, 0x40, 0xfb, 0x80, 0xe9,
    0x80, 0xe9, 0x80, 0xe9, 0xc0, 0xc0, 0xc0, 0xc0, 0xc0, 0xc0, 0xc0, 0xc0, 0xc0, 0xc0, 0x41, 0x80,
    0x41, 0x80, 0x41, 0x80, 0x41, 0x80, 0x41, 0x80, 0x02, 0x48, 0x02, 0x48, 0xe0, 0x07, 0xe0, 0x07,
    0xe0, 0x07, 0xe0, 0x07, 0xe0, 0x07, 0xe0, 0x07, 0xe0, 0x07, 0xe0, 0x07, 0xe0, 0x07, 0xe0, 0x07,
};

const lv_img_dsc_t bongo_fire_0 = {
    .header.cf = LV_IMG_CF_TRUE_COLOR_CHROMA_KEYED,
    .header.always_zero = 0,
    .header.reserved = 0,
    .header.w = 72,
    .header.h = 52,
    .data_size = sizeof(bongo_fire_0_map),
    .data = bongo_fire_0_map,
};

static const uint8_t bongo_fire_1_map[] = {
    0xe0, 0x07, 0xe0, 0x07, 0xe0, 0x07, 0xe0, 0x07, 0xe0, 0x07, 0xe0, 0x07, 0xe0, 0x07, 0xe0, 0x07,
    0xe0, 0x07, 0xe0, 0x07, 0xe0, 0x07, 0xe0, 0x07, 0xe0, 0x07, 0xe0, 0x07, 0xe0, 0x07, 0xe0, 0x07,
    0xe0, 0x07, 0xe0, 0x07, 0xe0, 0x07, 0xe0, 0x07, 0xe0, 0x07, 0xe0, 0x07, 0xe0, 0x07, 0xe0, 0x07,
    0xe0, 0x07, 0xe0, 0x07, 0xe0, 0x07, 0xe0, 0x07, 0xe0, 0x07, 0xe0, 0x07, 0xe0, 0x07, 0xe0, 0x07,
    0x40, 0xfb, 0xe0, 0x07, 0xe0, 0x07, 0xe0, 0x07, 0xe0, 0x07, 0xe0, 0x07, 0xe0, 0x07, 0xe0, 0x07,
    0xe0, 0x07, 0xe0, 0x07, 0xe0, 0x07, 0xe0, 0x07, 0xe0, 0x07, 0xe0, 0x07, 0xe0, 0x07, 0xe0, 0x07,
    0xe0, 0x07, 0xe0, 0x07, 0xe0, 0x07, 0xe0, 0x07, 0xe0, 0x07, 0xe0, 0x07, 0xe0, 0x07, 0xe0, 0x07,
    0xe0, 0x07, 0xe0, 0x07, 0xe0, 0x07, 0xe0, 0x07, 0xe0, 0x07, 0xe0, 0x07, 0xe0, 0x07, 0xe0, 0x07,
    0xe0, 0x07, 0xe0, 0x07, 0xe0, 0x07, 0xe0, 0x07, 0xe0, 0x07, 0xe0, 0x07, 0xe0, 0x07, 0xe0, 0x07,
    0xe0, 0x07, 0xe0, 0x07, 0xe0, 0x07, 0xe0, 0x07, 0xe0, 0x07, 0xe0, 0x07, 0xe0, 0x07, 0xe0, 0x07,
    0xe0, 0x07, 0xe0, 0x07, 0xe0, 0x07, 0xe0, 0x07, 0xe0, 0x07, 0xe0, 0x07, 0xe0, 0x07, 0xe0, 0x07,
    0xe0, 0x07, 0xe0, 0x07, 0xe0, 0x07, 0xe0, 0x07, 0xe0, 0x07, 0xe0, 0x07, 0xe0, 0x07, 0xe0, 0x07,
    0xe0, 0x07, 0xe0, 0x07, 0xe0, 0x07, 0xe0, 0x07, 0xe0, 0x07, 0xe0, 0x07, 0x41, 0x80, 0x80, 0xe9,
    0x40, 0xfb, 0xc0, 0xc0, 0x02, 0x48, 0xe0, 0x07, 0xe0, 0x07, 0xe0, 0x07, 0xe0, 0x07, 0xe0, 0x07,
    0xe0, 0x07, 0xe0, 0x07, 0xe0, 0x07, 0xe0, 0x07, 0xe0, 0x07, 0xe0, 0x07, 0xe0, 0x07, 0xe0, 0x07,
    0xe0, 0x07, 0xe0, 0x07, 0xe0, 0x07, 0xe0, 0x07, 0xe0, 0x07, 0xe0, 0x07, 0xe0, 0x07, 0xe0, 0x07,
    0xe0, 0x07, 0xe0, 0x07, 0xe0, 0x07, 0xe0, 0x07, 0xe0, 0x07, 0xe0, 0x07, 0xe0, 0x07, 0xe0, 0x07,
    0xe0, 0x07, 0xe0, 0x07, 0xe0, 0x07, 0xe0, 0x07, 0xe0, 0x07, 0xe0, 0x07, 0xe0, 0x07, 0xe0, 0x07,
    0xe0, 0x07, 0xe0, 0x07, 0xe0, 0x07, 0xe0, 0x07, 0xe0, 0x07, 0xe0, 0x07, 0xe0, 0x07, 0xe0, 0x07,
    0xe0, 0x07, 0xe0, 0x07, 0xe0, 0x07, 0xe0, 0x07, 0xe0, 0x07, 0xe0, 0x07, 0xe0, 0x07, 0xe0, 0x07,
    0xe0, 0x07, 0xe0, 0x07, 0xe0, 0x07, 0xe0, 0x07, 0xe0, 0x07, 0xe0, 0x07, 0xe0, 0x07, 0xe0, 0x07,
    0xe0, 0x07, 0xe0, 0x07, 0xe0, 0x07, 0xe0, 0x07, 0xe0, 0x07, 0xe0, 0x07, 0x41, 0x80, 0x80, 0xe9,
    0x40, 0xfb, 0x40, 0xfb, 0xc0, 0xc0, 0x41, 0x80, 0xe0, 0x07, 0xe0, 0x07, 0xe0, 0x07, 0xe0, 0x07,
    0xe0, 0x07, 0xe0, 0x07, 0xe0, 0x07, 0xe0, 0x07, 0xe0, 0x07, 0xe0, 0x07, 0xe0, 0x07, 0xe0, 0x07,
    0xe0, 0x07, 0xe0, 0x07, 0xe0, 0x07, 0xe0, 0x07, 0xe0, 0x07, 0xe0, 0x07, 0xe0, 0x07, 0xe0, 0x07,
    0xe0, 0x07, 0xe0, 0x07, 0xe0, 0x07, 0xe0, 0x07, 0xe0, 0x07, 0xe0, 0x07, 0xe0, 0x07, 0xe0, 0x07,
    0xe0, 0x07, 0xe0, 0x07, 0xe0, 0x07, 0xe0, 0x07, 0xe0, 0x07, 0xe0, 0x07, 0xe0, 0x07, 0xe0, 0x07,
    0xe0, 0x07, 0xe0, 0x07, 0xe0, 0x07, 0xe0, 0x07, 0xe0, 0x07, 0xe0, 0x07, 0xe0, 0x07, 0xe0, 0x07,
    0xe0, 0x07, 0xe0, 0x07, 0xe0, 0x07, 0xe0, 0x07, 0xe0, 0x07, 0xe0, 0x07, 0xe0, 0x07, 0xe0, 0x07,
    0xe0, 0x07, 0xe0, 0x07, 0xe0, 0x07, 0xe0, 0x07, 0xe0, 0x07, 0xe0, 0x07, 0xe0, 0x07, 0xe0, 0x07,
    0xe0, 0x07, 0xe0, 0x07, 0xe0, 0x07, 0xe0, 0x07, 0xe0, 0x07, 0xe0, 0x07, 0xe0, 0x07, 0x41, 0x80,
    0xc0, 0xc0, 0x80, 0xe9, 0x80, 0xe9, 0x80, 0xe9, 0xc0, 0xc0, 0x02, 0x48, 0xe0, 0x07, 0xe0, 0x07,
    0xe0, 0x07, 0xe0, 0x07, 0xe0, 0x07, 0xe0, 0x07, 0xe0, 0x07, 0xe0, 0x07, 0xe0, 0x07, 0xe0, 0x07,
    0xe0, 0x07, 0xe0, 0x07, 0xe0, 0x07, 0xe0, 0x07, 0xe0, 0x07, 0xe0, 0x07, 0xe0, 0x07, 0xe0, 0x07,
    0xe0, 0x07, 0xe0, 0x07, 0xe0, 0x07, 0xe0, 0x07, 0xe0, 0x07, 0xe0, 0x07, 0xe0, 0x07, 0xe0, 0x07,
    0xe0, 0x07, 0xe0, 0x07, 0xe0, 0x07, 0xe0, 0x07, 0xe0, 0x07, 0xe0, 0x07, 0xe0, 0x07, 0xe0, 0x07,
    0xe0, 0x07, 0xe0, 0x07, 0xe0, 0x07, 0xe0, 0x07, 0xe0, 0x07, 0xe0, 0x07, 0xe0, 0x07, 0xe0, 0x07,
    0xe0, 0x07, 0xe0, 0x07, 0xe0, 0x07, 0xe0, 0x07, 0xe0, 0x07, 0xe0, 0x07, 0xe0, 0x07, 0xe0, 0x07,
    0xe0, 0x07, 0xe0, 0x07, 0xe0, 0x07, 0xe0, 0x07, 0xe0, 0x07, 0xe0, 0x07, 0xe0, 0x07, 0xe0, 0x07,
    0xe0, 0x07, 0xe0, 0x07, 0xe0, 0x07, 0xe0, 0x07, 0xe0, 0x07, 0xe0, 0x07, 0xe0, 0x07, 0xe0, 0x07,
    0x41, 0x80, 0xc0, 0xc0, 0x80, 0xe9, 0x80, 0xe9, 0xc0, 0xc0, 0x41, 0x80, 0x41, 0x80, 0xe0, 0x07,
    0xe0, 0x07, 0xe0, 0x07, 0xe0, 0x07, 0xe0, 0x07, 0xe0, 0x07, 0xe0, 0x07, 0xe0, 0x07, 0xe0, 0x07,
    0xe0, 0x07, 0xe0, 0x07, 0xe0, 0x07, 0xe0, 0x07, 0xe0, 0x07, 0xe0, 0x07, 0xe0, 0x07, 0xe0, 0x07,
    0xe0, 0x07, 0xe0, 0x07, 0xe0, 0x07, 0xe0, 0x07, 0xe0, 0x07, 0xe0, 0x07, 0xe0, 0x07, 0xe0, 0x07,
    0xe0, 0x07, 0xe0, 0x07, 0xe0, 0x07, 0xe0, 0x07, 0xe0, 0x07, 0xe0, 0x07, 0xe0, 0x07, 0xe0, 0x07,
    0xe0, 0x07, 0xe0, 0x07, 0xe0, 0x07, 0xe0, 0x07, 0xe0, 0x07, 0xe0, 0x07, 0xe0, 0x07, 0xe0, 0x07,
    0xe0, 0x07, 0xe0, 0x07, 0xe0, 0x07, 0xe0, 0x07, 0xe0, 0x07, 0xe0, 0x07, 0xe0, 0x07, 0xe0, 0x07,
    0xe0, 0x07, 0xe0, 0x07, 0xe0, 0x07, 0xe0, 0x07, 0xe0, 0x07, 0xe0, 0x07, 0xe0, 0x07, 0xe0, 0x07,
    0xe0, 0x07, 0xe0, 0x07, 0xe0, 0x07, 0xe0, 0x07, 0xe0, 0x07, 0xe0, 0x07, 0xe0, 0x07, 0xe0, 0x07,
    0x41, 0x80, 0xc0, 0xc0, 0x80, 0xe9, 0x80, 0xe9, 0x80, 0xe9, 0xc0, 0xc0, 0x41, 0x80, 0x41, 0x80,
    0x02, 0x48, 0xe0, 0x07, 0xe0, 0x07, 0xe0, 0x07, 0xe0, 0x07, 0xe0, 0x07, 0xe0, 0x07, 0xe0, 0x07,
    0xe0, 0x07, 0xe0, 0x07, 0xe0, 0x07, 0xe0, 0x07, 0xe0, 0x07, 0xe0, 0x07, 0xe0, 0x07, 0xe0, 0x07,
    0xe0, 0x07, 0xe0, 0x07, 0xe0, 0x07, 0xe0, 0x07, 0xe0, 0x07, 0xe0, 0x07, 0xe0, 0x07, 0xe0, 0x07,
    0xe0, 0x07, 0xe0, 0x07, 0xe0, 0x07, 0xe0, 0x07, 0xe0, 0x07, 0xe0, 0x07, 0xe0, 0x07, 0xe0, 0x07,
    0xe0, 0x07, 0xe0, 0x07, 0xe0, 0x07, 0xe0, 0x07, 0xe0, 0x07, 0xe0, 0x07, 0xe0, 0x07, 0xe0, 0x07,
    0xe0, 0x07, 0xe0, 0x07, 0xe0, 0x07, 0xe0, 0x07, 0xe0, 0x07, 0xe0, 0x07, 0xe0, 0x07, 0xe0, 0x07,
    0xe0, 0x07, 0xe0, 0x07, 0xe0, 0x07, 0xe0, 0x07, 0xe0, 0x07, 0xe0, 0x07, 0xe0, 0x07, 0xe0, 0x07,
    0xe0, 0x07, 0xe0, 0x07, 0xe0, 0x07, 0xe0, 0x07, 0xe0, 0x07, 0xe0, 0x07, 0xe0, 0x07, 0xe0, 0x07,
    0x41, 0x80, 0xc0, 0xc0, 0x80, 0xe9, 0x80, 0xe9, 0x80, 0xe9, 0xc0, 0xc0, 0xc0, 0xc0, 0x41, 0x80,
    0x41, 0x80, 0xe0, 0x07, 0xe0, 0x07, 0xe0, 0x07, 0xe0, 0x07, 0xe0, 0x07, 0xe0, 0x07, 0xe0, 0x07,
    0xe0, 0x07, 0xe0, 0x07, 0xe0, 0x07, 0xe0, 0x07, 0xe0, 0x07, 0xe0, 0x07, 0xe0, 0x07, 0xe0, 0x07,
    0xe0, 0x07, 0xe0, 0x07, 0xe0, 0x07, 0xe0, 0x07, 0xe0, 0x07, 0xe0, 0x07, 0xe0, 0x07, 0xe0, 0x07,
    0xe0, 0x07, 0xe0, 0x07, 0xe0, 0x07, 0xe0, 0x07, 0xe0, 0x07, 0xe0, 0x07, 0xe0, 0x07, 0xe0, 0x07,
    0xe0, 0x07, 0xe0, 0x07, 0xe0, 0x07, 0xe0, 0x07, 0xe0, 0x07, 0xe0, 0x07, 0xe0, 0x07, 0xe0, 0x07,
    0xe0, 0x07, 0xe0, 0x07, 0xe0, 0x07, 0xe0, 0x07, 0xe0, 0x07, 0xe0, 0x07, 0xe0, 0x07, 0xe0, 0x07,
    0xe0, 0x07, 0xe0, 0x07, 0xe0, 0x07, 0xe0, 0x07, 0xe0, 0x07, 0xe0, 0x07, 0xe0, 0x07, 0xe0, 0x07,
    0xe0, 0x07, 0xe0, 0x07, 0xe0, 0x07, 0xe0, 0x07, 0xe0, 0x07, 0xe0, 0x07, 0xe0, 0x07, 0x02, 0x48,
    0x41, 0x80, 0xc0, 0xc0, 0x80, 0xe9, 0x80, 0xe9, 0x80, 0xe9, 0x80, 0xe9, 0xc0, 0xc0, 0x41, 0x80,
    0x02, 0x48, 0x02, 0x48, 0xe0, 0x07, 0xe0, 0x07, 0xe0, 0x07, 0xe0, 0x07, 0xe0, 0x07, 0xe0, 0x07,
    0xe0, 0x07, 0xe0, 0x07, 0xe0, 0x07, 0xe0, 0x07, 0xe0, 0x07, 0xe0, 0x07, 0xe0, 0x07, 0xe0, 0x07,
    0xe0, 0x07, 0xe0, 0x07, 0xe0, 0x07, 0xe0, 0x07, 0xe0, 0x07, 0xe0, 0x07, 0xe0, 0x07, 0xe0, 0x07,
    0xe0, 0x07, 0xe0, 0x07, 0xe0, 0x07, 0xe0, 0x07, 0xe0, 0x07, 0xe0, 0x07, 0xe0, 0x07, 0xe0, 0x07,
    0xe0, 0x07, 0xe0, 0x07, 0xe0, 0x07, 0xe0, 0x07, 0xe0, 0x07, 0xe0, 0x07, 0xe0, 0x07, 0xe0, 0x07,
    0xe0, 0x07, 0xe0, 0x07, 0xe0, 0x07, 0xe0, 0x07, 0xe0, 0x07, 0xe0, 0x07, 0xe0, 0x07, 0xe0, 0x07,
    0xe0, 0x07, 0xe0, 0x07, 0xe0, 0x07, 0xe0, 0x07, 0xe0, 0x07, 0xe0, 0x07, 0xe0, 0x07, 0xe0, 0x07,
    0xe0, 0x07, 0xe0, 0x07, 0xe0, 0x07, 0xe0, 0x07, 0xe0, 0x07, 0xe0, 0x07, 0xe0, 0x07, 0x41, 0x80,
    0x41, 0x80, 0xc0, 0xc0, 0x80, 0xe9, 0x80, 0xe9, 0x80, 0xe9, 0x80, 0xe9, 0xc0, 0xc0, 0xc0, 0xc0,
    0x41, 0x80, 0xe0, 0x07, 0xe0, 0x07, 0xe0, 0x07, 0xe0, 0x07, 0xe0, 0x07, 0xe0, 0x07, 0xe0, 0x07,
    0xe0, 0x07, 0xe0, 0x07, 0xe0, 0x07, 0xe0, 0x07, 0xe0, 0x07, 0xe0, 0x07, 0xe0, 0x07, 0xe0, 0x07,
    0xe0, 0x07, 0xe0, 0x07, 0xe0, 0x07, 0xe0, 0x07, 0xe0, 0x07, 0xe0, 0x07, 0xe0, 0x07, 0xe0, 0x07,
    0xe0, 0x07, 0xe0, 0x07, 0xe0, 0x07, 0xe0, 0x07, 0xe0, 0x07, 0xe0, 0x07, 0xe0, 0x07, 0xe0, 0x07,
    0xe0, 0x07, 0xe0, 0x07, 0xe0, 0x07, 0xe0, 0x07, 0xe0, 0x07, 0xe0, 0x07, 0xe0, 0x07, 0xe0, 0x07,
    0xe0, 0x07, 0xe0, 0x07, 0xe0, 0x07, 0xe0, 0x07, 0xe0, 0x07, 0xe0, 0x07, 0xe0, 0x07, 0xe0, 0x07,
    0xe0, 0x07, 0xe0, 0x07, 0xe0, 0x07, 0xe0, 0x07, 0xe0, 0x07, 0xe0, 0x07, 0xe0, 0x07, 0xe0, 0x07,
    0xe0, 0x07, 0xe0, 0x07, 0xe0, 0x07, 0xe0, 0x07, 0xe0, 0x07, 0xe0, 0x07, 0xe0, 0x07, 0x02, 0x48,
    0x41, 0x80, 0xc0, 0xc0, 0xc0, 0xc0, 0x80, 0xe9, 0x40, 0xfb, 0x80, 0xe9, 0x80, 0xe9, 0xc0, 0xc0,
    0x41, 0x80, 0x41, 0x80, 0xe0, 0x07, 0xe0, 0x07, 0xe0, 0x07, 0xe0, 0x07, 0xe0, 0x07, 0xe0, 0x07,
    0xe0, 0x07, 0xe0, 0x07, 0xe0, 0x07, 0xe0, 0x07, 0xe0, 0x07, 0xe0, 0x07, 0xe0, 0x07, 0xe0, 0x07,
    0xe0, 0x07, 0xe0, 0x07, 0xe0, 0x07, 0xe0, 0x07, 0xe0, 0x07, 0xe0, 0x07, 0xe0, 0x07, 0xe0, 0x07,
    0xe0, 0x07, 0xe0, 0x07, 0xe0, 0x07, 0xe0, 0x07, 0xe0, 0x07, 0xe0, 0x07, 0xe0, 0x07, 0xe0, 0x07,
    0xe0, 0x07, 0xe0, 0x07, 0xe0, 0x07, 0xe0, 0x07, 0xe0, 0x07, 0xe0, 0x07, 0xe0, 0x07, 0xe0, 0x07,
    0xe0, 0x07, 0xe0, 0x07, 0xe0, 0x07, 0xe0, 0x07, 0xe0, 0x07, 0xe0, 0x07, 0xe0, 0x07, 0xe0, 0x07,
    0xe0, 0x07, 0xe0, 0x07, 0xe0, 0x07, 0xe0, 0x07, 0xe0, 0x07, 0xe0, 0x07, 0xe0, 0x07, 0xe0, 0x07,
    0xe0, 0x07, 0xe0, 0x07, 0xe0, 0x07, 0xe0, 0x07, 0xe0, 0x07, 0xe0, 0x07, 0xe0, 0x07, 0xe0, 0x07,
    0x41, 0x80, 0x41, 0x80, 0xc0, 0xc0, 0x80, 0xe9, 0x80, 0xe9, 0x40, 0xfb, 0x80, 0xe9, 0x80, 0xe9,
    0xc0, 0xc0, 0xc0, 0xc0, 0x41, 0x80, 0xe0, 0x07, 0x02, 0x48, 0xe0, 0x07, 0xe0, 0x07, 0xe0, 0x07,
    0xe0, 0x07, 0xe0, 0x07, 0xe0, 0x07, 0xe0, 0x07, 0xe0, 0x07, 0xe0, 0x07, 0xe0, 0x07, 0xe0, 0x07,
    0xe0, 0x07, 0xe0, 0x07, 0xe0, 0x07, 0xe0, 0x07, 0xe0, 0x07, 0xe0, 0x07, 0xe0, 0x07, 0xe0, 0x07,
    0xe0, 0x07, 0xe0, 0x07, 0xe0, 0x07, 0xe0, 0x07, 0xe0, 0x07, 0xe0, 0x07, 0xe0, 0x07, 0xe0, 0x07,
    0xe0, 0x07, 0xe0, 0x07, 0xe0, 0x07, 0xe0, 0x07, 0xe0, 0x07, 0xe0, 0x07, 0xe0, 0x07, 0xe0, 0x07,
    0xe0, 0x07, 0xe0, 0x07, 0xe0, 0x07, 0xe0, 0x07, 0xe0, 0x07, 0xe0, 0x07, 0xe0, 0x07, 0xe0, 0x07,
    0xe0, 0x07, 0xe0, 0x07, 0xe0, 0x07, 0xe0, 0x07, 0xe0, 0x07, 0xe0, 0x07, 0xe0, 0x07, 0xe0, 0x07,
    0xe0, 0x07, 0xe0, 0x07, 0xe0, 0x07, 0xe0, 0x07, 0xe0, 0x07, 0xe0, 0x07, 0xe0, 0x07, 0xe0, 0x07,
    0xe0, 0x07, 0x41, 0x80, 0x41, 0x80, 0xc0, 0xc0, 0x80, 0xe9, 0x80, 0xe9, 0x40, 0xfb, 0x80, 0xe9,
    0x80, 0xe9, 0xc0, 0xc0, 0xc0, 0xc0, 0x41, 0x80, 0x02, 0x48, 0x41, 0x80, 0xe0, 0x07, 0xe0, 0x07,
    0xe0, 0x07, 0xe0, 0x07, 0xe0, 0x07, 0xe0, 0x07, 0xe0, 0x07, 0xe0, 0x07, 0xe0, 0x07, 0xe0, 0x07,
    0xe0, 0x07, 0xe0, 0x07, 0xe0, 0x07, 0xe0, 0x07, 0xe0, 0x07, 0xe0, 0x07, 0xe0, 0x07, 0xe0, 0x07,
    0xe0, 0x07, 0xe0, 0x07, 0xe0, 0x07, 0xe0, 0x07, 0xe0, 0x07, 0xe0, 0x07, 0xe0, 0x07, 0xe0, 0x07,
    0xe0, 0x07, 0xe0, 0x07, 0xe0, 0x07, 0xe0, 0x07, 0xe0, 0x07, 0xe0, 0x07, 0xe0, 0x07, 0xe0, 0x07,
    0xe0, 0x07, 0xe0, 0x07, 0xe0, 0x07, 0xe0, 0x07, 0xe0, 0x07, 0xe0, 0x07, 0xe0, 0x07, 0xe0, 0x07,
    0xe0, 0x07, 0xe0, 0x07, 0xe0, 0x07, 0xe0, 0x07, 0xe0, 0x07, 0xe0, 0x07, 0xe0, 0x07, 0xe0, 0x07,
    0xe0, 0x07, 0xe0, 0x07, 0xe0, 0x07, 0xe0, 0x07, 0xe0, 0x07, 0xe0, 0x07, 0xe0, 0x07, 0xe0, 0x07,
    0x41, 0x80, 0x41, 0x80, 0x41, 0x80, 0xc0, 0xc0, 0xc0, 0xc0, 0x80, 0xe9, 0x80, 0xe9, 0x40, 0xfb,
    0x80, 0xe9, 0x80, 0xe9, 0xc0, 0xc0, 0xc0, 0xc0, 0x41, 0x80, 0x41, 0x80, 0xe0, 0x07, 0xe0, 0x07,
    0xe0, 0x07, 0xe0, 0x07, 0xe0, 0x07, 0xe0, 0x07, 0xe0, 0x07, 0xe0, 0x07, 0xe0, 0x07, 0xe0, 0x07,
    0xe0, 0x07, 0xe0, 0x07, 0xe0, 0x07, 0xe0, 0x07, 0xe0, 0x07, 0xe0, 0x07, 0xe0, 0x07, 0xe0, 0x07,
    0xe0, 0x07, 0xe0, 0x07, 0xe0, 0x07, 0xe0, 0x07, 0xe0, 0x07, 0xe0, 0x07, 0xe0, 0x07, 0xe0, 0x07,
    0xe0, 0x07, 0xe0, 0x07, 0xe0, 0x07, 0xe0, 0x07, 0xe0, 0x07, 0xe0, 0x07, 0xe0, 0x07, 0xe0, 0x07,
    0xe0, 0x07, 0xe0, 0x07, 0xe0, 0x07, 0xe0, 0x07, 0xe0, 0x07, 0xe0, 0x07, 0xe0, 0x07, 0xe0, 0x07,
    0xe0, 0x07, 0xe0, 0x07, 0xe0, 0x07, 0xe0, 0x07, 0xe0, 0x07, 0xe0, 0x07, 0xe0, 0x07, 0xe0, 0x07,
    0xe0, 0x07, 0xe0, 0x07, 0xe0, 0x07, 0xe0, 0x07, 0xe0, 0x07, 0xe0, 0x07, 0xe0, 0x07, 0xe0, 0x07,
    0x41, 0x80, 0x41, 0x80, 0xc0, 0xc0, 0x80, 0xe9, 0xc0, 0xc0, 0x80, 0xe9, 0x80, 0xe9, 0x40, 0xfb,
    0x80, 0xe9, 0x80, 0xe9, 0xc0, 0xc0, 0xc0, 0xc0, 0x41, 0x80, 0x41, 0x80, 0xe0, 0x07, 0xe0, 0x07,
    0xe0, 0x07, 0xe0, 0x07, 0xe0, 0x07, 0xe0, 0x07, 0xe0, 0x07, 0xe0, 0x07, 0xe0, 0x07, 0xe0, 0x07,
    0xe0, 0x07, 0xe0, 0x07, 0xe0, 0x07, 0xe0, 0x07, 0xe0, 0x07, 0xe0, 0x07, 0xe0, 0x07, 0xe0, 0x07,
    0xe0, 0x07, 0xe0, 0x07, 0xe0, 0x07, 0xe0, 0x07, 0xe0, 0x07, 0xe0, 0x07, 0xe0, 0x07, 0xe0, 0x07,
    0xe0, 0x07, 0xe0, 0x07, 0xe0, 0x07, 0xe0, 0x07, 0xe0, 0x07, 0xe0, 0x07, 0xe0, 0x07, 0xe0, 0x07,
    0xe0, 0x07, 0xe0, 0x07, 0xe0, 0x07, 0xe0, 0x07, 0xe0, 0x07, 0xe0, 0x07, 0xe0, 0x07, 0xe0, 0x07,
    0xe0, 0x07, 0xe0, 0x07, 0xe0, 0x07, 0xe0, 0x07, 0xe0, 0x07, 0xe0, 0x07, 0xe0, 0x07, 0xe0, 0x07,
    0xe0, 0x07, 0xe0, 0x07, 0xe0, 0x07, 0xe0, 0x07, 0xe0, 0x07, 0xe0, 0x07, 0xe0, 0x07, 0x41, 0x80,
    0x41, 0x80, 0xc0, 0xc0, 0x80, 0xe9, 0x80, 0xe9, 0x40, 0xfb, 0x40, 0xfb, 0x40, 0xfb, 0x40, 0xfb,
    0x40, 0xfb, 0x80, 0xe9, 0xc0, 0xc0, 0xc0, 0xc0, 0x41, 0x80, 0xe0, 0x07, 0xe0, 0x07, 0xe0, 0x07,
    0xe0, 0x07, 0xe0, 0x07, 0xe0, 0x07, 0xe0, 0x07, 0xe0, 0x07, 0xe0, 0x07, 0xe0, 0x07, 0xe0, 0x07,
    0xe0, 0x07, 0xe0, 0x07, 0xe0, 0x07, 0xe0, 0x07, 0xe0, 0x07, 0xe0, 0x07, 0xe0, 0x07, 0xe0, 0x07,
    0xe0, 0x07, 0xe0, 0x07, 0xe0, 0x07, 0xe0, 0x07, 0xe0, 0x07, 0xe0, 0x07, 0xe0, 0x07, 0xe0, 0x07,
    0xe0, 0x07, 0xe0, 0x07, 0xe0, 0x07, 0xe0, 0x07, 0xe0, 0x07, 0xe0, 0x07, 0xe0, 0x07, 0xe0, 0x07,
    0xe0, 0x07, 0xe0, 0x07, 0xe0, 0x07, 0xe0, 0x07, 0xe0, 0x07, 0xe0, 0x07, 0xe0, 0x07, 0xe0, 0x07,
    0xe0, 0x07, 0xe0, 0x07, 0xe0, 0x07, 0xe0, 0x07, 0xe0, 0x07, 0xe0, 0x07, 0xe0, 0x07, 0xe0, 0x07,
    0xe0, 0x07, 0xe0, 0x07, 0xe0, 0x07, 0xe0, 0x07, 0xe0, 0x07, 0x41, 0x80, 0x41, 0x80, 0xc0, 0xc0,
    0x80, 0xe9, 0x80, 0xe9, 0x80, 0xe9, 0x40, 0xfb, 0x40, 0xfb, 0x40, 0xfb, 0x40, 0xfb, 0x40, 0xfb,
    0x80, 0xe9, 0x80, 0xe9, 0xc0, 0xc0, 0x41, 0x80, 0xe0, 0x07, 0xe0, 0x07, 0xe0, 0x07, 0xe0, 0x07,
    0xe0, 0x07, 0xe0, 0x07, 0xe0, 0x07, 0xe0, 0x07, 0xe0, 0x07, 0xe0, 0x07, 0xe0, 0x07, 0xe0, 0x07,
    0xe0, 0x07, 0xe0, 0x07, 0xe0, 0x07, 0xe0, 0x07, 0xe0, 0x07, 0xe0, 0x07, 0xe0, 0x07, 0xe0, 0x07,
    0xe0, 0x07, 0xe0, 0x07, 0xe0, 0x07, 0xe0, 0x07, 0xe0, 0x07, 0xe0, 0x07, 0xe0, 0x07, 0xe0, 0x07,
    0xe0, 0x07, 0xe0, 0x07, 0xe0, 0x07, 0xe0, 0x07, 0xe0, 0x07, 0xe0, 0x07, 0xe0, 0x07, 0xe0, 0x07,
    0xe0, 0x07, 0xe0, 0x07, 0xe0, 0x07, 0xe0, 0x07, 0xe0, 0x07, 0xe0, 0x07, 0xe0, 0x07, 0xe0, 0x07,
    0xe0, 0x07, 0xe0, 0x07, 0xe0, 0x07, 0xe0, 0x07, 0xe0, 0x07, 0xe0, 0x07, 0xe0, 0x07, 0xe0, 0x07,
    0xe0, 0x07, 0x41, 0x80, 0x41, 0x80, 0x41, 0x80, 0xc0, 0xc0, 0xc0, 0xc0, 0x80, 0xe9, 0x80, 0xe9,
    0x40, 0xfb, 0x40, 0xfb, 0x40, 0xfb, 0x40, 0xfb, 0x40, 0xfb, 0x40, 0xfb, 0x80, 0xe9, 0x80, 0xe9,
    0xc0, 0xc0, 0xc0, 0xc0, 0xc0, 0xc0, 0x41, 0x80, 0x41, 0x80, 0xe0, 0x07, 0xe0, 0x07, 0xe0, 0x07,
    0xe0, 0x07, 0xe0, 0x07, 0xe0, 0x07, 0xe0, 0x07, 0xe0, 0x07, 0xe0, 0x07, 0xe0, 0x07, 0xe0, 0x07,
    0xe0, 0x07, 0xe0, 0x07, 0xe0, 0x07, 0xe0, 0x07, 0xe0, 0x07, 0xe0, 0x07, 0xe0, 0x07, 0xe0, 0x07,
    0xe0, 0x07, 0xe0, 0x07, 0xe0, 0x07, 0xe0, 0x07, 0xe0, 0x07, 0xe0, 0x07, 0xe0, 0x07, 0xe0, 0x07,
    0xe0, 0x07, 0xe0, 0x07, 0xe0, 0x07, 0xe0, 0x07, 0xe0, 0x07, 0xe0, 0x07, 0xe0, 0x07, 0xe0, 0x07,
    0xe0, 0x07, 0xe0, 0x07, 0xe0, 0x07, 0xe0, 0x07, 0xe0, 0x07, 0xe0, 0x07, 0xe0, 0x07, 0xe0, 0x07,
    0xe0, 0x07, 0xe0, 0x07, 0xe0, 0x07, 0xe0, 0x07, 0xe0, 0x07, 0xe0, 0x07, 0xe0, 0x07, 0x41, 0x80,
    0x41, 0x80, 0x41, 0x80, 0xc0, 0xc0, 0xc0, 0xc0, 0x80, 0xe9, 0x80, 0xe9, 0x80, 0xe9, 0x40, 0xfb,
    0x40, 0xfb, 0x40, 0xfb, 0x40, 0xfb, 0x40, 0xfb, 0x40, 0xfb, 0x80, 0xe9, 0x80, 0xe9, 0xc0, 0xc0,
    0xc0, 0xc0, 0xc0, 0xc0, 0x41, 0x80, 0x02, 0x48, 0xe0, 0x07, 0xe0, 0x07, 0xe0, 0x07, 0xe0, 0x07,
    0xe0, 0x07, 0xe0, 0x07, 0xe0, 0x07, 0xe0, 0x07, 0xe0, 0x07, 0xe0, 0x07, 0xe0, 0x07, 0xe0, 0x07,
    0xe0, 0x07, 0xe0, 0x07, 0xe0, 0x07, 0xe0, 0x07, 0xe0, 0x07, 0xe0, 0x07, 0xe0, 0x07, 0xe0, 0x07,
    0xe0, 0x07, 0xe0, 0x07, 0xe0, 0x07, 0xe0, 0x07, 0xe0, 0x07, 0xe0, 0x07, 0xe0, 0x07, 0xe0, 0x07,
    0xe0, 0x07, 0xe0, 0x07, 0xe0, 0x07, 0xe0, 0x07, 0xe0, 0x07, 0xe0, 0x07, 0xe0, 0x07, 0xe0, 0x07,
    0xe0, 0x07, 0xe0, 0x07, 0xe0, 0x07, 0xe0, 0x07, 0xe0, 0x07, 0xe0, 0x07, 0xe0, 0x07, 0xe0, 0x07,
    0xe0, 0x07, 0xe0, 0x07, 0xe0, 0x07, 0xe0, 0x07, 0xe0, 0x07, 0xe0, 0x07, 0xe0, 0x07, 0x41, 0x80,
    0x41, 0x80, 0xc0, 0xc0, 0xc0, 0xc0, 0xc0, 0xc0, 0x22, 0xfd, 0x09, 0xff, 0x09, 0xff, 0x09, 0xff,
    0x09, 0xff, 0x09, 0xff, 0x09, 0xff, 0x09, 0xff, 0x22, 0xfd, 0x80, 0xe9, 0xc0, 0xc0, 0xc0, 0xc0,
    0xc0, 0xc0, 0x41, 0x80, 0x41, 0x80, 0x02, 0x48, 0xe0, 0x07, 0xe0, 0x07, 0xe0, 0x07, 0xe0, 0x07,
    0xe0, 0x07, 0xe0, 0x07, 0xe0, 0x07, 0xe0, 0x07, 0xe0, 0x07, 0xe0, 0x07, 0xe0, 0x07, 0xe0, 0x07,
    0xe0, 0x07, 0xe0, 0x07, 0xe0, 0x07, 0xe0, 0x07, 0xe0, 0x07, 0xe0, 0x07, 0xe0, 0x07, 0xe0, 0x07,
    0xe0, 0x07, 0xe0, 0x07, 0xe0, 0x07, 0xe0, 0x07, 0xe0, 0x07, 0xe0, 0x07, 0xe0, 0x07, 0xe0, 0x07,
    0xe0, 0x07, 0xe0, 0x07, 0xe0, 0x07, 0xe0, 0x07, 0xe0, 0x07, 0xe0, 0x07, 0xe0, 0x07, 0xe0, 0x07,
    0xe0, 0x07, 0xe0, 0x07, 0xe0, 0x07, 0xe0, 0x07, 0xe0, 0x07, 0xe0, 0x07, 0xe0, 0x07, 0xe0, 0x07,
    0xe0, 0x07, 0xe0, 0x07, 0xe0, 0x07, 0xe0, 0x07, 0xe0, 0x07, 0xe0, 0x07, 0xe0, 0x07, 0x02, 0x48,
    0x41, 0x80, 0x41, 0x80, 0x41, 0x80, 0xc0, 0xc0, 0x22, 0xfd, 0x09, 0xff, 0x09, 0xff, 0x09, 0xff,
    0x09, 0xff, 0x09, 0xff, 0x09, 0xff, 0x09, 0xff, 0x22, 0xfd, 0x80, 0xe9, 0xc0, 0xc0, 0xc0, 0xc0,
    0xc0, 0xc0, 0x41, 0x80, 0x41, 0x80, 0x41, 0x80, 0xe0, 0x07, 0xe0, 0x07, 0xe0, 0x07, 0xe0, 0x07,
    0xe0, 0x07, 0xe0, 0x07, 0xe0, 0x07, 0xe0, 0x07, 0xe0, 0x07, 0xe0, 0x07, 0xe0, 0x07, 0xe0, 0x07,
    0xe0, 0x07, 0xe0, 0x07, 0xe0, 0x07, 0xe0, 0x07, 0xe0, 0x07, 0xe0, 0x07, 0xe0, 0x07, 0xe0, 0x07,
    0xe0, 0x07, 0xe0, 0x07, 0xe0, 0x07, 0xe0, 0x07, 0xe0, 0x07, 0xe0, 0x07, 0xe0, 0x07, 0xe0, 0x07,
    0xe0, 0x07, 0xe0, 0x07, 0xe0, 0x07, 0xe0, 0x07, 0xe0, 0x07, 0xe0, 0x07, 0xe0, 0x07, 0xe0, 0x07,
    0xe0, 0x07, 0xe0, 0x07, 0xe0, 0x07, 0xe0, 0x07, 0xe0, 0x07, 0xe0, 0x07, 0xe0, 0x07, 0xe0, 0x07,
    0xe0, 0x07, 0xe0, 0x07, 0xe0, 0x07, 0xe0, 0x07, 0xe0, 0x07, 0xe0, 0x07, 0xe0, 0x07, 0xe0, 0x07,
    0x41, 0x80, 0x41, 0x80, 0xc0, 0xc0, 0xc0, 0xc0, 0xc0, 0xc0, 0x22, 0xfd, 0x09, 0xff, 0x09, 0xff,
    0x09, 0xff, 0x09, 0xff, 0x09, 0xff, 0x09, 0xff, 0x09, 0xff, 0x22, 0xfd, 0x80, 0xe9, 0x80, 0xe9,
    0xc0, 0xc0, 0x41, 0x80, 0x41, 0x80, 0x41, 0x80, 0x41, 0x80, 0xe0, 0x07, 0xe0, 0x07, 0xe0, 0x07,
    0xe0, 0x07, 0xe0, 0x07, 0xe0, 0x07, 0xe0, 0x07, 0xe0, 0x07, 0xe0, 0x07, 0xe0, 0x07, 0xe0, 0x07,
    0xe0, 0x07, 0xe0, 0x07, 0xe0, 0x07, 0xe0, 0x07, 0xe0, 0x07, 0xe0, 0x07, 0xe0, 0x07, 0xe0, 0x07,
    0xe0, 0x07, 0xe0, 0x07, 0xe0, 0x07, 0xe0, 0x07, 0xe0, 0x07, 0xe0, 0x07, 0xe0, 0x07, 0xe0, 0x07,
    0xe0, 0x07, 0xe0, 0x07, 0xe0, 0x07, 0xe0, 0x07, 0xe0, 0x07, 0xe0, 0x07, 0xe0, 0x07, 0xe0, 0x07,
    0xe0, 0x07, 0xe0, 0x07, 0xe0, 0x07, 0xe0, 0x07, 0xe0, 0x07, 0xe0, 0x07, 0xe0, 0x07, 0xe0, 0x07,
    0xe0, 0x07, 0xe0, 0x07, 0xe0, 0x07, 0xe0, 0x07, 0xe0, 0x07, 0xe0, 0x07, 0xe0, 0x07, 0xe0, 0x07,
    0x02, 0x48, 0x41, 0x80, 0x41, 0x80, 0x41, 0x80, 0xc0, 0xc0, 0xc0, 0xc0, 0x80, 0xe9, 0x09, 0xff,
    0x09, 0xff, 0x09, 0xff, 0x09, 0xff, 0x09, 0xff, 0x09, 0xff, 0x09, 0xff, 0x09, 0xff, 0x80, 0xe9,
    0xc0, 0xc0, 0xc0, 0xc0, 0xc0, 0xc0, 0xc0, 0xc0, 0x41, 0x80, 0x41, 0x80, 0x02, 0x48, 0xe0, 0x07,
    0xe0, 0x07, 0xe0, 0x07, 0xe0, 0x07, 0xe0, 0x07, 0xe0, 0x07, 0xe0, 0x07, 0xe0, 0x07, 0xe0, 0x07,
    0xe0, 0x07, 0xe0, 0x07, 0xe0, 0x07, 0xe0, 0x07, 0xe0, 0x07, 0xe0, 0x07, 0xe0, 0x07, 0xe0, 0x07,
    0xe0, 0x07, 0xe0, 0x07, 0xe0, 0x07, 0xe0, 0x07, 0xe0, 0x07, 0xe0, 0x07, 0xe0, 0x07, 0xe0, 0x07,
    0xe0, 0x07, 0xe0, 0x07, 0xe0, 0x07, 0xe0, 0x07, 0xe0, 0x07, 0xe0, 0x07, 0xe0, 0x07, 0xe0, 0x07,
    0xe0, 0x07, 0xe0, 0x07, 0xe0, 0x07, 0xe0, 0x07, 0xe0, 0x07, 0xe0, 0x07, 0xe0, 0x07, 0xe0, 0x07,
    0xe0, 0x07, 0xe0, 0x07, 0xe0, 0x07, 0xe0, 0x07, 0xe0, 0x07, 0xe0, 0x07, 0xe0, 0x07, 0x02, 0x48,
    0x41, 0x80, 0x41, 0x80, 0x41, 0x80, 0xc0, 0xc0, 0xc0, 0xc0, 0xc0, 0xc0, 0x80, 0xe9, 0x22, 0xfd,
    0x09, 0xff, 0x09, 0xff, 0x09, 0xff, 0x09, 0xff, 0x09, 0xff, 0x09, 0xff, 0x09, 0xff, 0x22, 0xfd,
    0x80, 0xe9, 0xc0, 0xc0, 0xc0, 0xc0, 0xc0, 0xc0, 0x41, 0x80, 0x41, 0x80, 0x41, 0x80, 0xe0, 0x07,
    0xe0, 0x07, 0xe0, 0x07, 0xe0, 0x07, 0xe0, 0x07, 0xe0, 0x07, 0xe0, 0x07, 0xe0, 0x07, 0xe0, 0x07,
    0xe0, 0x07, 0xe0, 0x07, 0xe0, 0x07, 0xe0, 0x07, 0xe0, 0x07, 0xe0, 0x07, 0xe0, 0x07, 0xe0, 0x07,
    0xe0, 0x07, 0xe0, 0x07, 0xe0, 0x07, 0xe0, 0x07, 0xe0, 0x07, 0xe0, 0x07, 0xe0, 0x07, 0xe0, 0x07,
    0xe0, 0x07, 0xe0, 0x07, 0xe0, 0x07, 0xe0, 0x07, 0xe0, 0x07, 0xe0, 0x07, 0xe0, 0x07, 0xe0, 0x07,
    0xe0, 0x07, 0xe0, 0x07, 0xe0, 0x07, 0xe0, 0x07, 0xe0, 0x07, 0xe0, 0x07, 0xe0, 0x07, 0xe0, 0x07,
    0xe0, 0x07, 0xe0, 0x07, 0xe0, 0x07, 0xe0, 0x07, 0xe0, 0x07, 0xe0, 0x07, 0xe0, 0x07, 0x02, 0x48,
    0x41, 0x80, 0x41, 0x80, 0x41, 0x80, 0xc0, 0xc0, 0xc0, 0xc0, 0xc0, 0xc0, 0x80, 0xe9, 0x22, 0xfd,
    0x09, 0xff, 0x09, 0xff, 0x09, 0xff, 0x09, 0xff, 0x09, 0xff, 0x09, 0xff, 0x09, 0xff, 0x22, 0xfd,
    0x22, 0xfd, 0x80, 0xe9, 0x80, 0xe9, 0xc0, 0xc0, 0xc0, 0xc0, 0xc0, 0xc0, 0x41, 0x80, 0x41, 0x80,
    0x41, 0x80, 0xe0, 0x07, 0xe0, 0x07, 0xe0, 0x07, 0xe0, 0x07, 0xe0, 0x07, 0xe0, 0x07, 0xe0, 0x07,
    0xe0, 0x07, 0xe0, 0x07, 0xe0, 0x07, 0xe0, 0x07, 0xe0, 0x07, 0xe0, 0x07, 0xe0, 0x07, 0xe0, 0x07,
    0xe0, 0x07, 0xe0, 0x07, 0xe0, 0x07, 0xe0, 0x07, 0xe0, 0x07, 0xe0, 0x07, 0xe0, 0x07, 0xe0, 0x07,
    0xe0, 0x07, 0xe0, 0x07, 0xe0, 0x07, 0xe0, 0x07, 0xe0, 0x07, 0xe0, 0x07, 0xe0, 0x07, 0xe0, 0x07,
    0xe0, 0x07, 0xe0, 0x07, 0xe0, 0x07, 0xe0, 0x07, 0xe0, 0x07, 0xe0, 0x07, 0xe0, 0x07, 0xe0, 0x07,
    0xe0, 0x07, 0xe0, 0x07, 0xe0, 0x07, 0xe0, 0x07, 0xe0, 0x07, 0x41, 0x80, 0xe0, 0x07, 0x02, 0x48,
    0x41, 0x80, 0x41, 0x80, 0xc0, 0xc0, 0x41, 0x80, 0xc0, 0xc0, 0xc0, 0xc0, 0x80, 0xe9, 0x22, 0xfd,
    0x09, 0xff, 0x09, 0xff, 0x09, 0xff, 0x09, 0xff, 0x09, 0xff, 0x09, 0xff, 0x09, 0xff, 0x09, 0xff,
    0x22, 0xfd, 0x80, 0xe9, 0xc0, 0xc0, 0xc0, 0xc0, 0xc0, 0xc0, 0xc0, 0xc0, 0x41, 0x80, 0x41, 0x80,
    0x41, 0x80, 0x41, 0x80, 0xe0, 0x07, 0xe0, 0x07, 0xe0, 0x07, 0xe0, 0x07, 0xe0, 0x07, 0xe0, 0x07,
    0xe0, 0x07, 0xe0, 0x07, 0xe0, 0x07, 0xe0, 0x07, 0xe0, 0x07, 0xe0, 0x07, 0xe0, 0x07, 0xe0, 0x07,
    0xe0, 0x07, 0xe0, 0x07, 0xe0, 0x07, 0xe0, 0x07, 0xe0, 0x07, 0xe0, 0x07, 0xe0, 0x07, 0xe0, 0x07,
    0xe0, 0x07, 0xe0, 0x07, 0xe0, 0x07, 0xe0, 0x07, 0xe0, 0x07, 0xe0, 0x07, 0xe0, 0x07, 0xe0, 0x07,
    0xe0, 0x07, 0xe0, 0x07, 0xe0, 0x07, 0xe0, 0x07, 0xe0, 0x07, 0xe0, 0x07, 0xe0, 0x07, 0xe0, 0x07,
    0xe0, 0x07, 0xe0, 0x07, 0xe0, 0x07, 0xe0, 0x07, 0x41, 0x80, 0x41, 0x80, 0x41, 0x80, 0x41, 0x80,
    0x41, 0x80, 0xc0, 0xc0, 0xc0, 0xc0, 0x41, 0x80, 0xc0, 0xc0, 0xc0, 0xc0, 0x80, 0xe9, 0x22, 0xfd,
    0x09, 0xff, 0x09, 0xff, 0x09, 0xff, 0x09, 0xff, 0x09, 0xff, 0x09, 0xff, 0x09, 0xff, 0x09, 0xff,
    0x22, 0xfd, 0x80, 0xe9, 0xc0, 0xc0, 0x80, 0xe9, 0xc0, 0xc0, 0xc0, 0xc0, 0xc0, 0xc0, 0x41, 0x80,
    0x41, 0x80, 0x41, 0x80, 0xe0, 0x07, 0xe0, 0x07, 0xe0, 0x07, 0xe0, 0x07, 0xe0, 0x07, 0xe0, 0x07,
    0xe0, 0x07, 0xe0, 0x07, 0xe0, 0x07, 0xe0, 0x07, 0xe0, 0x07, 0xe0, 0x07, 0xe0, 0x07, 0xe0, 0x07,
    0xe0, 0x07, 0xe0, 0x07, 0xe0, 0x07, 0xe0, 0x07, 0xe0, 0x07, 0xe0, 0x07, 0xe0, 0x07, 0xe0, 0x07,
    0xe0, 0x07, 0xe0, 0x07, 0xe0, 0x07, 0xe0, 0x07, 0xe0, 0x07, 0xe0, 0x07, 0xe0, 0x07, 0xe0, 0x07,
    0xe0, 0x07, 0xe0, 0x07, 0xe0, 0x07, 0xe0, 0x07, 0xe0, 0x07, 0xe0, 0x07, 0xe0, 0x07, 0xe0, 0x07,
    0xe0, 0x07, 0xe0, 0x07, 0xe0, 0x07, 0xe0, 0x07, 0x02, 0x48, 0x41, 0x80, 0x41, 0x80, 0x41, 0x80,
    0x41, 0x80, 0xc0, 0xc0, 0xc0, 0xc0, 0xc0, 0xc0, 0xc0, 0xc0, 0x80, 0xe9, 0x22, 0xfd, 0x22, 0xfd,
    0x09, 0xff, 0x09, 0xff, 0x09, 0xff, 0x09, 0xff, 0x09, 0xff, 0x09, 0xff, 0x09, 0xff, 0x09, 0xff,
    0x09, 0xff, 0x22, 0xfd, 0xc0, 0xc0, 0xc0, 0xc0, 0xc0, 0xc0, 0xc0, 0xc0, 0xc0, 0xc0, 0x41, 0x80,
    0x41, 0x80, 0x41, 0x80, 0x41, 0x80, 0x02, 0x48, 0xe0, 0x07, 0xe0, 0x07, 0xe0, 0x07, 0xe0, 0x07,
    0xe0, 0x07, 0xe0, 0x07, 0xe0, 0x07, 0xe0, 0x07, 0xe0, 0x07, 0xe0, 0x07, 0xe0, 0x07, 0xe0, 0x07,
    0xe0, 0x07, 0xe0, 0x07, 0xe0, 0x07, 0xe0, 0x07, 0xe0, 0x07, 0xe0, 0x07, 0xe0, 0x07, 0xe0, 0x07,
    0xe0, 0x07, 0xe0, 0x07, 0xe0, 0x07, 0xe0, 0x07, 0xe0, 0x07, 0xe0, 0x07, 0xe0, 0x07, 0xe0, 0x07,
    0xe0, 0x07, 0xe0, 0x07, 0xe0, 0x07, 0xe0, 0x07, 0xe0, 0x07, 0xe0, 0x07, 0xe0, 0x07, 0xe0, 0x07,
    0xe0, 0x07, 0xe0, 0x07, 0xe0, 0x07, 0xe0, 0x07, 0xe0, 0x07, 0xe0, 0x07, 0x41, 0x80, 0x41, 0x80,
    0xc0, 0xc0, 0xc0, 0xc0, 0x41, 0x80, 0xc0, 0xc0, 0xc0, 0xc0, 0x80, 0xe9, 0x80, 0xe9, 0x22, 0xfd,
    0x09, 0xff, 0x09, 0xff, 0x09, 0xff, 0x09, 0xff, 0x09, 0xff, 0x09, 0xff, 0x09, 0xff, 0x09, 0xff,
    0x09, 0xff, 0x22, 0xfd, 0x22, 0xfd, 0x80, 0xe9, 0x80, 0xe9, 0x80, 0xe9, 0xc0, 0xc0, 0xc0, 0xc0,
    0xc0, 0xc0, 0x41, 0x80, 0x41, 0x80, 0x41, 0x80, 0xe0, 0x07, 0xe0, 0x07, 0xe0, 0x07, 0xe0, 0x07,
    0xe0, 0x07, 0xe0, 0x07, 0xe0, 0x07, 0xe0, 0x07, 0xe0, 0x07, 0xe0, 0x07, 0xe0, 0x07, 0xe0, 0x07,
    0xe0, 0x07, 0xe0, 0x07, 0xe0, 0x07, 0xe0, 0x07, 0xe0, 0x07, 0xe0, 0x07, 0xe0, 0x07, 0xe0, 0x07,
    0xe0, 0x07, 0xe0, 0x07, 0xe0, 0x07, 0xe0, 0x07, 0xe0, 0x07, 0xe0, 0x07, 0xe0, 0x07, 0xe0, 0x07,
    0xe0, 0x07, 0xe0, 0x07, 0xe0, 0x07, 0xe0, 0x07, 0xe0, 0x07, 0xe0, 0x07, 0xe0, 0x07, 0xe0, 0x07,
    0xe0, 0x07, 0xe0, 0x07, 0xe0, 0x07, 0xe0, 0x07, 0xe0, 0x07, 0x02, 0x48, 0x02, 0x48, 0x41, 0x80,
    0x41, 0x80, 0x41, 0x80, 0x41, 0x80, 0x41, 0x80, 0xc0, 0xc0, 0xc0, 0xc0, 0xc0, 0xc0, 0x80, 0xe9,
    0x22, 0xfd, 0x22, 0xfd, 0x09, 0xff, 0x09, 0xff, 0x09, 0xff, 0x09, 0xff, 0x09, 0xff, 0x09, 0xff,
    0x09, 0xff, 0x09, 0xff, 0x09, 0xff, 0x22, 0xfd, 0x80, 0xe9, 0x80, 0xe9, 0x80, 0xe9, 0x80, 0xe9,
    0xc0, 0xc0, 0xc0, 0xc0, 0xc0, 0xc0, 0x41, 0x80, 0x41, 0x80, 0xe0, 0x07, 0xe0, 0x07, 0xe0, 0x07,
    0xe0, 0x07, 0xe0, 0x07, 0xe0, 0x07, 0xe0, 0x07, 0xe0, 0x07, 0xe0, 0x07, 0xe0, 0x07, 0xe0, 0x07,
    0xe0, 0x07, 0xe0, 0x07, 0xe0, 0x07, 0xe0, 0x07, 0xe0, 0x07, 0xe0, 0x07, 0xe0, 0x07, 0xe0, 0x07,
    0xe0, 0x07, 0xe0, 0x07, 0xe0, 0x07, 0xe0, 0x07, 0xe0, 0x07, 0xe0, 0x07, 0xe0, 0x07, 0xe0, 0x07,
    0xe0, 0x07, 0xe0, 0x07, 0xe0, 0x07, 0xe0, 0x07, 0xe0, 0x07, 0xe0, 0x07, 0xe0, 0x07, 0xe0, 0x07,
    0xe0, 0x07, 0xe0, 0x07, 0xe0, 0x07, 0xe0, 0x07, 0xe0, 0x07, 0xe0, 0x07, 0xe0, 0x07, 0x41, 0x80,
    0x41, 0x80, 0x41, 0x80, 0x41, 0x80, 0x41, 0x80, 0xc0, 0xc0, 0xc0, 0xc0, 0xc0, 0xc0, 0xc0, 0xc0,
    0x80, 0xe9, 0x22, 0xfd, 0x22, 0xfd, 0x09, 0xff, 0x09, 0xff, 0x09, 0xff, 0x09, 0xff, 0x09, 0xff,
    0x09, 0xff, 0x09, 0xff, 0x09, 0xff, 0x09, 0xff, 0x09, 0xff, 0x22, 0xfd, 0x80, 0xe9, 0x80, 0xe9,
    0x80, 0xe9, 0xc0, 0xc0, 0xc0, 0xc0, 0xc0, 0xc0, 0x41, 0x80, 0x41, 0x80, 0x02, 0x48, 0xe0, 0x07,
    0xe0, 0x07, 0xe0, 0x07, 0xe0, 0x07, 0xe0, 0x07, 0xe0, 0x07, 0xe0, 0x07, 0xe0, 0x07, 0xe0, 0x07,
    0xe0, 0x07, 0xe0, 0x07, 0xe0, 0x07, 0xe0, 0x07, 0xe0, 0x07, 0xe0, 0x07, 0xe0, 0x07, 0xe0, 0x07,
    0xe0, 0x07, 0xe0, 0x07, 0xe0, 0x07, 0xe0, 0x07, 0xe0, 0x07, 0xe0, 0x07, 0xe0, 0x07, 0xe0, 0x07,
    0xe0, 0x07, 0xe0, 0x07, 0xe0, 0x07, 0xe0, 0x07, 0xe0, 0x07, 0xe0, 0x07, 0xe0, 0x07, 0xe0, 0x07,
    0xe0, 0x07, 0xe0, 0x07, 0xe0, 0x07, 0xe0, 0x07, 0xe0, 0x07, 0xe0, 0x07, 0x02, 0x48, 0x41, 0x80,
    0x41, 0x80, 0x41, 0x80, 0x41, 0x80, 0x41, 0x80, 0x41, 0x80, 0xc0, 0xc0, 0xc0, 0xc0, 0xc0, 0xc0,
    0x80, 0xe9, 0x80, 0xe9, 0x22, 0xfd, 0x09, 0xff, 0x09, 0xff, 0x09, 0xff, 0x09, 0xff, 0x09, 0xff,
    0x09, 0xff, 0x09, 0xff, 0x09, 0xff, 0x09, 0xff, 0x09, 0xff, 0x09, 0xff, 0x80, 0xe9, 0x80, 0xe9,
    0x80, 0xe9, 0xc0, 0xc0, 0xc0, 0xc0, 0xc0, 0xc0, 0xc0, 0xc0, 0x41, 0x80, 0x02, 0x48, 0x02, 0x48,
    0xe0, 0x07, 0xe0, 0x07, 0xe0, 0x07, 0xe0, 0x07, 0xe0, 0x07, 0xe0, 0x07, 0xe0, 0x07, 0xe0, 0x07,
    0xe0, 0x07, 0xe0, 0x07, 0xe0, 0x07, 0xe0, 0x07, 0xe0, 0x07, 0xe0, 0x07, 0xe0, 0x07, 0xe0, 0x07,
    0xe0, 0x07, 0xe0, 0x07, 0xe0, 0x07, 0xe0, 0x07, 0xe0, 0x07, 0xe0, 0x07, 0xe0, 0x07, 0xe0, 0x07,
    0xe0, 0x07, 0xe0, 0x07, 0xe0, 0x07, 0xe0, 0x07, 0xe0, 0x07, 0xe0, 0x07, 0xe0, 0x07, 0xe0, 0x07,
    0xe0, 0x07, 0xe0, 0x07, 0xe0, 0x07, 0xe0, 0x07, 0xe0, 0x07, 0x02, 0x48, 0x41, 0x80, 0x41, 0x80,
    0x41, 0x80, 0x41, 0x80, 0x41, 0x80, 0x41, 0x80, 0x41, 0x80, 0xc0, 0xc0, 0xc0, 0xc0, 0xc0, 0xc0,
    0x80, 0xe9, 0x22, 0xfd, 0x09, 0xff, 0x09, 0xff, 0x09, 0xff, 0x09, 0xff, 0x09, 0xff, 0x09, 0xff,
    0x09, 0xff, 0x09, 0xff, 0x09, 0xff, 0x09, 0xff, 0x09, 0xff, 0x09, 0xff, 0x80, 0xe9, 0x80, 0xe9,
    0x80, 0xe9, 0xc0, 0xc0, 0xc0, 0xc0, 0xc0, 0xc0, 0xc0, 0xc0, 0x41, 0x80, 0x02, 0x48, 0x02, 0x48,
    0xe0, 0x07, 0xe0, 0x07, 0xe0, 0x07, 0xe0, 0x07, 0xe0, 0x07, 0xe0, 0x07, 0xe0, 0x07, 0xe0, 0x07,
    0xe0, 0x07, 0xe0, 0x07, 0xe0, 0x07, 0xe0, 0x07, 0xe0, 0x07, 0xe0, 0x07, 0xe0, 0x07, 0xe0, 0x07,
    0xe0, 0x07, 0xe0, 0x07, 0xe0, 0x07, 0xe0, 0x07, 0xe0, 0x07, 0xe0, 0x07, 0xe0, 0x07, 0xe0, 0x07,
    0xe0, 0x07, 0xe0, 0x07, 0xe0, 0x07, 0xe0, 0x07, 0xe0, 0x07, 0xe0, 0x07, 0xe0, 0x07, 0xe0, 0x07,
    0xe0, 0x07, 0xe0, 0x07, 0xe0, 0x07, 0xe0, 0x07, 0xe0, 0x07, 0x41, 0x80, 0x41, 0x80, 0x41, 0x80,
    0xc0, 0xc0, 0xc0, 0xc0, 0xc0, 0xc0, 0xc0, 0xc0, 0xc0, 0xc0, 0xc0, 0xc0, 0xc0, 0xc0, 0x80, 0xe9,
    0x22, 0xfd, 0x22, 0xfd, 0x09, 0xff, 0x09, 0xff, 0x09, 0xff, 0x09, 0xff, 0x09, 0xff, 0x09, 0xff,
    0x09, 0xff, 0x09, 0xff, 0x09, 0xff, 0x22, 0xfd, 0x09, 0xff, 0x80, 0xe9, 0x80, 0xe9, 0x80, 0xe9,
    0xc0, 0xc0, 0xc0, 0xc0, 0xc0, 0xc0, 0xc0, 0xc0, 0x41, 0x80, 0x02, 0x48, 0x02, 0x48, 0xe0, 0x07,
    0xe0, 0x07, 0xe0, 0x07, 0xe0, 0x07, 0xe0, 0x07, 0xe0, 0x07, 0xe0, 0x07, 0xe0, 0x07, 0xe0, 0x07,
    0xe0, 0x07, 0xe0, 0x07, 0xe0, 0x07, 0xe0, 0x07, 0xe0, 0x07, 0xe0, 0x07, 0xe0, 0x07, 0xe0, 0x07,
    0xe0, 0x07, 0xe0, 0x07, 0xe0, 0x07, 0xe0, 0x07, 0xe0, 0x07, 0xe0, 0x07, 0xe0, 0x07, 0xe0, 0x07,
    0xe0, 0x07, 0xe0, 0x07, 0xe0, 0x07, 0xe0, 0x07, 0xe0, 0x07, 0xe0, 0x07, 0xe0, 0x07, 0xe0, 0x07,
    0xe0, 0x07, 0xe0, 0x07, 0x41, 0x80, 0x41, 0x80, 0x41, 0x80, 0x41, 0x80, 0x41, 0x80, 0xc0, 0xc0,
    0xc0, 0xc0, 0x80, 0xe9, 0xc0, 0xc0, 0xc0, 0xc0, 0x80, 0xe9, 0x80, 0xe9, 0x22, 0xfd, 0x09, 0xff,
    0x09, 0xff, 0x09, 0xff, 0x09, 0xff, 0x09, 0xff, 0x09, 0xff, 0x09, 0xff, 0x09, 0xff, 0x09, 0xff,
    0x09, 0xff, 0x09, 0xff, 0x22, 0xfd, 0x80, 0xe9, 0x80, 0xe9, 0x80, 0xe9, 0x80, 0xe9, 0xc0, 0xc0,
    0xc0, 0xc0, 0xc0, 0xc0, 0x41, 0x80, 0x41, 0x80, 0x41, 0x80, 0x02, 0x48, 0xe0, 0x07, 0xe0, 0x07,
    0xe0, 0x07, 0xe0, 0x07, 0xe0, 0x07, 0xe0, 0x07, 0xe0, 0x07, 0xe0, 0x07, 0xe0, 0x07, 0xe0, 0x07,
    0xe0, 0x07, 0xe0, 0x07, 0xe0, 0x07, 0xe0, 0x07, 0xe0, 0x07, 0xe0, 0x07, 0xe0, 0x07, 0xe0, 0x07,
    0xe0, 0x07, 0xe0, 0x07, 0xe0, 0x07, 0xe0, 0x07, 0xe0, 0x07, 0xe0, 0x07, 0xe0, 0x07, 0xe0, 0x07,
    0xe0, 0x07, 0xe0, 0x07, 0xe0, 0x07, 0xe0, 0x07, 0xe0, 0x07, 0xe0, 0x07, 0xe0, 0x07, 0xe0, 0x07,
    0xe0, 0x07, 0x02, 0x48, 0x02, 0x48, 0xc0, 0xc0, 0xc0, 0xc0, 0xc0, 0xc0, 0xc0, 0xc0, 0xc0, 0xc0,
    0xc0, 0xc0, 0x80, 0xe9, 0xc0, 0xc0, 0x80, 0xe9, 0x22, 0xfd, 0x22, 0xfd, 0x09, 0xff, 0x09, 0xff,
    0x09, 0xff, 0x09, 0xff, 0x09, 0xff, 0x09, 0xff, 0x09, 0xff, 0x09, 0xff, 0x09, 0xff, 0x09, 0xff,
    0x22, 0xfd, 0x80, 0xe9, 0x80, 0xe9, 0xc0, 0xc0, 0x80, 0xe9, 0x80, 0xe9, 0xc0, 0xc0, 0xc0, 0xc0,
    0xc0, 0xc0, 0x41, 0x80, 0x41, 0x80, 0x41, 0x80, 0xe0, 0x07, 0xe0, 0x07, 0xe0, 0x07, 0xe0, 0x07,
    0xe0, 0x07, 0xe0, 0x07, 0xe0, 0x07, 0xe0, 0x07, 0xe0, 0x07, 0xe0, 0x07, 0xe0, 0x07, 0xe0, 0x07,
    0xe0, 0x07, 0xe0, 0x07, 0xe0, 0x07, 0xe0, 0x07, 0xe0, 0x07, 0xe0, 0x07, 0xe0, 0x07, 0xe0, 0x07,
    0xe0, 0x07, 0xe0, 0x07, 0xe0, 0x07, 0xe0, 0x07, 0xe0, 0x07, 0xe0, 0x07, 0xe0, 0x07, 0xe0, 0x07,
    0xe0, 0x07, 0xe0, 0x07, 0xe0, 0x07, 0xe0, 0x07, 0xe0, 0x07, 0xe0, 0x07, 0xe0, 0x07, 0xe0, 0x07,
    0x41, 0x80, 0x41, 0x80, 0x41, 0x80, 0xc0, 0xc0, 0xc0, 0xc0, 0x80, 0xe9, 0x80, 0xe9, 0x80, 0xe9,
    0x80, 0xe9, 0x80, 0xe9, 0x09, 0xff, 0x22, 0xfd, 0x09, 0xff, 0x09, 0xff, 0x09, 0xff, 0x09, 0xff,
    0x09, 0xff, 0x09, 0xff, 0x09, 0xff, 0x09, 0xff, 0x09, 0xff, 0x09, 0xff, 0x22, 0xfd, 0x22, 0xfd,
    0x80, 0xe9, 0xc0, 0xc0, 0xc0, 0xc0, 0x80, 0xe9, 0x80, 0xe9, 0xc0, 0xc0, 0xc0, 0xc0, 0xc0, 0xc0,
    0x41, 0x80, 0x41, 0x80, 0x41, 0x80, 0x41, 0x80, 0xe0, 0x07, 0xe0, 0x07, 0xe0, 0x07, 0xe0, 0x07,
    0xe0, 0x07, 0xe0, 0x07, 0xe0, 0x07, 0xe0, 0x07, 0xe0, 0x07, 0xe0, 0x07, 0xe0, 0x07, 0xe0, 0x07,
    0xe0, 0x07, 0xe0, 0x07, 0xe0, 0x07, 0xe0, 0x07, 0xe0, 0x07, 0xe0, 0x07, 0xe0, 0x07, 0xe0, 0x07,
    0xe0, 0x07, 0xe0, 0x07, 0xe0, 0x07, 0xe0, 0x07, 0xe0, 0x07, 0xe0, 0x07, 0xe0, 0x07, 0xe0, 0x07,
    0xe0, 0x07, 0xe0, 0x07, 0xe0, 0x07, 0xe0, 0x07, 0xe0, 0x07, 0xe0, 0x07, 0xe0, 0x07, 0xe0, 0x07,
    0x41, 0x80, 0x41, 0x80, 0x41, 0x80, 0x41, 0x80, 0xc0, 0xc0, 0x80, 0xe9, 0x80, 0xe9, 0x80, 0xe9,
    0x80, 0xe9, 0x80, 0xe9, 0x09, 0xff, 0x09, 0xff, 0x09, 0xff, 0x09, 0xff, 0x09, 0xff, 0x09, 0xff,
    0x09, 0xff, 0x09, 0xff, 0x09, 0xff, 0x09, 0xff, 0x09, 0xff, 0x09, 0xff, 0x22, 0xfd, 0x22, 0xfd,
    0x80, 0xe9, 0x80, 0xe9, 0xc0, 0xc0, 0xc0, 0xc0, 0x80, 0xe9, 0xc0, 0xc0, 0xc0, 0xc0, 0xc0, 0xc0,
    0x41, 0x80, 0x41, 0x80, 0x41, 0x80, 0xe0, 0x07, 0xe0, 0x07, 0xe0, 0x07, 0xe0, 0x07, 0xe0, 0x07,
    0xe0, 0x07, 0xe0, 0x07, 0xe0, 0x07, 0xe0, 0x07, 0xe0, 0x07, 0xe0, 0x07, 0xe0, 0x07, 0xe0, 0x07,
    0xe0, 0x07, 0xe0, 0x07, 0xe0, 0x07, 0xe0, 0x07, 0xe0, 0x07, 0xe0, 0x07, 0xe0, 0x07, 0xe0, 0x07,
    0xe0, 0x07, 0xe0, 0x07, 0xe0, 0x07, 0xe0, 0x07, 0xe0, 0x07, 0xe0, 0x07, 0xe0, 0x07, 0xe0, 0x07,
    0xe0, 0x07, 0xe0, 0x07, 0xe0, 0x07, 0xe0, 0x07, 0xe0, 0x07, 0xe0, 0x07, 0xe0, 0x07, 0x02, 0x48,
    0x02, 0x48, 0x41, 0x80, 0x41, 0x80, 0x41, 0x80, 0xc0, 0xc0, 0xc0, 0xc0, 0xc0, 0xc0, 0x80, 0xe9,
    0x80, 0xe9, 0x40, 0xfb, 0x09, 0xff, 0x09, 0xff, 0x09, 0xff, 0x09, 0xff, 0x09, 0xff, 0x09, 0xff,
    0x09, 0xff, 0x09, 0xff, 0x09, 0xff, 0x09, 0xff, 0x09, 0xff, 0x09, 0xff, 0x09, 0xff, 0x22, 0xfd,
    0x22, 0xfd, 0x80, 0xe9, 0x80, 0xe9, 0x80, 0xe9, 0x80, 0xe9, 0xc0, 0xc0, 0xc0, 0xc0, 0xc0, 0xc0,
    0xc0, 0xc0, 0x41, 0x80, 0x41, 0x80, 0xe0, 0x07, 0xe0, 0x07, 0xe0, 0x07, 0xe0, 0x07, 0xe0, 0x07,
    0xe0, 0x07, 0xe0, 0x07, 0xe0, 0x07, 0xe0, 0x07, 0xe0, 0x07, 0xe0, 0x07, 0xe0, 0x07, 0xe0, 0x07,
    0xe0, 0x07, 0xe0, 0x07, 0xe0, 0x07, 0xe0, 0x07, 0xe0, 0x07, 0xe0, 0x07, 0xe0, 0x07, 0xe0, 0x07,
    0xe0, 0x07, 0xe0, 0x07, 0xe0, 0x07, 0xe0, 0x07, 0xe0, 0x07, 0xe0, 0x07, 0xe0, 0x07, 0xe0, 0x07,
    0xe0, 0x07, 0xe0, 0x07, 0xe0, 0x07, 0xe0, 0x07, 0xe0, 0x07, 0xe0, 0x07, 0xe0, 0x07, 0xe0, 0x07,
    0xe0, 0x07, 0x41, 0x80, 0x41, 0x80, 0x41, 0x80, 0x41, 0x80, 0xc0, 0xc0, 0x80, 0xe9, 0x80, 0xe9,
    0x80, 0xe9, 0x80, 0xe9, 0x22, 0xfd, 0x09, 0xff, 0x09, 0xff, 0x09, 0xff, 0x09, 0xff, 0x09, 0xff,
    0x09, 0xff, 0x09, 0xff, 0x09, 0xff, 0x09, 0xff, 0x09, 0xff, 0x09, 0xff, 0x09, 0xff, 0x22, 0xfd,
    0x22, 0xfd, 0x40, 0xfb, 0x40, 0xfb, 0x80, 0xe9, 0x80, 0xe9, 0x80, 0xe9, 0xc0, 0xc0, 0xc0, 0xc0,
    0xc0, 0xc0, 0xc0, 0xc0, 0x41, 0x80, 0x02, 0x48, 0xe0, 0x07, 0xe0, 0x07, 0xe0, 0x07, 0xe0, 0x07,
    0xe0, 0x07, 0xe0, 0x07, 0xe0, 0x07, 0xe0, 0x07, 0xe0, 0x07, 0xe0, 0x07, 0xe0, 0x07, 0xe0, 0x07,
    0xe0, 0x07, 0xe0, 0x07, 0xe0, 0x07, 0xe0, 0x07, 0xe0, 0x07, 0xe0, 0x07, 0xe0, 0x07, 0xe0, 0x07,
    0xe0, 0x07, 0xe0, 0x07, 0xe0, 0x07, 0xe0, 0x07, 0xe0, 0x07, 0xe0, 0x07, 0xe0, 0x07, 0xe0, 0x07,
    0xe0, 0x07, 0xe0, 0x07, 0xe0, 0x07, 0xe0, 0x07, 0xe0, 0x07, 0xe0, 0x07, 0xe0, 0x07, 0xe0, 0x07,
    0x41, 0x80, 0x41, 0x80, 0x41, 0x80, 0x41, 0x80, 0x41, 0x80, 0xc0, 0xc0, 0xc0, 0xc0, 0x80, 0xe9,
    0x80, 0xe9, 0x80, 0xe9, 0x40, 0xfb, 0x09, 0xff, 0x09, 0xff, 0x09, 0xff, 0x09, 0xff, 0x09, 0xff,
    0x09, 0xff, 0x09, 0xff, 0x09, 0xff, 0x09, 0xff, 0x09, 0xff, 0x09, 0xff, 0x09, 0xff, 0x09, 0xff,
    0x22, 0xfd, 0x09, 0xff, 0x40, 0xfb, 0x80, 0xe9, 0x80, 0xe9, 0x80, 0xe9, 0xc0, 0xc0, 0x80, 0xe9,
    0xc0, 0xc0, 0x41, 0x80, 0x41, 0x80, 0x02, 0x48, 0x41, 0x80, 0xe0, 0x07, 0xe0, 0x07, 0xe0, 0x07,
    0xe0, 0x07, 0xe0, 0x07, 0xe0, 0x07, 0xe0, 0x07, 0xe0, 0x07, 0xe0, 0x07, 0xe0, 0x07, 0xe0, 0x07,
    0xe0, 0x07, 0xe0, 0x07, 0xe0, 0x07, 0xe0, 0x07, 0xe0, 0x07, 0xe0, 0x07, 0xe0, 0x07, 0xe0, 0x07,
    0xe0, 0x07, 0xe0, 0x07, 0xe0, 0x07, 0xe0, 0x07, 0xe0, 0x07, 0xe0, 0x07, 0xe0, 0x07, 0xe0, 0x07,
    0xe0, 0x07, 0xe0, 0x07, 0xe0, 0x07, 0xe0, 0x07, 0xe0, 0x07, 0xe0, 0x07, 0xe0, 0x07, 0x02, 0x48,
    0x02, 0x48, 0x02, 0x48, 0x41, 0x80, 0x41, 0x80, 0x41, 0x80, 0xc0, 0xc0, 0xc0, 0xc0, 0x80, 0xe9,
    0x80, 0xe9, 0x80, 0xe9, 0x80, 0xe9, 0x22, 0xfd, 0x09, 0xff, 0x09, 0xff, 0x09, 0xff, 0x09, 0xff,
    0x09, 0xff, 0x09, 0xff, 0x09, 0xff, 0x09, 0xff, 0x09, 0xff, 0x09, 0xff, 0x09, 0xff, 0x09, 0xff,
    0x09, 0xff, 0x09, 0xff, 0x09, 0xff, 0x80, 0xe9, 0x80, 0xe9, 0x80, 0xe9, 0x80, 0xe9, 0x80, 0xe9,
    0xc0, 0xc0, 0x41, 0x80, 0x41, 0x80, 0x41, 0x80, 0x41, 0x80, 0xe0, 0x07, 0xe0, 0x07, 0xe0, 0x07,
    0xe0, 0x07, 0xe0, 0x07, 0xe0, 0x07, 0xe0, 0x07, 0xe0, 0x07, 0xe0, 0x07, 0xe0, 0x07, 0xe0, 0x07,
    0xe0, 0x07, 0xe0, 0x07, 0xe0, 0x07, 0xe0, 0x07, 0xe0, 0x07, 0xe0, 0x07, 0xe0, 0x07, 0xe0, 0x07,
    0xe0, 0x07, 0xe0, 0x07, 0xe0, 0x07, 0xe0, 0x07, 0xe0, 0x07, 0xe0, 0x07, 0xe0, 0x07, 0xe0, 0x07,
    0xe0, 0x07, 0xe0, 0x07, 0xe0, 0x07, 0xe0, 0x07, 0xe0, 0x07, 0xe0, 0x07, 0xe0, 0x07, 0x02, 0x48,
    0x02, 0x48, 0x41, 0x80, 0x41, 0x80, 0x41, 0x80, 0x41, 0x80, 0xc0, 0xc0, 0xc0, 0xc0, 0x80, 0xe9,
    0x80, 0xe9, 0x80, 0xe9, 0x80, 0xe9, 0x22, 0xfd, 0x09, 0xff, 0x09, 0xff, 0x09, 0xff, 0x09, 0xff,
    0x09, 0xff, 0x09, 0xff, 0x09, 0xff, 0x09, 0xff, 0x09, 0xff, 0x09, 0xff, 0x09, 0xff, 0x09, 0xff,
    0x09, 0xff, 0x09, 0xff, 0x09, 0xff, 0x40, 0xfb, 0x80, 0xe9, 0x80, 0xe9, 0x80, 0xe9, 0xc0, 0xc0,
    0xc0, 0xc0, 0x41, 0x80, 0x41, 0x80, 0x41, 0x80, 0x41, 0x80, 0x41, 0x80, 0xe0, 0x07, 0xe0, 0x07,
    0xe0, 0x07, 0xe0, 0x07, 0xe0, 0x07, 0xe0, 0x07, 0xe0, 0x07, 0xe0, 0x07, 0xe0, 0x07, 0xe0, 0x07,
    0xe0, 0x07, 0xe0, 0x07, 0xe0, 0x07, 0xe0, 0x07, 0xe0, 0x07, 0xe0, 0x07, 0xe0, 0x07, 0xe0, 0x07,
    0xe0, 0x07, 0xe0, 0x07, 0xe0, 0x07, 0xe0, 0x07, 0xe0, 0x07, 0xe0, 0x07, 0xe0, 0x07, 0xe0, 0x07,
    0xe0, 0x07, 0xe0, 0x07, 0xe0, 0x07, 0xe0, 0x07, 0xe0, 0x07, 0xe0, 0x07, 0xe0, 0x07, 0xe0, 0x07,
    0xe0, 0x07, 0x41, 0x80, 0x41, 0x80, 0x41, 0x80, 0x41, 0x80, 0x41, 0x80, 0xc0, 0xc0, 0x80, 0xe9,
    0x80, 0xe9, 0x80, 0xe9, 0x80, 0xe9, 0x09, 0xff, 0x09, 0xff, 0x09, 0xff, 0x09, 0xff, 0x09, 0xff,
    0x09, 0xff, 0x09, 0xff, 0x09, 0xff, 0x09, 0xff, 0x09, 0xff, 0x09, 0xff, 0x09, 0xff, 0x09, 0xff,
    0x09, 0xff, 0x09, 0xff, 0x09, 0xff, 0x40, 0xfb, 0x80, 0xe9, 0x80, 0xe9, 0x80, 0xe9, 0x80, 0xe9,
    0xc0, 0xc0, 0x41, 0x80, 0x41, 0x80, 0x41, 0x80, 0x41, 0x80, 0x41, 0x80, 0xe0, 0x07, 0xe0, 0x07,
    0xe0, 0x07, 0xe0, 0x07, 0xe0, 0x07, 0xe0, 0x07, 0xe0, 0x07, 0xe0, 0x07, 0xe0, 0x07, 0xe0, 0x07,
    0xe0, 0x07, 0xe0, 0x07, 0xe0, 0x07, 0xe0, 0x07, 0xe0, 0x07, 0xe0, 0x07, 0xe0, 0x07, 0xe0, 0x07,
    0xe0, 0x07, 0xe0, 0x07, 0xe0, 0x07, 0xe0, 0x07, 0xe0, 0x07, 0xe0, 0x07, 0xe0, 0x07, 0xe0, 0x07,
    0xe0, 0x07, 0xe0, 0x07, 0xe0, 0x07, 0xe0, 0x07, 0xe0, 0x07, 0xe0, 0x07, 0xe0, 0x07, 0xe0, 0x07,
    0x41, 0x80, 0x41, 0x80, 0x41, 0x80, 0x41, 0x80, 0x41, 0x80, 0xc0, 0xc0, 0xc0, 0xc0, 0xc0, 0xc0,
    0x80, 0xe9, 0x80, 0xe9, 0x40, 0xfb, 0x09, 0xff, 0x09, 0xff, 0x09, 0xff, 0x09, 0xff, 0x09, 0xff,
    0x09, 0xff, 0x09, 0xff, 0x09, 0xff, 0x09, 0xff, 0x09, 0xff, 0x09, 0xff, 0x09, 0xff, 0x09, 0xff,
    0x09, 0xff, 0x09, 0xff, 0x09, 0xff, 0x40, 0xfb, 0x40, 0xfb, 0x80, 0xe9, 0x80, 0xe9, 0xc0, 0xc0,
    0xc0, 0xc0, 0xc0, 0xc0, 0x41, 0x80, 0x41, 0x80, 0x41, 0x80, 0x41, 0x80, 0x41, 0x80, 0xe0, 0x07,
    0xe0, 0x07, 0xe0, 0x07, 0xe0, 0x07, 0xe0, 0x07, 0xe0, 0x07, 0xe0, 0x07, 0xe0, 0x07, 0xe0, 0x07,
    0xe0, 0x07, 0xe0, 0x07, 0xe0, 0x07, 0xe0, 0x07, 0xe0, 0x07, 0xe0, 0x07, 0xe0, 0x07, 0xe0, 0x07,
    0xe0, 0x07, 0xe0, 0x07, 0xe0, 0x07, 0xe0, 0x07, 0xe0, 0x07, 0xe0, 0x07, 0xe0, 0x07, 0xe0, 0x07,
    0xe0, 0x07, 0xe0, 0x07, 0xe0, 0x07, 0xe0, 0x07, 0xe0, 0x07, 0xe0, 0x07, 0xe0, 0x07, 0x02, 0x48,
    0x02, 0x48, 0x02, 0x48, 0x41, 0x80, 0x41, 0x80, 0xc0, 0xc0, 0xc0, 0xc0, 0xc0, 0xc0, 0xc0, 0xc0,
    0x80, 0xe9, 0x80, 0xe9, 0x80, 0xe9, 0x80, 0xe9, 0x09, 0xff, 0x09, 0xff, 0x09, 0xff, 0x09, 0xff,
    0x09, 0xff, 0x09, 0xff, 0x09, 0xff, 0x09, 0xff, 0x09, 0xff, 0x09, 0xff, 0x09, 0xff, 0x09, 0xff,
    0x09, 0xff, 0x09, 0xff, 0x09, 0xff, 0x09, 0xff, 0x40, 0xfb, 0x80, 0xe9, 0x80, 0xe9, 0xc0, 0xc0,
    0xc0, 0xc0, 0xc0, 0xc0, 0x41, 0x80, 0x41, 0x80, 0x41, 0x80, 0x41, 0x80, 0x41, 0x80, 0xe0, 0x07,
    0x02, 0x48, 0xe0, 0x07, 0xe0, 0x07, 0xe0, 0x07, 0xe0, 0x07, 0xe0, 0x07, 0xe0, 0x07, 0xe0, 0x07,
    0xe0, 0x07, 0xe0, 0x07, 0xe0, 0x07, 0xe0, 0x07, 0xe0, 0x07, 0xe0, 0x07, 0xe0, 0x07, 0xe0, 0x07,
    0xe0, 0x07, 0xe0, 0x07, 0xe0, 0x07, 0xe0, 0x07, 0xe0, 0x07, 0xe0, 0x07, 0xe0, 0x07, 0xe0, 0x07,
    0xe0, 0x07, 0xe0, 0x07, 0xe0, 0x07, 0xe0, 0x07, 0xe0, 0x07, 0xe0, 0x07, 0xe0, 0x07, 0xe0, 0x07,
    0xe0, 0x07, 0x41, 0x80, 0x41, 0x80, 0x41, 0x80, 0x41, 0x80, 0x41, 0x80, 0xc0, 0xc0, 0xc0, 0xc0,
    0x80, 0xe9, 0x80, 0xe9, 0x80, 0xe9, 0x40, 0xfb, 0x40, 0xfb, 0x09, 0xff, 0x09, 0xff, 0x09, 0xff,
    0x09, 0xff, 0x09, 0xff, 0x09, 0xff, 0x09, 0xff, 0x09, 0xff, 0x09, 0xff, 0x09, 0xff, 0x09, 0xff,
    0x09, 0xff, 0x09, 0xff, 0x09, 0xff, 0x09, 0xff, 0x09, 0xff, 0x09, 0xff, 0x40, 0xfb, 0xc0, 0xc0,
    0xc0, 0xc0, 0xc0, 0xc0, 0xc0, 0xc0, 0xc0, 0xc0, 0x41, 0x80, 0x41, 0x80, 0x41, 0x80, 0x02, 0x48,
    0x41, 0x80, 0xe0, 0x07, 0xe0, 0x07, 0xe0, 0x07, 0xe0, 0x07, 0xe0, 0x07, 0xe0, 0x07, 0xe0, 0x07,
    0xe0, 0x07, 0xe0, 0x07, 0xe0, 0x07, 0xe0, 0x07, 0xe0, 0x07, 0xe0, 0x07, 0xe0, 0x07, 0xe0, 0x07,
    0xe0, 0x07, 0xe0, 0x07, 0xe0, 0x07, 0xe0, 0x07, 0xe0, 0x07, 0xe0, 0x07, 0xe0, 0x07, 0xe0, 0x07,
    0xe0, 0x07, 0xe0, 0x07, 0xe0, 0x07, 0xe0, 0x07, 0xe0, 0x07, 0xe0, 0x07, 0xe0, 0x07, 0xe0, 0x07,
    0xe0, 0x07, 0xe0, 0x07, 0xe0, 0x07, 0x41, 0x80, 0x41, 0x80, 0x41, 0x80, 0x41, 0x80, 0xc0, 0xc0,
    0x80, 0xe9, 0x80, 0xe9, 0x80, 0xe9, 0x80, 0xe9, 0x80, 0xe9, 0x40, 0xfb, 0x09, 0xff, 0x22, 0xfd,
    0x09, 0xff, 0x09, 0xff, 0x09, 0xff, 0x09, 0xff, 0x09, 0xff, 0x09, 0xff, 0x09, 0xff, 0x09, 0xff,
    0x09, 0xff, 0x09, 0xff, 0x09, 0xff, 0x09, 0xff, 0x09, 0xff, 0x09, 0xff, 0x09, 0xff, 0x40, 0xfb,
    0x80, 0xe9, 0xc0, 0xc0, 0xc0, 0xc0, 0xc0, 0xc0, 0xc0, 0xc0, 0xc0, 0xc0, 0x41, 0x80, 0x41, 0x80,
    0x41, 0x80, 0x41, 0x80, 0x41, 0x80, 0xe0, 0x07, 0xe0, 0x07, 0xe0, 0x07, 0xe0, 0x07, 0xe0, 0x07,
    0xe0, 0x07, 0xe0, 0x07, 0xe0, 0x07, 0xe0, 0x07, 0xe0, 0x07, 0xe0, 0x07, 0xe0, 0x07, 0xe0, 0x07,
    0xe0, 0x07, 0xe0, 0x07, 0xe0, 0x07, 0xe0, 0x07, 0xe0, 0x07, 0xe0, 0x07, 0xe0, 0x07, 0xe0, 0x07,
    0xe0, 0x07, 0xe0, 0x07, 0xe0, 0x07, 0xe0, 0x07, 0xe0, 0x07, 0xe0, 0x07, 0xe0, 0x07, 0xe0, 0x07,
    0xe0, 0x07, 0xe0, 0x07, 0x02, 0x48, 0x02, 0x48, 0x02, 0x48, 0x41, 0x80, 0x41, 0x80, 0xc0, 0xc0,
    0xc0, 0xc0, 0xc0, 0xc0, 0x80, 0xe9, 0x80, 0xe9, 0x80, 0xe9, 0x80, 0xe9, 0x80, 0xe9, 0x22, 0xfd,
    0x22, 0xfd, 0x22, 0xfd, 0x09, 0xff, 0x09, 0xff, 0x09, 0xff, 0x09, 0xff, 0x09, 0xff, 0x09, 0xff,
    0x09, 0xff, 0x09, 0xff, 0x09, 0xff, 0x09, 0xff, 0x09, 0xff, 0x09, 0xff, 0x09, 0xff, 0x09, 0xff,
    0x22, 0xfd, 0x80, 0xe9, 0xc0, 0xc0, 0xc0, 0xc0, 0xc0, 0xc0, 0xc0, 0xc0, 0xc0, 0xc0, 0x41, 0x80,
    0x41, 0x80, 0x41, 0x80, 0x41, 0x80, 0x41, 0x80, 0x02, 0x48, 0xe0, 0x07, 0xe0, 0x07, 0xe0, 0x07,
    0xe0, 0x07, 0xe0, 0x07, 0xe0, 0x07, 0xe0, 0x07, 0xe0, 0x07, 0xe0, 0x07, 0xe0, 0x07, 0xe0, 0x07,
    0xe0, 0x07, 0xe0, 0x07, 0xe0, 0x07, 0xe0, 0x07, 0xe0, 0x07, 0xe0, 0x07, 0xe0, 0x07, 0xe0, 0x07,
    0xe0, 0x07, 0xe0, 0x07, 0xe0, 0x07, 0xe0, 0x07, 0xe0, 0x07, 0xe0, 0x07, 0xe0, 0x07, 0xe0, 0x07,
    0xe0, 0x07, 0xe0, 0x07, 0x02, 0x48, 0x02, 0x48, 0x41, 0x80, 0x41, 0x80, 0xc0, 0xc0, 0xc0, 0xc0,
    0xc0, 0xc0, 0x80, 0xe9, 0x80, 0xe9, 0x80, 0xe9, 0x80, 0xe9, 0x80, 0xe9, 0xc0, 0xc0, 0x22, 0xfd,
    0x22, 0xfd, 0x09, 0xff, 0x09, 0xff, 0x09, 0xff, 0x09, 0xff, 0x09, 0xff, 0x09, 0xff, 0x09, 0xff,
    0x09, 0xff, 0x09, 0xff, 0x09, 0xff, 0x09, 0xff, 0x09, 0xff, 0x09, 0xff, 0x09, 0xff, 0x09, 0xff,
    0x09, 0xff, 0x80, 0xe9, 0xc0, 0xc0, 0xc0, 0xc0, 0xc0, 0xc0, 0xc0, 0xc0, 0xc0, 0xc0, 0x41, 0x80,
    0x41, 0x80, 0x41, 0x80, 0x41, 0x80, 0x41, 0x80, 0x02, 0x48, 0x02, 0x48, 0xe0, 0x07, 0xe0, 0x07,
    0xe0, 0x07, 0xe0, 0x07, 0xe0, 0x07, 0xe0, 0x07, 0xe0, 0x07, 0xe0, 0x07, 0xe0, 0x07, 0xe0, 0x07,
    0xe0, 0x07, 0xe0, 0x07, 0xe0, 0x07, 0xe0, 0x07, 0xe0, 0x07, 0xe0, 0x07, 0xe0, 0x07, 0xe0, 0x07,
    0xe0, 0x07, 0xe0, 0x07, 0xe0, 0x07, 0xe0, 0x07, 0xe0, 0x07, 0xe0, 0x07, 0xe0, 0x07, 0xe0, 0x07,
    0xe0, 0x07, 0x02, 0x48, 0x02, 0x48, 0x02, 0x48, 0x41, 0x80, 0xc0, 0xc0, 0xc0, 0xc0, 0xc0, 0xc0,
    0xc0, 0xc0, 0x80, 0xe9, 0x80, 0xe9, 0x80, 0xe9, 0x80, 0xe9, 0x80, 0xe9, 0x80, 0xe9, 0x80, 0xe9,
    0x40, 0xfb, 0x40, 0xfb, 0x40, 0xfb, 0x40, 0xfb, 0x40, 0xfb, 0x40, 0xfb, 0x40, 0xfb, 0x40, 0xfb,
    0x40, 0xfb, 0x40, 0xfb, 0x40, 0xfb, 0x40, 0xfb, 0x40, 0xfb, 0x40, 0xfb, 0x40, 0xfb, 0x40, 0xfb,
    0x40, 0xfb, 0x80, 0xe9, 0x80, 0xe9, 0xc0, 0xc0, 0xc0, 0xc0, 0xc0, 0xc0, 0xc0, 0xc0, 0xc0, 0xc0,
    0x41, 0x80, 0x41, 0x80, 0x41, 0x80, 0x41, 0x80, 0xe0, 0x07, 0xe0, 0x07, 0xe0, 0x07, 0xe0, 0x07,
    0xe0, 0x07, 0xe0, 0x07, 0xe0, 0x07, 0xe0, 0x07, 0xe0, 0x07, 0xe0, 0x07, 0xe0, 0x07, 0xe0, 0x07,
    0xe0, 0x07, 0xe0, 0x07, 0xe0, 0x07, 0xe0, 0x07, 0xe0, 0x07, 0xe0, 0x07, 0xe0, 0x07, 0xe0, 0x07,
    0xe0, 0x07, 0xe0, 0x07, 0xe0, 0x07, 0xe0, 0x07, 0xe0, 0x07, 0xe0, 0x07, 0xe0, 0x07, 0xe0, 0x07,
    0x41, 0x80, 0x41, 0x80, 0x41, 0x80, 0x41, 0x80, 0xc0, 0xc0, 0xc0, 0xc0, 0x80, 0xe9, 0x80, 0xe9,
    0x80, 0xe9, 0x80, 0xe9, 0x80, 0xe9, 0x40, 0xfb, 0x80, 0xe9, 0x80, 0xe9, 0x80, 0xe9, 0x80, 0xe9,
    0x40, 0xfb, 0x40, 0xfb, 0x40, 0xfb, 0x40, 0xfb, 0x40, 0xfb, 0x40, 0xfb, 0x40, 0xfb, 0x40, 0xfb,
    0x40, 0xfb, 0x40, 0xfb, 0x40, 0xfb, 0x40, 0xfb, 0x40, 0xfb, 0x40, 0xfb, 0x40, 0xfb, 0x40, 0xfb,
    0x80, 0xe9, 0x80, 0xe9, 0x80, 0xe9, 0xc0, 0xc0, 0xc0, 0xc0, 0xc0, 0xc0, 0x41, 0x80, 0x41, 0x80,
    0x41, 0x80, 0x41, 0x80, 0x41, 0x80, 0xe0, 0x07, 0xe0, 0x07, 0xe0, 0x07, 0xe0, 0x07, 0xe0, 0x07,
    0xe0, 0x07, 0xe0, 0x07, 0xe0, 0x07, 0xe0, 0x07, 0xe0, 0x07, 0xe0, 0x07, 0xe0, 0x07, 0xe0, 0x07,
    0xe0, 0x07, 0xe0, 0x07, 0xe0, 0x07, 0xe0, 0x07, 0xe0, 0x07, 0xe0, 0x07, 0xe0, 0x07, 0xe0, 0x07,
    0xe0, 0x07, 0xe0, 0x07, 0xe0, 0x07, 0xe0, 0x07, 0xe0, 0x07, 0x02, 0x48, 0x02, 0x48, 0x02, 0x48,
    0x41, 0x80, 0x41, 0x80, 0x41, 0x80, 0xc0, 0xc0, 0xc0, 0xc0, 0x80, 0xe9, 0x80, 0xe9, 0x80, 0xe9,
    0x80, 0xe9, 0x80, 0xe9, 0x40, 0xfb, 0x80, 0xe9, 0x80, 0xe9, 0x40, 0xfb, 0x40, 0xfb, 0x40, 0xfb,
    0x40, 0xfb, 0x40, 0xfb, 0x40, 0xfb, 0x40, 0xfb, 0x40, 0xfb, 0x40, 0xfb, 0x40, 0xfb, 0x40, 0xfb,
    0x40, 0xfb, 0x40, 0xfb, 0x80, 0xe9, 0x40, 0xfb, 0x40, 0xfb, 0x40, 0xfb, 0x40, 0xfb, 0x80, 0xe9,
    0x80, 0xe9, 0x80, 0xe9, 0x80, 0xe9, 0xc0, 0xc0, 0x41, 0x80, 0x41, 0x80, 0x41, 0x80, 0x41, 0x80,
    0x02, 0x48, 0x02, 0x48, 0xe0, 0x07, 0xe0, 0x07, 0xe0, 0x07, 0xe0, 0x07, 0xe0, 0x07, 0xe0, 0x07,
    0xe0, 0x07, 0xe0, 0x07, 0xe0, 0x07, 0xe0, 0x07, 0xe0, 0x07, 0xe0, 0x07, 0xe0, 0x07, 0xe0, 0x07,
};

const lv_img_dsc_t bongo_fire_1 = {
    .header.cf = LV_IMG_CF_TRUE_COLOR_CHROMA_KEYED,
    .header.always_zero = 0,
    .header.reserved = 0,
    .header.w = 72,
    .header.h = 52,
    .data_size = sizeof(bongo_fire_1_map),
    .data = bongo_fire_1_map,
};

static const uint8_t bongo_fire_2_map[] = {
    0xe0, 0x07, 0xe0, 0x07, 0xe0, 0x07, 0xe0, 0x07, 0xe0, 0x07, 0xe0, 0x07, 0xe0, 0x07, 0xe0, 0x07,
    0xe0, 0x07, 0xe0, 0x07, 0xe0, 0x07, 0xe0, 0x07, 0xe0, 0x07, 0xe0, 0x07, 0xe0, 0x07, 0xe0, 0x07,
    0xe0, 0x07, 0xe0, 0x07, 0xe0, 0x07, 0xe0, 0x07, 0xe0, 0x07, 0xe0, 0x07, 0xe0, 0x07, 0xe0, 0x07,
    0xe0, 0x07, 0xe0, 0x07, 0xe0, 0x07, 0xe0, 0x07, 0xe0, 0x07, 0xe0, 0x07, 0xe0, 0x07, 0xe0, 0x07,
    0xc0, 0xc0, 0xc0, 0xc0, 0xe0, 0x07, 0xe0, 0x07, 0xe0, 0x07, 0xe0, 0x07, 0xe0, 0x07, 0xe0, 0x07,
    0xe0, 0x07, 0xe0, 0x07, 0xe0, 0x07, 0xe0, 0x07, 0xe0, 0x07, 0xe0, 0x07, 0xe0, 0x07, 0xe0, 0x07,
    0xe0, 0x07, 0xe0, 0x07, 0xe0, 0x07, 0xe0, 0x07, 0xe0, 0x07, 0xe0, 0x07, 0xe0, 0x07, 0xe0, 0x07,
    0xe0, 0x07, 0xe0, 0x07, 0xe0, 0x07, 0xe0, 0x07, 0xe0, 0x07, 0xe0, 0x07, 0xe0, 0x07, 0xe0, 0x07,
    0xe0, 0x07, 0xe0, 0x07, 0xe0, 0x07, 0xe0, 0x07, 0xe0, 0x07, 0xe0, 0x07, 0xe0, 0x07, 0xe0, 0x07,
    0xe0, 0x07, 0xe0, 0x07, 0xe0, 0x07, 0xe0, 0x07, 0xe0, 0x07, 0xe0, 0x07, 0xe0, 0x07, 0xe0, 0x07,
    0xe0, 0x07, 0xe0, 0x07, 0xe0, 0x07, 0xe0, 0x07, 0xe0, 0x07, 0xe0, 0x07, 0xe0, 0x07, 0xe0, 0x07,
    0xe0, 0x07, 0xe0, 0x07, 0xe0, 0x07, 0xe0, 0x07, 0xe0, 0x07, 0xe0, 0x07, 0xe0, 0x07, 0xe0, 0x07,
    0xe0, 0x07, 0xe0, 0x07, 0xe0, 0x07, 0xe0, 0x07, 0xe0, 0x07, 0xe0, 0x07, 0xe0, 0x07, 0xe0, 0x07,
    0x41, 0x80, 0x80, 0xe9, 0x40, 0xfb, 0xc0, 0xc0, 0xe0, 0x07, 0xe0, 0x07, 0xe0, 0x07, 0xe0, 0x07,
    0xe0, 0x07, 0xe0, 0x07, 0xe0, 0x07, 0xe0, 0x07, 0xe0, 0x07, 0xe0, 0x07, 0xe0, 0x07, 0xe0, 0x07,
    0xe0, 0x07, 0xe0, 0x07, 0xe0, 0x07, 0xe0, 0x07, 0xe0, 0x07, 0xe0, 0x07, 0xe0, 0x07, 0xe0, 0x07,
    0xe0, 0x07, 0xe0, 0x07, 0xe0, 0x07, 0xe0, 0x07, 0xe0, 0x07, 0xe0, 0x07, 0xe0, 0x07, 0xe0, 0x07,
    0xe0, 0x07, 0xe0, 0x07, 0xe0, 0x07, 0xe0, 0x07, 0xe0, 0x07, 0xe0, 0x07, 0xe0, 0x07, 0xe0, 0x07,
    0xe0, 0x07, 0xe0, 0x07, 0xe0, 0x07, 0xe0, 0x07, 0xe0, 0x07, 0xe0, 0x07, 0xe0, 0x07, 0xe0, 0x07,
    0xe0, 0x07, 0xe0, 0x07, 0xe0, 0x07, 0xe0, 0x07, 0xe0, 0x07, 0xe0, 0x07, 0xe0, 0x07, 0xe0, 0x07,
    0xe0, 0x07, 0xe0, 0x07, 0xe0, 0x07, 0xe0, 0x07, 0xe0, 0x07, 0xe0, 0x07, 0xe0, 0x07, 0xe0, 0x07,
    0xe0, 0x07, 0xe0, 0x07, 0xe0, 0x07, 0xe0, 0x07, 0xe0, 0x07, 0xe0, 0x07, 0xe0, 0x07, 0xe0, 0x07,
    0x41, 0x80, 0xc0, 0xc0, 0x40, 0xfb, 0x40, 0xfb, 0x80, 0xe9, 0x41, 0x80, 0xe0, 0x07, 0xe0, 0x07,
    0xe0, 0x07, 0xe0, 0x07, 0xe0, 0x07, 0xe0, 0x07, 0xe0, 0x07, 0xe0, 0x07, 0xe0, 0x07, 0xe0, 0x07,
    0xe0, 0x07, 0xe0, 0x07, 0xe0, 0x07, 0xe0, 0x07, 0xe0, 0x07, 0xe0, 0x07, 0xe0, 0x07, 0xe0, 0x07,
    0xe0, 0x07, 0xe0, 0x07, 0xe0, 0x07, 0xe0, 0x07, 0xe0, 0x07, 0xe0, 0x07, 0xe0, 0x07, 0xe0, 0x07,
    0xe0, 0x07, 0xe0, 0x07, 0xe0, 0x07, 0xe0, 0x07, 0xe0, 0x07, 0xe0, 0x07, 0xe0, 0x07, 0xe0, 0x07,
    0xe0, 0x07, 0xe0, 0x07, 0xe0, 0x07, 0xe0, 0x07, 0xe0, 0x07, 0xe0, 0x07, 0xe0, 0x07, 0xe0, 0x07,
    0xe0, 0x07, 0xe0, 0x07, 0xe0, 0x07, 0xe0, 0x07, 0xe0, 0x07, 0xe0, 0x07, 0xe0, 0x07, 0xe0, 0x07,
    0xe0, 0x07, 0xe0, 0x07, 0xe0, 0x07, 0xe0, 0x07, 0xe0, 0x07, 0xe0, 0x07, 0xe0, 0x07, 0xe0, 0x07,
    0xe0, 0x07, 0xe0, 0x07, 0xe0, 0x07, 0xe0, 0x07, 0xe0, 0x07, 0xe0, 0x07, 0xe0, 0x07, 0xe0, 0x07,
    0x41, 0x80, 0xc0, 0xc0, 0x80, 0xe9, 0x40, 0xfb, 0x40, 0xfb, 0x80, 0xe9, 0xc0, 0xc0, 0x41, 0x80,
    0xe0, 0x07, 0xe0, 0x07, 0xe0, 0x07, 0xe0, 0x07, 0xe0, 0x07, 0xe0, 0x07, 0xe0, 0x07, 0xe0, 0x07,
    0xe0, 0x07, 0xe0, 0x07, 0xe0, 0x07, 0xe0, 0x07, 0xe0, 0x07, 0xe0, 0x07, 0xe0, 0x07, 0xe0, 0x07,
    0xe0, 0x07, 0xe0, 0x07, 0xe0, 0x07, 0xe0, 0x07, 0xe0, 0x07, 0xe0, 0x07, 0xe0, 0x07, 0xe0, 0x07,
    0xe0, 0x07, 0xe0, 0x07, 0xe0, 0x07, 0xe0, 0x07, 0xe0, 0x07, 0xe0, 0x07, 0xe0, 0x07, 0xe0, 0x07,
    0xe0, 0x07, 0xe0, 0x07, 0xe0, 0x07, 0xe0, 0x07, 0xe0, 0x07, 0xe0, 0x07, 0xe0, 0x07, 0xe0, 0x07,
    0xe0, 0x07, 0xe0, 0x07, 0xe0, 0x07, 0xe0, 0x07, 0xe0, 0x07, 0xe0, 0x07, 0xe0, 0x07, 0xe0, 0x07,
    0xe0, 0x07, 0xe0, 0x07, 0xe0, 0x07, 0xe0, 0x07, 0xe0, 0x07, 0xe0, 0x07, 0xe0, 0x07, 0xe0, 0x07,
    0xe0, 0x07, 0xe0, 0x07, 0xe0, 0x07, 0xe0, 0x07, 0xe0, 0x07, 0xe0, 0x07, 0xe0, 0x07, 0xe0, 0x07,
    0x41, 0x80, 0xc0, 0xc0, 0x80, 0xe9, 0x40, 0xfb, 0x40, 0xfb, 0x80, 0xe9, 0xc0, 0xc0, 0x41, 0x80,
    0x02, 0x48, 0xe0, 0x07, 0xe0, 0x07, 0xe0, 0x07, 0xe0, 0x07, 0xe0, 0x07, 0xe0, 0x07, 0xe0, 0x07,
    0xe0, 0x07, 0xe0, 0x07, 0xe0, 0x07, 0xe0, 0x07, 0xe0, 0x07, 0xe0, 0x07, 0xe0, 0x07, 0xe0, 0x07,
    0xe0, 0x07, 0xe0, 0x07, 0xe0, 0x07, 0xe0, 0x07, 0xe0, 0x07, 0xe0, 0x07, 0xe0, 0x07, 0xe0, 0x07,
    0xe0, 0x07, 0xe0, 0x07, 0xe0, 0x07, 0xe0, 0x07, 0xe0, 0x07, 0xe0, 0x07, 0xe0, 0x07, 0xe0, 0x07,
    0xe0, 0x07, 0xe0, 0x07, 0xe0, 0x07, 0xe0, 0x07, 0xe0, 0x07, 0xe0, 0x07, 0xe0, 0x07, 0xe0, 0x07,
    0xe0, 0x07, 0xe0, 0x07, 0xe0, 0x07, 0xe0, 0x07, 0xe0, 0x07, 0xe0, 0x07, 0xe0, 0x07, 0xe0, 0x07,
    0xe0, 0x07, 0xe0, 0x07, 0xe0, 0x07, 0xe0, 0x07, 0xe0, 0x07, 0xe0, 0x07, 0xe0, 0x07, 0xe0, 0x07,
    0xe0, 0x07, 0xe0, 0x07, 0xe0, 0x07, 0xe0, 0x07, 0xe0, 0x07, 0xe0, 0x07, 0xe0, 0x07, 0x02, 0x48,
    0xc0, 0xc0, 0xc0, 0xc0, 0x80, 0xe9, 0x40, 0xfb, 0x40, 0xfb, 0x40, 0xfb, 0x80, 0xe9, 0xc0, 0xc0,
    0x41, 0x80, 0xe0, 0x07, 0xe0, 0x07, 0xe0, 0x07, 0xe0, 0x07, 0xe0, 0x07, 0xe0, 0x07, 0xe0, 0x07,
    0xe0, 0x07, 0xe0, 0x07, 0xe0, 0x07, 0xe0, 0x07, 0xe0, 0x07, 0xe0, 0x07, 0xe0, 0x07, 0xe0, 0x07,
    0xe0, 0x07, 0xe0, 0x07, 0xe0, 0x07, 0xe0, 0x07, 0xe0, 0x07, 0xe0, 0x07, 0xe0, 0x07, 0xe0, 0x07,
    0xe0, 0x07, 0xe0, 0x07, 0xe0, 0x07, 0xe0, 0x07, 0xe0, 0x07, 0xe0, 0x07, 0xe0, 0x07, 0xe0, 0x07,
    0xe0, 0x07, 0xe0, 0x07, 0xe0, 0x07, 0xe0, 0x07, 0xe0, 0x07, 0xe0, 0x07, 0xe0, 0x07, 0xe0, 0x07,
    0xe0, 0x07, 0xe0, 0x07, 0xe0, 0x07, 0xe0, 0x07, 0xe0, 0x07, 0xe0, 0x07, 0xe0, 0x07, 0xe0, 0x07,
    0xe0, 0x07, 0xe0, 0x07, 0xe0, 0x07, 0xe0, 0x07, 0xe0, 0x07, 0xe0, 0x07, 0xe0, 0x07, 0xe0, 0x07,
    0xe0, 0x07, 0xe0, 0x07, 0xe0, 0x07, 0xe0, 0x07, 0xe0, 0x07, 0xe0, 0x07, 0xe0, 0x07, 0xe0, 0x07,
    0x41, 0x80, 0x41, 0x80, 0xc0, 0xc0, 0x40, 0xfb, 0x40, 0xfb, 0x40, 0xfb, 0x80, 0xe9, 0xc0, 0xc0,
    0x41, 0x80, 0x02, 0x48, 0xe0, 0x07, 0xe0, 0x07, 0xe0, 0x07, 0xe0, 0x07, 0xe0, 0x07, 0xe0, 0x07,
    0xe0, 0x07, 0xe0, 0x07, 0xe0, 0x07, 0xe0, 0x07, 0xe0, 0x07, 0xe0, 0x07, 0xe0, 0x07, 0xe0, 0x07,
    0xe0, 0x07, 0xe0, 0x07, 0xe0, 0x07, 0xe0, 0x07, 0xe0, 0x07, 0xe0, 0x07, 0xe0, 0x07, 0xe0, 0x07,
    0xe0, 0x07, 0xe0, 0x07, 0xe0, 0x07, 0xe0, 0x07, 0xe0, 0x07, 0xe0, 0x07, 0xe0, 0x07, 0xe0, 0x07,
    0xe0, 0x07, 0xe0, 0x07, 0xe0, 0x07, 0xe0, 0x07, 0xe0, 0x07, 0xe0, 0x07, 0xe0, 0x07, 0xe0, 0x07,
    0xe0, 0x07, 0xe0, 0x07, 0xe0, 0x07, 0xe0, 0x07, 0xe0, 0x07, 0xe0, 0x07, 0xe0, 0x07, 0xe0, 0x07,
    0xe0, 0x07, 0xe0, 0x07, 0xe0, 0x07, 0xe0, 0x07, 0xe0, 0x07, 0xe0, 0x07, 0xe0, 0x07, 0xe0, 0x07,
    0xe0, 0x07, 0xe0, 0x07, 0xe0, 0x07, 0xe0, 0x07, 0xe0, 0x07, 0xe0, 0x07, 0xe0, 0x07, 0xe0, 0x07,
    0x02, 0x48, 0x41, 0x80, 0xc0, 0xc0, 0x80, 0xe9, 0x40, 0xfb, 0x80, 0xe9, 0x40, 0xfb, 0x80, 0xe9,
    0xc0, 0xc0, 0x41, 0x80, 0x02, 0x48, 0xe0, 0x07, 0xe0, 0x07, 0xe0, 0x07, 0xe0, 0x07, 0xe0, 0x07,
    0xe0, 0x07, 0xe0, 0x07, 0xe0, 0x07, 0xe0, 0x07, 0xe0, 0x07, 0xe0, 0x07, 0xe0, 0x07, 0xe0, 0x07,
    0xe0, 0x07, 0xe0, 0x07, 0xe0, 0x07, 0xe0, 0x07, 0xe0, 0x07, 0xe0, 0x07, 0xe0, 0x07, 0xe0, 0x07,
    0xe0, 0x07, 0xe0, 0x07, 0xe0, 0x07, 0xe0, 0x07, 0xe0, 0x07, 0xe0, 0x07, 0xe0, 0x07, 0xe0, 0x07,
    0xe0, 0x07, 0xe0, 0x07, 0xe0, 0x07, 0xe0, 0x07, 0xe0, 0x07, 0xe0, 0x07, 0xe0, 0x07, 0xe0, 0x07,
    0xe0, 0x07, 0xe0, 0x07, 0xe0, 0x07, 0xe0, 0x07, 0xe0, 0x07, 0xe0, 0x07, 0xe0, 0x07, 0xe0, 0x07,
    0xe0, 0x07, 0xe0, 0x07, 0xe0, 0x07, 0xe0, 0x07, 0xe0, 0x07, 0xe0, 0x07, 0xe0, 0x07, 0xe0, 0x07,
    0xe0, 0x07, 0xe0, 0x07, 0xe0, 0x07, 0xe0, 0x07, 0xe0, 0x07, 0xe0, 0x07, 0xe0, 0x07, 0xe0, 0x07,
    0xe0, 0x07, 0x41, 0x80, 0x41, 0x80, 0xc0, 0xc0, 0x80, 0xe9, 0x40, 0xfb, 0x80, 0xe9, 0x40, 0xfb,
    0x80, 0xe9, 0xc0, 0xc0, 0x41, 0x80, 0x41, 0x80, 0xe0, 0x07, 0xe0, 0x07, 0xe0, 0x07, 0xe0, 0x07,
    0xe0, 0x07, 0xe0, 0x07, 0xe0, 0x07, 0xe0, 0x07, 0xe0, 0x07, 0xe0, 0x07, 0xe0, 0x07, 0xe0, 0x07,
    0xe0, 0x07, 0xe0, 0x07, 0xe0, 0x07, 0xe0, 0x07, 0xe0, 0x07, 0xe0, 0x07, 0xe0, 0x07, 0xe0, 0x07,
    0xe0, 0x07, 0xe0, 0x07, 0xe0, 0x07, 0xe0, 0x07, 0xe0, 0x07, 0xe0, 0x07, 0xe0, 0x07, 0xe0, 0x07,
    0xe0, 0x07, 0xe0, 0x07, 0xe0, 0x07, 0xe0, 0x07, 0xe0, 0x07, 0xe0, 0x07, 0xe0, 0x07, 0xe0, 0x07,
    0xe0, 0x07, 0xe0, 0x07, 0xe0, 0x07, 0xe0, 0x07, 0xe0, 0x07, 0xe0, 0x07, 0xe0, 0x07, 0xe0, 0x07,
    0xe0, 0x07, 0xe0, 0x07, 0xe0, 0x07, 0xe0, 0x07, 0xe0, 0x07, 0xe0, 0x07, 0xe0, 0x07, 0xe0, 0x07,
    0xe0, 0x07, 0xe0, 0x07, 0xe0, 0x07, 0xe0, 0x07, 0xe0, 0x07, 0xe0, 0x07, 0xe0, 0x07, 0xe0, 0x07,
    0xe0, 0x07, 0xe0, 0x07, 0x41, 0x80, 0xc0, 0xc0, 0xc0, 0xc0, 0x80, 0xe9, 0x40, 0xfb, 0x40, 0xfb,
    0x40, 0xfb, 0x80, 0xe9, 0x80, 0xe9, 0xc0, 0xc0, 0x41, 0x80, 0xe0, 0x07, 0xe0, 0x07, 0xe0, 0x07,
    0xe0, 0x07, 0xe0, 0x07, 0xe0, 0x07, 0xe0, 0x07, 0xe0, 0x07, 0xe0, 0x07, 0xe0, 0x07, 0xe0, 0x07,
    0xe0, 0x07, 0xe0, 0x07, 0xe0, 0x07, 0xe0, 0x07, 0xe0, 0x07, 0xe0, 0x07, 0xe0, 0x07, 0xe0, 0x07,
    0xe0, 0x07, 0xe0, 0x07, 0xe0, 0x07, 0xe0, 0x07, 0xe0, 0x07, 0xe0, 0x07, 0xe0, 0x07, 0xe0, 0x07,
    0xe0, 0x07, 0xe0, 0x07, 0xe0, 0x07, 0xe0, 0x07, 0xe0, 0x07, 0xe0, 0x07, 0xe0, 0x07, 0xe0, 0x07,
    0xe0, 0x07, 0xe0, 0x07, 0xe0, 0x07, 0xe0, 0x07, 0xe0, 0x07, 0xe0, 0x07, 0xe0, 0x07, 0xe0, 0x07,
    0xe0, 0x07, 0xe0, 0x07, 0xe0, 0x07, 0xe0, 0x07, 0xe0, 0x07, 0xe0, 0x07, 0xe0, 0x07, 0xe0, 0x07,
    0xe0, 0x07, 0xe0, 0x07, 0xe0, 0x07, 0xe0, 0x07, 0xe0, 0x07, 0xe0, 0x07, 0xe0, 0x07, 0xe0, 0x07,
    0xe0, 0x07, 0xe0, 0x07, 0x41, 0x80, 0x41, 0x80, 0xc0, 0xc0, 0x80, 0xe9, 0x80, 0xe9, 0x40, 0xfb,
    0x80, 0xe9, 0x40, 0xfb, 0x80, 0xe9, 0xc0, 0xc0, 0xc0, 0xc0, 0x41, 0x80, 0x02, 0x48, 0xe0, 0x07,
    0xe0, 0x07, 0xe0, 0x07, 0xe0, 0x07, 0xe0, 0x07, 0xe0, 0x07, 0xe0, 0x07, 0xe0, 0x07, 0xe0, 0x07,
    0xe0, 0x07, 0xe0, 0x07, 0xe0, 0x07, 0xe0, 0x07, 0xe0, 0x07, 0xe0, 0x07, 0xe0, 0x07, 0xe0, 0x07,
    0xe0, 0x07, 0xe0, 0x07, 0xe0, 0x07, 0xe0, 0x07, 0xe0, 0x07, 0xe0, 0x07, 0xe0, 0x07, 0xe0, 0x07,
    0xe0, 0x07, 0xe0, 0x07, 0xe0, 0x07, 0xe0, 0x07, 0xe0, 0x07, 0xe0, 0x07, 0xe0, 0x07, 0xe0, 0x07,
    0xe0, 0x07, 0xe0, 0x07, 0xe0, 0x07, 0xe0, 0x07, 0xe0, 0x07, 0xe0, 0x07, 0xe0, 0x07, 0xe0, 0x07,
    0xe0, 0x07, 0xe0, 0x07, 0xe0, 0x07, 0xe0, 0x07, 0xe0, 0x07, 0xe0, 0x07, 0xe0, 0x07, 0xe0, 0x07,
    0xe0, 0x07, 0xe0, 0x07, 0xe0, 0x07, 0xe0, 0x07, 0xe0, 0x07, 0xe0, 0x07, 0xe0, 0x07, 0xe0, 0x07,
    0xe0, 0x07, 0xe0, 0x07, 0x41, 0x80, 0xc0, 0xc0, 0xc0, 0xc0, 0x80, 0xe9, 0x80, 0xe9, 0x40, 0xfb,
    0x80, 0xe9, 0x80, 0xe9, 0x80, 0xe9, 0x80, 0xe9, 0xc0, 0xc0, 0x41, 0x80, 0x02, 0x48, 0xe0, 0x07,
    0xe0, 0x07, 0xe0, 0x07, 0xe0, 0x07, 0xe0, 0x07, 0xe0, 0x07, 0xe0, 0x07, 0xe0, 0x07, 0xe0, 0x07,
    0xe0, 0x07, 0xe0, 0x07, 0xe0, 0x07, 0xe0, 0x07, 0xe0, 0x07, 0xe0, 0x07, 0xe0, 0x07, 0xe0, 0x07,
    0xe0, 0x07, 0xe0, 0x07, 0xe0, 0x07, 0xe0, 0x07, 0xe0, 0x07, 0xe0, 0x07, 0xe0, 0x07, 0xe0, 0x07,
    0xe0, 0x07, 0xe0, 0x07, 0xe0, 0x07, 0xe0, 0x07, 0xe0, 0x07, 0xe0, 0x07, 0xe0, 0x07, 0xe0, 0x07,
    0xe0, 0x07, 0xe0, 0x07, 0xe0, 0x07, 0xe0, 0x07, 0xe0, 0x07, 0xe0, 0x07, 0xe0, 0x07, 0xe0, 0x07,
    0xe0, 0x07, 0xe0, 0x07, 0xe0, 0x07, 0xe0, 0x07, 0xe0, 0x07, 0xe0, 0x07, 0xe0, 0x07, 0xe0, 0x07,
    0xe0, 0x07, 0xe0, 0x07, 0xe0, 0x07, 0xe0, 0x07, 0xe0, 0x07, 0xe0, 0x07, 0xe0, 0x07, 0xe0, 0x07,
    0x41, 0x80, 0x41, 0x80, 0xc0, 0xc0, 0xc0, 0xc0, 0x80, 0xe9, 0x80, 0xe9, 0x40, 0xfb, 0x80, 0xe9,
    0x80, 0xe9, 0xc0, 0xc0, 0xc0, 0xc0, 0xc0, 0xc0, 0x41, 0x80, 0x41, 0x80, 0xe0, 0x07, 0xe0, 0x07,
    0xe0, 0x07, 0xe0, 0x07, 0xe0, 0x07, 0xe0, 0x07, 0xe0, 0x07, 0xe0, 0x07, 0xe0, 0x07, 0xe0, 0x07,
    0xe0, 0x07, 0xe0, 0x07, 0xe0, 0x07, 0xe0, 0x07, 0xe0, 0x07, 0xe0, 0x07, 0xe0, 0x07, 0xe0, 0x07,
    0xe0, 0x07, 0xe0, 0x07, 0xe0, 0x07, 0xe0, 0x07, 0xe0, 0x07, 0xe0, 0x07, 0xe0, 0x07, 0xe0, 0x07,
    0xe0, 0x07, 0xe0, 0x07, 0xe0, 0x07, 0xe0, 0x07, 0xe0, 0x07, 0xe0, 0x07, 0xe0, 0x07, 0xe0, 0x07,
    0xe0, 0x07, 0xe0, 0x07, 0xe0, 0x07, 0xe0, 0x07, 0xe0, 0x07, 0xe0, 0x07, 0xe0, 0x07, 0xe0, 0x07,
    0xe0, 0x07, 0xe0, 0x07, 0xe0, 0x07, 0xe0, 0x07, 0xe0, 0x07, 0xe0, 0x07, 0xe0, 0x07, 0xe0, 0x07,
    0xe0, 0x07, 0xe0, 0x07, 0xe0, 0x07, 0xe0, 0x07, 0xe0, 0x07, 0x41, 0x80, 0x41, 0x80, 0x41, 0x80,
    0xc0, 0xc0, 0xc0, 0xc0, 0x80, 0xe9, 0x80, 0xe9, 0x40, 0xfb, 0x40, 0xfb, 0x80, 0xe9, 0x80, 0xe9,
    0xc0, 0xc0, 0x41, 0x80, 0x41, 0x80, 0xe0, 0x07, 0x02, 0x48, 0xe0, 0x07, 0xe0, 0x07, 0xe0, 0x07,
    0xe0, 0x07, 0xe0, 0x07, 0xe0, 0x07, 0xe0, 0x07, 0xe0, 0x07, 0xe0, 0x07, 0xe0, 0x07, 0xe0, 0x07,
    0xe0, 0x07, 0xe0, 0x07, 0xe0, 0x07, 0xe0, 0x07, 0xe0, 0x07, 0xe0, 0x07, 0xe0, 0x07, 0xe0, 0x07,
    0xe0, 0x07, 0xe0, 0x07, 0xe0, 0x07, 0xe0, 0x07, 0xe0, 0x07, 0xe0, 0x07, 0xe0, 0x07, 0xe0, 0x07,
    0xe0, 0x07, 0xe0, 0x07, 0xe0, 0x07, 0xe0, 0x07, 0xe0, 0x07, 0xe0, 0x07, 0xe0, 0x07, 0xe0, 0x07,
    0xe0, 0x07, 0xe0, 0x07, 0xe0, 0x07, 0xe0, 0x07, 0xe0, 0x07, 0xe0, 0x07, 0xe0, 0x07, 0xe0, 0x07,
    0xe0, 0x07, 0xe0, 0x07, 0xe0, 0x07, 0xe0, 0x07, 0xe0, 0x07, 0xe0, 0x07, 0xe0, 0x07, 0xe0, 0x07,
    0xe0, 0x07, 0xe0, 0x07, 0xe0, 0x07, 0x41, 0x80, 0xc0, 0xc0, 0xc0, 0xc0, 0x80, 0xe9, 0x80, 0xe9,
    0x80, 0xe9, 0x80, 0xe9, 0x40, 0xfb, 0x80, 0xe9, 0x80, 0xe9, 0x80, 0xe9, 0xc0, 0xc0, 0xc0, 0xc0,
    0x41, 0x80, 0x02, 0x48, 0xe0, 0x07, 0xe0, 0x07, 0xe0, 0x07, 0xe0, 0x07, 0xe0, 0x07, 0xe0, 0x07,
    0xe0, 0x07, 0xe0, 0x07, 0xe0, 0x07, 0xe0, 0x07, 0xe0, 0x07, 0xe0, 0x07, 0xe0, 0x07, 0xe0, 0x07,
    0xe0, 0x07, 0xe0, 0x07, 0xe0, 0x07, 0xe0, 0x07, 0xe0, 0x07, 0xe0, 0x07, 0xe0, 0x07, 0xe0, 0x07,
    0xe0, 0x07, 0xe0, 0x07, 0xe0, 0x07, 0xe0, 0x07, 0xe0, 0x07, 0xe0, 0x07, 0xe0, 0x07, 0xe0, 0x07,
    0xe0, 0x07, 0xe0, 0x07, 0xe0, 0x07, 0xe0, 0x07, 0xe0, 0x07, 0xe0, 0x07, 0xe0, 0x07, 0xe0, 0x07,
    0xe0, 0x07, 0xe0, 0x07, 0xe0, 0x07, 0xe0, 0x07, 0xe0, 0x07, 0xe0, 0x07, 0xe0, 0x07, 0xe0, 0x07,
    0xe0, 0x07, 0xe0, 0x07, 0xe0, 0x07, 0xe0, 0x07, 0xe0, 0x07, 0xe0, 0x07, 0xe0, 0x07, 0xe0, 0x07,
    0xe0, 0x07, 0x41, 0x80, 0x41, 0x80, 0xc0, 0xc0, 0x80, 0xe9, 0x80, 0xe9, 0x40, 0xfb, 0x40, 0xfb,
    0x40, 0xfb, 0x40, 0xfb, 0x80, 0xe9, 0x80, 0xe9, 0xc0, 0xc0, 0xc0, 0xc0, 0x41, 0x80, 0x41, 0x80,
    0xe0, 0x07, 0xe0, 0x07, 0xe0, 0x07, 0xe0, 0x07, 0xe0, 0x07, 0xe0, 0x07, 0xe0, 0x07, 0xe0, 0x07,
    0xe0, 0x07, 0xe0, 0x07, 0xe0, 0x07, 0xe0, 0x07, 0xe0, 0x07, 0xe0, 0x07, 0xe0, 0x07, 0xe0, 0x07,
    0xe0, 0x07, 0xe0, 0x07, 0xe0, 0x07, 0xe0, 0x07, 0xe0, 0x07, 0xe0, 0x07, 0xe0, 0x07, 0xe0, 0x07,
    0xe0, 0x07, 0xe0, 0x07, 0xe0, 0x07, 0xe0, 0x07, 0xe0, 0x07, 0xe0, 0x07, 0xe0, 0x07, 0xe0, 0x07,
    0xe0, 0x07, 0xe0, 0x07, 0xe0, 0x07, 0xe0, 0x07, 0xe0, 0x07, 0xe0, 0x07, 0xe0, 0x07, 0xe0, 0x07,
    0xe0, 0x07, 0xe0, 0x07, 0xe0, 0x07, 0xe0, 0x07, 0xe0, 0x07, 0xe0, 0x07, 0xe0, 0x07, 0xe0, 0x07,
    0xe0, 0x07, 0xe0, 0x07, 0xe0, 0x07, 0xe0, 0x07, 0xe0, 0x07, 0xe0, 0x07, 0x41, 0x80, 0x41, 0x80,
    0xc0, 0xc0, 0xc0, 0xc0, 0xc0, 0xc0, 0x80, 0xe9, 0x80, 0xe9, 0x80, 0xe9, 0x40, 0xfb, 0x40, 0xfb,
    0x40, 0xfb, 0x40, 0xfb, 0x40, 0xfb, 0x80, 0xe9, 0xc0, 0xc0, 0xc0, 0xc0, 0x41, 0x80, 0x41, 0x80,
    0x41, 0x80, 0xe0, 0x07, 0xe0, 0x07, 0xe0, 0x07, 0xe0, 0x07, 0xe0, 0x07, 0xe0, 0x07, 0xe0, 0x07,
    0xe0, 0x07, 0xe0, 0x07, 0xe0, 0x07, 0xe0, 0x07, 0xe0, 0x07, 0xe0, 0x07, 0xe0, 0x07, 0xe0, 0x07,
    0xe0, 0x07, 0xe0, 0x07, 0xe0, 0x07, 0xe0, 0x07, 0xe0, 0x07, 0xe0, 0x07, 0xe0, 0x07, 0xe0, 0x07,
    0xe0, 0x07, 0xe0, 0x07, 0xe0, 0x07, 0xe0, 0x07, 0xe0, 0x07, 0xe0, 0x07, 0xe0, 0x07, 0xe0, 0x07,
    0xe0, 0x07, 0xe0, 0x07, 0xe0, 0x07, 0xe0, 0x07, 0xe0, 0x07, 0xe0, 0x07, 0xe0, 0x07, 0xe0, 0x07,
    0xe0, 0x07, 0xe0, 0x07, 0xe0, 0x07, 0xe0, 0x07, 0xe0, 0x07, 0xe0, 0x07, 0xe0, 0x07, 0xe0, 0x07,
    0xe0, 0x07, 0xe0, 0x07, 0xe0, 0x07, 0xe0, 0x07, 0xe0, 0x07, 0x02, 0x48, 0x41, 0x80, 0x41, 0x80,
    0x41, 0x80, 0xc0, 0xc0, 0xc0, 0xc0, 0x80, 0xe9, 0x80, 0xe9, 0x40, 0xfb, 0x40, 0xfb, 0x40, 0xfb,
    0x40, 0xfb, 0x40, 0xfb, 0x40, 0xfb, 0x80, 0xe9, 0x80, 0xe9, 0x80, 0xe9, 0xc0, 0xc0, 0xc0, 0xc0,
    0x41, 0x80, 0xe0, 0x07, 0xe0, 0x07, 0xe0, 0x07, 0xe0, 0x07, 0xe0, 0x07, 0xe0, 0x07, 0xe0, 0x07,
    0xe0, 0x07, 0xe0, 0x07, 0xe0, 0x07, 0xe0, 0x07, 0xe0, 0x07, 0xe0, 0x07, 0xe0, 0x07, 0xe0, 0x07,
    0xe0, 0x07, 0xe0, 0x07, 0xe0, 0x07, 0xe0, 0x07, 0xe0, 0x07, 0xe0, 0x07, 0xe0, 0x07, 0xe0, 0x07,
    0xe0, 0x07, 0xe0, 0x07, 0xe0, 0x07, 0xe0, 0x07, 0xe0, 0x07, 0xe0, 0x07, 0xe0, 0x07, 0xe0, 0x07,
    0xe0, 0x07, 0xe0, 0x07, 0xe0, 0x07, 0xe0, 0x07, 0xe0, 0x07, 0xe0, 0x07, 0xe0, 0x07, 0xe0, 0x07,
    0xe0, 0x07, 0xe0, 0x07, 0xe0, 0x07, 0xe0, 0x07, 0xe0, 0x07, 0xe0, 0x07, 0xe0, 0x07, 0xe0, 0x07,
    0xe0, 0x07, 0xe0, 0x07, 0xe0, 0x07, 0xe0, 0x07, 0xe0, 0x07, 0xe0, 0x07, 0xe0, 0x07, 0x41, 0x80,
    0x41, 0x80, 0x41, 0x80, 0xc0, 0xc0, 0xc0, 0xc0, 0x80, 0xe9, 0x22, 0xfd, 0x09, 0xff, 0x09, 0xff,
    0x09, 0xff, 0x09, 0xff, 0x09, 0xff, 0x09, 0xff, 0x09, 0xff, 0x22, 0xfd, 0x80, 0xe9, 0xc0, 0xc0,
    0xc0, 0xc0, 0xc0, 0xc0, 0x41, 0x80, 0x02, 0x48, 0xe0, 0x07, 0xe0, 0x07, 0xe0, 0x07, 0xe0, 0x07,
    0xe0, 0x07, 0xe0, 0x07, 0xe0, 0x07, 0xe0, 0x07, 0xe0, 0x07, 0xe0, 0x07, 0xe0, 0x07, 0xe0, 0x07,
    0xe0, 0x07, 0xe0, 0x07, 0xe0, 0x07, 0xe0, 0x07, 0xe0, 0x07, 0xe0, 0x07, 0xe0, 0x07, 0xe0, 0x07,
    0xe0, 0x07, 0xe0, 0x07, 0xe0, 0x07, 0xe0, 0x07, 0xe0, 0x07, 0xe0, 0x07, 0xe0, 0x07, 0xe0, 0x07,
    0xe0, 0x07, 0xe0, 0x07, 0xe0, 0x07, 0xe0, 0x07, 0xe0, 0x07, 0xe0, 0x07, 0xe0, 0x07, 0xe0, 0x07,
    0xe0, 0x07, 0xe0, 0x07, 0xe0, 0x07, 0xe0, 0x07, 0xe0, 0x07, 0xe0, 0x07, 0xe0, 0x07, 0xe0, 0x07,
    0xe0, 0x07, 0xe0, 0x07, 0xe0, 0x07, 0xe0, 0x07, 0xe0, 0x07, 0xe0, 0x07, 0x02, 0x48, 0x02, 0x48,
    0x41, 0x80, 0x41, 0x80, 0xc0, 0xc0, 0xc0, 0xc0, 0xc0, 0xc0, 0x80, 0xe9, 0x22, 0xfd, 0x09, 0xff,
    0x09, 0xff, 0x09, 0xff, 0x09, 0xff, 0x09, 0xff, 0x09, 0xff, 0x09, 0xff, 0x22, 0xfd, 0x80, 0xe9,
    0x80, 0xe9, 0xc0, 0xc0, 0x41, 0x80, 0x41, 0x80, 0x41, 0x80, 0xe0, 0x07, 0xe0, 0x07, 0xe0, 0x07,
    0xe0, 0x07, 0xe0, 0x07, 0xe0, 0x07, 0xe0, 0x07, 0xe0, 0x07, 0xe0, 0x07, 0xe0, 0x07, 0xe0, 0x07,
    0xe0, 0x07, 0xe0, 0x07, 0xe0, 0x07, 0xe0, 0x07, 0xe0, 0x07, 0xe0, 0x07, 0xe0, 0x07, 0xe0, 0x07,
    0xe0, 0x07, 0xe0, 0x07, 0xe0, 0x07, 0xe0, 0x07, 0xe0, 0x07, 0xe0, 0x07, 0xe0, 0x07, 0xe0, 0x07,
    0xe0, 0x07, 0xe0, 0x07, 0xe0, 0x07, 0xe0, 0x07, 0xe0, 0x07, 0xe0, 0x07, 0xe0, 0x07, 0xe0, 0x07,
    0xe0, 0x07, 0xe0, 0x07, 0xe0, 0x07, 0xe0, 0x07, 0xe0, 0x07, 0xe0, 0x07, 0xe0, 0x07, 0xe0, 0x07,
    0xe0, 0x07, 0xe0, 0x07, 0xe0, 0x07, 0xe0, 0x07, 0xe0, 0x07, 0xe0, 0x07, 0xe0, 0x07, 0xe0, 0x07,
    0x41, 0x80, 0x41, 0x80, 0x41, 0x80, 0xc0, 0xc0, 0xc0, 0xc0, 0x80, 0xe9, 0x80, 0xe9, 0x22, 0xfd,
    0x09, 0xff, 0x09, 0xff, 0x09, 0xff, 0x09, 0xff, 0x09, 0xff, 0x09, 0xff, 0x09, 0xff, 0x22, 0xfd,
    0x80, 0xe9, 0xc0, 0xc0, 0xc0, 0xc0, 0xc0, 0xc0, 0x41, 0x80, 0x41, 0x80, 0xe0, 0x07, 0xe0, 0x07,
    0xe0, 0x07, 0xe0, 0x07, 0xe0, 0x07, 0xe0, 0x07, 0xe0, 0x07, 0xe0, 0x07, 0xe0, 0x07, 0xe0, 0x07,
    0xe0, 0x07, 0xe0, 0x07, 0xe0, 0x07, 0xe0, 0x07, 0xe0, 0x07, 0xe0, 0x07, 0xe0, 0x07, 0xe0, 0x07,
    0xe0, 0x07, 0xe0, 0x07, 0xe0, 0x07, 0xe0, 0x07, 0xe0, 0x07, 0xe0, 0x07, 0xe0, 0x07, 0xe0, 0x07,
    0xe0, 0x07, 0xe0, 0x07, 0xe0, 0x07, 0xe0, 0x07, 0xe0, 0x07, 0xe0, 0x07, 0xe0, 0x07, 0xe0, 0x07,
    0xe0, 0x07, 0xe0, 0x07, 0xe0, 0x07, 0xe0, 0x07, 0xe0, 0x07, 0xe0, 0x07, 0xe0, 0x07, 0xe0, 0x07,
    0xe0, 0x07, 0xe0, 0x07, 0xe0, 0x07, 0xe0, 0x07, 0xe0, 0x07, 0xe0, 0x07, 0xe0, 0x07, 0xe0, 0x07,
    0x41, 0x80, 0x41, 0x80, 0xc0, 0xc0, 0xc0, 0xc0, 0xc0, 0xc0, 0x80, 0xe9, 0x80, 0xe9, 0x09, 0xff,
    0x09, 0xff, 0x09, 0xff, 0x09, 0xff, 0x09, 0xff, 0x09, 0xff, 0x09, 0xff, 0x09, 0xff, 0x09, 0xff,
    0x22, 0xfd, 0xc0, 0xc0, 0xc0, 0xc0, 0xc0, 0xc0, 0xc0, 0xc0, 0x41, 0x80, 0x41, 0x80, 0xe0, 0x07,
    0xe0, 0x07, 0xe0, 0x07, 0xe0, 0x07, 0xe0, 0x07, 0xe0, 0x07, 0xe0, 0x07, 0xe0, 0x07, 0xe0, 0x07,
    0xe0, 0x07, 0xe0, 0x07, 0xe0, 0x07, 0xe0, 0x07, 0xe0, 0x07, 0xe0, 0x07, 0xe0, 0x07, 0xe0, 0x07,
    0xe0, 0x07, 0xe0, 0x07, 0xe0, 0x07, 0xe0, 0x07, 0xe0, 0x07, 0xe0, 0x07, 0xe0, 0x07, 0xe0, 0x07,
    0xe0, 0x07, 0xe0, 0x07, 0xe0, 0x07, 0xe0, 0x07, 0xe0, 0x07, 0xe0, 0x07, 0xe0, 0x07, 0xe0, 0x07,
    0xe0, 0x07, 0xe0, 0x07, 0xe0, 0x07, 0xe0, 0x07, 0xe0, 0x07, 0xe0, 0x07, 0xe0, 0x07, 0xe0, 0x07,
    0xe0, 0x07, 0xe0, 0x07, 0xe0, 0x07, 0xe0, 0x07, 0xe0, 0x07, 0xe0, 0x07, 0xe0, 0x07, 0x02, 0x48,
    0x41, 0x80, 0x41, 0x80, 0x41, 0x80, 0x41, 0x80, 0xc0, 0xc0, 0x80, 0xe9, 0x80, 0xe9, 0x22, 0xfd,
    0x09, 0xff, 0x09, 0xff, 0x09, 0xff, 0x09, 0xff, 0x09, 0xff, 0x09, 0xff, 0x09, 0xff, 0x09, 0xff,
    0x22, 0xfd, 0x80, 0xe9, 0xc0, 0xc0, 0xc0, 0xc0, 0xc0, 0xc0, 0x41, 0x80, 0x41, 0x80, 0xe0, 0x07,
    0xe0, 0x07, 0xe0, 0x07, 0xe0, 0x07, 0xe0, 0x07, 0xe0, 0x07, 0xe0, 0x07, 0xe0, 0x07, 0xe0, 0x07,
    0xe0, 0x07, 0xe0, 0x07, 0xe0, 0x07, 0xe0, 0x07, 0xe0, 0x07, 0xe0, 0x07, 0xe0, 0x07, 0xe0, 0x07,
    0xe0, 0x07, 0xe0, 0x07, 0xe0, 0x07, 0xe0, 0x07, 0xe0, 0x07, 0xe0, 0x07, 0xe0, 0x07, 0xe0, 0x07,
    0xe0, 0x07, 0xe0, 0x07, 0xe0, 0x07, 0xe0, 0x07, 0xe0, 0x07, 0xe0, 0x07, 0xe0, 0x07, 0xe0, 0x07,
    0xe0, 0x07, 0xe0, 0x07, 0xe0, 0x07, 0xe0, 0x07, 0xe0, 0x07, 0xe0, 0x07, 0xe0, 0x07, 0xe0, 0x07,
    0xe0, 0x07, 0xe0, 0x07, 0xe0, 0x07, 0xe0, 0x07, 0xe0, 0x07, 0xe0, 0x07, 0xe0, 0x07, 0x02, 0x48,
    0x41, 0x80, 0x41, 0x80, 0x41, 0x80, 0xc0, 0xc0, 0xc0, 0xc0, 0xc0, 0xc0, 0x22, 0xfd, 0x22, 0xfd,
    0x09, 0xff, 0x09, 0xff, 0x09, 0xff, 0x09, 0xff, 0x09, 0xff, 0x09, 0xff, 0x09, 0xff, 0x09, 0xff,
    0x22, 0xfd, 0x80, 0xe9, 0xc0, 0xc0, 0xc0, 0xc0, 0xc0, 0xc0, 0xc0, 0xc0, 0xc0, 0xc0, 0x41, 0x80,
    0x02, 0x48, 0xe0, 0x07, 0xe0, 0x07, 0xe0, 0x07, 0xe0, 0x07, 0xe0, 0x07, 0xe0, 0x07, 0xe0, 0x07,
    0xe0, 0x07, 0xe0, 0x07, 0xe0, 0x07, 0xe0, 0x07, 0xe0, 0x07, 0xe0, 0x07, 0xe0, 0x07, 0xe0, 0x07,
    0xe0, 0x07, 0xe0, 0x07, 0xe0, 0x07, 0xe0, 0x07, 0xe0, 0x07, 0xe0, 0x07, 0xe0, 0x07, 0xe0, 0x07,
    0xe0, 0x07, 0xe0, 0x07, 0xe0, 0x07, 0xe0, 0x07, 0xe0, 0x07, 0xe0, 0x07, 0xe0, 0x07, 0xe0, 0x07,
    0xe0, 0x07, 0xe0, 0x07, 0xe0, 0x07, 0xe0, 0x07, 0xe0, 0x07, 0xe0, 0x07, 0xe0, 0x07, 0xe0, 0x07,
    0xe0, 0x07, 0xe0, 0x07, 0xe0, 0x07, 0xe0, 0x07, 0xe0, 0x07, 0xe0, 0x07, 0xe0, 0x07, 0xe0, 0x07,
    0x41, 0x80, 0x41, 0x80, 0x41, 0x80, 0x41, 0x80, 0xc0, 0xc0, 0xc0, 0xc0, 0xc0, 0xc0, 0x80, 0xe9,
    0x09, 0xff, 0x09, 0xff, 0x09, 0xff, 0x09, 0xff, 0x09, 0xff, 0x09, 0xff, 0x09, 0xff, 0x09, 0xff,
    0x22, 0xfd, 0x22, 0xfd, 0x80, 0xe9, 0xc0, 0xc0, 0xc0, 0xc0, 0xc0, 0xc0, 0xc0, 0xc0, 0xc0, 0xc0,
    0x41, 0x80, 0x41, 0x80, 0xe0, 0x07, 0xe0, 0x07, 0xe0, 0x07, 0xe0, 0x07, 0xe0, 0x07, 0xe0, 0x07,
    0xe0, 0x07, 0xe0, 0x07, 0xe0, 0x07, 0xe0, 0x07, 0xe0, 0x07, 0xe0, 0x07, 0xe0, 0x07, 0xe0, 0x07,
    0xe0, 0x07, 0xe0, 0x07, 0xe0, 0x07, 0xe0, 0x07, 0xe0, 0x07, 0xe0, 0x07, 0xe0, 0x07, 0xe0, 0x07,
    0xe0, 0x07, 0xe0, 0x07, 0xe0, 0x07, 0xe0, 0x07, 0xe0, 0x07, 0xe0, 0x07, 0xe0, 0x07, 0xe0, 0x07,
    0xe0, 0x07, 0xe0, 0x07, 0xe0, 0x07, 0xe0, 0x07, 0xe0, 0x07, 0xe0, 0x07, 0xe0, 0x07, 0xe0, 0x07,
    0xe0, 0x07, 0xe0, 0x07, 0xe0, 0x07, 0xe0, 0x07, 0xe0, 0x07, 0xe0, 0x07, 0xe0, 0x07, 0xe0, 0x07,
    0x41, 0x80, 0x41, 0x80, 0x41, 0x80, 0x41, 0x80, 0x41, 0x80, 0xc0, 0xc0, 0xc0, 0xc0, 0x80, 0xe9,
    0x22, 0xfd, 0x09, 0xff, 0x09, 0xff, 0x09, 0xff, 0x09, 0xff, 0x09, 0xff, 0x09, 0xff, 0x09, 0xff,
    0x09, 0xff, 0x09, 0xff, 0x22, 0xfd, 0xc0, 0xc0, 0x80, 0xe9, 0xc0, 0xc0, 0xc0, 0xc0, 0xc0, 0xc0,
    0x41, 0x80, 0x41, 0x80, 0x41, 0x80, 0xe0, 0x07, 0xe0, 0x07, 0xe0, 0x07, 0xe0, 0x07, 0xe0, 0x07,
    0xe0, 0x07, 0xe0, 0x07, 0xe0, 0x07, 0xe0, 0x07, 0xe0, 0x07, 0xe0, 0x07, 0xe0, 0x07, 0xe0, 0x07,
    0xe0, 0x07, 0xe0, 0x07, 0xe0, 0x07, 0xe0, 0x07, 0xe0, 0x07, 0xe0, 0x07, 0xe0, 0x07, 0xe0, 0x07,
    0xe0, 0x07, 0xe0, 0x07, 0xe0, 0x07, 0xe0, 0x07, 0xe0, 0x07, 0xe0, 0x07, 0xe0, 0x07, 0xe0, 0x07,
    0xe0, 0x07, 0xe0, 0x07, 0xe0, 0x07, 0xe0, 0x07, 0xe0, 0x07, 0xe0, 0x07, 0xe0, 0x07, 0xe0, 0x07,
    0xe0, 0x07, 0xe0, 0x07, 0xe0, 0x07, 0xe0, 0x07, 0xe0, 0x07, 0xe0, 0x07, 0xe0, 0x07, 0x41, 0x80,
    0x41, 0x80, 0x41, 0x80, 0x41, 0x80, 0x41, 0x80, 0xc0, 0xc0, 0xc0, 0xc0, 0xc0, 0xc0, 0x80, 0xe9,
    0x80, 0xe9, 0x22, 0xfd, 0x09, 0xff, 0x09, 0xff, 0x09, 0xff, 0x09, 0xff, 0x09, 0xff, 0x09, 0xff,
    0x09, 0xff, 0x09, 0xff, 0x09, 0xff, 0x22, 0xfd, 0x80, 0xe9, 0x80, 0xe9, 0x80, 0xe9, 0xc0, 0xc0,
    0xc0, 0xc0, 0xc0, 0xc0, 0x41, 0x80, 0x41, 0x80, 0x41, 0x80, 0xe0, 0x07, 0xe0, 0x07, 0xe0, 0x07,
    0xe0, 0x07, 0xe0, 0x07, 0xe0, 0x07, 0xe0, 0x07, 0xe0, 0x07, 0xe0, 0x07, 0xe0, 0x07, 0xe0, 0x07,
    0xe0, 0x07, 0xe0, 0x07, 0xe0, 0x07, 0xe0, 0x07, 0xe0, 0x07, 0xe0, 0x07, 0xe0, 0x07, 0xe0, 0x07,
    0xe0, 0x07, 0xe0, 0x07, 0xe0, 0x07, 0xe0, 0x07, 0xe0, 0x07, 0xe0, 0x07, 0xe0, 0x07, 0xe0, 0x07,
    0xe0, 0x07, 0xe0, 0x07, 0xe0, 0x07, 0xe0, 0x07, 0xe0, 0x07, 0xe0, 0x07, 0xe0, 0x07, 0xe0, 0x07,
    0xe0, 0x07, 0xe0, 0x07, 0xe0, 0x07, 0xe0, 0x07, 0xe0, 0x07, 0xe0, 0x07, 0xe0, 0x07, 0x02, 0x48,
    0x02, 0x48, 0x41, 0x80, 0x41, 0x80, 0x41, 0x80, 0x41, 0x80, 0x41, 0x80, 0xc0, 0xc0, 0xc0, 0xc0,
    0x80, 0xe9, 0x80, 0xe9, 0x22, 0xfd, 0x09, 0xff, 0x09, 0xff, 0x09, 0xff, 0x09, 0xff, 0x09, 0xff,
    0x09, 0xff, 0x09, 0xff, 0x09, 0xff, 0x09, 0xff, 0x09, 0xff, 0x40, 0xfb, 0x80, 0xe9, 0x80, 0xe9,
    0x80, 0xe9, 0xc0, 0xc0, 0xc0, 0xc0, 0xc0, 0xc0, 0x41, 0x80, 0x41, 0x80, 0xe0, 0x07, 0xe0, 0x07,
    0xe0, 0x07, 0xe0, 0x07, 0xe0, 0x07, 0xe0, 0x07, 0xe0, 0x07, 0xe0, 0x07, 0xe0, 0x07, 0xe0, 0x07,
    0xe0, 0x07, 0xe0, 0x07, 0xe0, 0x07, 0xe0, 0x07, 0xe0, 0x07, 0xe0, 0x07, 0xe0, 0x07, 0xe0, 0x07,
    0xe0, 0x07, 0xe0, 0x07, 0xe0, 0x07, 0xe0, 0x07, 0xe0, 0x07, 0xe0, 0x07, 0xe0, 0x07, 0xe0, 0x07,
    0xe0, 0x07, 0xe0, 0x07, 0xe0, 0x07, 0xe0, 0x07, 0xe0, 0x07, 0xe0, 0x07, 0xe0, 0x07, 0xe0, 0x07,
    0xe0, 0x07, 0xe0, 0x07, 0xe0, 0x07, 0xe0, 0x07, 0xe0, 0x07, 0xe0, 0x07, 0xe0, 0x07, 0xe0, 0x07,
    0x41, 0x80, 0x41, 0x80, 0x02, 0x48, 0x41, 0x80, 0x41, 0x80, 0xc0, 0xc0, 0xc0, 0xc0, 0xc0, 0xc0,
    0x80, 0xe9, 0x80, 0xe9, 0x22, 0xfd, 0x09, 0xff, 0x09, 0xff, 0x09, 0xff, 0x09, 0xff, 0x09, 0xff,
    0x09, 0xff, 0x09, 0xff, 0x09, 0xff, 0x09, 0xff, 0x09, 0xff, 0x09, 0xff, 0x80, 0xe9, 0x80, 0xe9,
    0x80, 0xe9, 0xc0, 0xc0, 0xc0, 0xc0, 0xc0, 0xc0, 0xc0, 0xc0, 0x41, 0x80, 0xe0, 0x07, 0xe0, 0x07,
    0xe0, 0x07, 0xe0, 0x07, 0xe0, 0x07, 0xe0, 0x07, 0xe0, 0x07, 0xe0, 0x07, 0xe0, 0x07, 0xe0, 0x07,
    0xe0, 0x07, 0xe0, 0x07, 0xe0, 0x07, 0xe0, 0x07, 0xe0, 0x07, 0xe0, 0x07, 0xe0, 0x07, 0xe0, 0x07,
    0xe0, 0x07, 0xe0, 0x07, 0xe0, 0x07, 0xe0, 0x07, 0xe0, 0x07, 0xe0, 0x07, 0xe0, 0x07, 0xe0, 0x07,
    0xe0, 0x07, 0xe0, 0x07, 0xe0, 0x07, 0xe0, 0x07, 0xe0, 0x07, 0xe0, 0x07, 0xe0, 0x07, 0xe0, 0x07,
    0xe0, 0x07, 0xe0, 0x07, 0xe0, 0x07, 0xe0, 0x07, 0xe0, 0x07, 0xe0, 0x07, 0xe0, 0x07, 0x41, 0x80,
    0x41, 0x80, 0x41, 0x80, 0x41, 0x80, 0x41, 0x80, 0x41, 0x80, 0xc0, 0xc0, 0xc0, 0xc0, 0x80, 0xe9,
    0x80, 0xe9, 0x22, 0xfd, 0x09, 0xff, 0x09, 0xff, 0x09, 0xff, 0x09, 0xff, 0x09, 0xff, 0x09, 0xff,
    0x09, 0xff, 0x09, 0xff, 0x09, 0xff, 0x09, 0xff, 0x09, 0xff, 0x22, 0xfd, 0x80, 0xe9, 0x80, 0xe9,
    0xc0, 0xc0, 0xc0, 0xc0, 0xc0, 0xc0, 0xc0, 0xc0, 0x41, 0x80, 0x02, 0x48, 0x02, 0x48, 0xe0, 0x07,
    0xe0, 0x07, 0xe0, 0x07, 0xe0, 0x07, 0xe0, 0x07, 0xe0, 0x07, 0xe0, 0x07, 0xe0, 0x07, 0xe0, 0x07,
    0xe0, 0x07, 0xe0, 0x07, 0xe0, 0x07, 0xe0, 0x07, 0xe0, 0x07, 0xe0, 0x07, 0xe0, 0x07, 0xe0, 0x07,
    0xe0, 0x07, 0xe0, 0x07, 0xe0, 0x07, 0xe0, 0x07, 0xe0, 0x07, 0xe0, 0x07, 0xe0, 0x07, 0xe0, 0x07,
    0xe0, 0x07, 0xe0, 0x07, 0xe0, 0x07, 0xe0, 0x07, 0xe0, 0x07, 0xe0, 0x07, 0xe0, 0x07, 0xe0, 0x07,
    0xe0, 0x07, 0xe0, 0x07, 0xe0, 0x07, 0xe0, 0x07, 0x02, 0x48, 0x41, 0x80, 0x41, 0x80, 0x41, 0x80,
    0x41, 0x80, 0xc0, 0xc0, 0xc0, 0xc0, 0xc0, 0xc0, 0xc0, 0xc0, 0xc0, 0xc0, 0x80, 0xe9, 0x80, 0xe9,
    0x22, 0xfd, 0x09, 0xff, 0x09, 0xff, 0x09, 0xff, 0x09, 0xff, 0x09, 0xff, 0x09, 0xff, 0x09, 0xff,
    0x09, 0xff, 0x09, 0xff, 0x09, 0xff, 0x09, 0xff, 0x80, 0xe9, 0x80, 0xe9, 0x80, 0xe9, 0xc0, 0xc0,
    0x80, 0xe9, 0xc0, 0xc0, 0xc0, 0xc0, 0xc0, 0xc0, 0x02, 0x48, 0x41, 0x80, 0xe0, 0x07, 0xe0, 0x07,
    0xe0, 0x07, 0xe0, 0x07, 0xe0, 0x07, 0xe0, 0x07, 0xe0, 0x07, 0xe0, 0x07, 0xe0, 0x07, 0xe0, 0x07,
    0xe0, 0x07, 0xe0, 0x07, 0xe0, 0x07, 0xe0, 0x07, 0xe0, 0x07, 0xe0, 0x07, 0xe0, 0x07, 0xe0, 0x07,
    0xe0, 0x07, 0xe0, 0x07, 0xe0, 0x07, 0xe0, 0x07, 0xe0, 0x07, 0xe0, 0x07, 0xe0, 0x07, 0xe0, 0x07,
    0xe0, 0x07, 0xe0, 0x07, 0xe0, 0x07, 0xe0, 0x07, 0xe0, 0x07, 0xe0, 0x07, 0xe0, 0x07, 0xe0, 0x07,
    0xe0, 0x07, 0xe0, 0x07, 0xe0, 0x07, 0x02, 0x48, 0x41, 0x80, 0x41, 0x80, 0xc0, 0xc0, 0xc0, 0xc0,
    0xc0, 0xc0, 0xc0, 0xc0, 0xc0, 0xc0, 0x80, 0xe9, 0x80, 0xe9, 0x80, 0xe9, 0x22, 0xfd, 0x09, 0xff,
    0x09, 0xff, 0x09, 0xff, 0x09, 0xff, 0x09, 0xff, 0x09, 0xff, 0x09, 0xff, 0x09, 0xff, 0x09, 0xff,
    0x09, 0xff, 0x22, 0xfd, 0x80, 0xe9, 0x80, 0xe9, 0x80, 0xe9, 0x80, 0xe9, 0xc0, 0xc0, 0xc0, 0xc0,
    0xc0, 0xc0, 0x41, 0x80, 0x41, 0x80, 0x41, 0x80, 0xe0, 0x07, 0xe0, 0x07, 0xe0, 0x07, 0xe0, 0x07,
    0xe0, 0x07, 0xe0, 0x07, 0xe0, 0x07, 0xe0, 0x07, 0xe0, 0x07, 0xe0, 0x07, 0xe0, 0x07, 0xe0, 0x07,
    0xe0, 0x07, 0xe0, 0x07, 0xe0, 0x07, 0xe0, 0x07, 0xe0, 0x07, 0xe0, 0x07, 0xe0, 0x07, 0xe0, 0x07,
    0xe0, 0x07, 0xe0, 0x07, 0xe0, 0x07, 0xe0, 0x07, 0xe0, 0x07, 0xe0, 0x07, 0xe0, 0x07, 0xe0, 0x07,
    0xe0, 0x07, 0xe0, 0x07, 0xe0, 0x07, 0xe0, 0x07, 0xe0, 0x07, 0xe0, 0x07, 0xe0, 0x07, 0xe0, 0x07,
    0xe0, 0x07, 0xe0, 0x07, 0xe0, 0x07, 0x41, 0x80, 0x41, 0x80, 0xc0, 0xc0, 0xc0, 0xc0, 0xc0, 0xc0,
    0x80, 0xe9, 0x80, 0xe9, 0x80, 0xe9, 0x80, 0xe9, 0x22, 0xfd, 0x09, 0xff, 0x09, 0xff, 0x09, 0xff,
    0x09, 0xff, 0x09, 0xff, 0x09, 0xff, 0x09, 0xff, 0x09, 0xff, 0x09, 0xff, 0x09, 0xff, 0x09, 0xff,
    0x22, 0xfd, 0x80, 0xe9, 0x80, 0xe9, 0x80, 0xe9, 0x80, 0xe9, 0xc0, 0xc0, 0xc0, 0xc0, 0xc0, 0xc0,
    0x41, 0x80, 0x41, 0x80, 0x41, 0x80, 0xe0, 0x07, 0xe0, 0x07, 0xe0, 0x07, 0xe0, 0x07, 0xe0, 0x07,
    0xe0, 0x07, 0xe0, 0x07, 0xe0, 0x07, 0xe0, 0x07, 0xe0, 0x07, 0xe0, 0x07, 0xe0, 0x07, 0xe0, 0x07,
    0xe0, 0x07, 0xe0, 0x07, 0xe0, 0x07, 0xe0, 0x07, 0xe0, 0x07, 0xe0, 0x07, 0xe0, 0x07, 0xe0, 0x07,
    0xe0, 0x07, 0xe0, 0x07, 0xe0, 0x07, 0xe0, 0x07, 0xe0, 0x07, 0xe0, 0x07, 0xe0, 0x07, 0xe0, 0x07,
    0xe0, 0x07, 0xe0, 0x07, 0xe0, 0x07, 0xe0, 0x07, 0xe0, 0x07, 0xe0, 0x07, 0xe0, 0x07, 0xe0, 0x07,
    0x02, 0x48, 0x02, 0x48, 0x41, 0x80, 0x41, 0x80, 0xc0, 0xc0, 0xc0, 0xc0, 0xc0, 0xc0, 0x80, 0xe9,
    0x80, 0xe9, 0x80, 0xe9, 0x09, 0xff, 0x09, 0xff, 0x09, 0xff, 0x09, 0xff, 0x09, 0xff, 0x09, 0xff,
    0x09, 0xff, 0x09, 0xff, 0x09, 0xff, 0x09, 0xff, 0x09, 0xff, 0x09, 0xff, 0x22, 0xfd, 0x22, 0xfd,
    0x80, 0xe9, 0x80, 0xe9, 0x80, 0xe9, 0xc0, 0xc0, 0xc0, 0xc0, 0xc0, 0xc0, 0xc0, 0xc0, 0x41, 0x80,
    0x41, 0x80, 0x41, 0x80, 0xe0, 0x07, 0xe0, 0x07, 0xe0, 0x07, 0xe0, 0x07, 0xe0, 0x07, 0xe0, 0x07,
    0xe0, 0x07, 0xe0, 0x07, 0xe0, 0x07, 0xe0, 0x07, 0xe0, 0x07, 0xe0, 0x07, 0xe0, 0x07, 0xe0, 0x07,
    0xe0, 0x07, 0xe0, 0x07, 0xe0, 0x07, 0xe0, 0x07, 0xe0, 0x07, 0xe0, 0x07, 0xe0, 0x07, 0xe0, 0x07,
    0xe0, 0x07, 0xe0, 0x07, 0xe0, 0x07, 0xe0, 0x07, 0xe0, 0x07, 0xe0, 0x07, 0xe0, 0x07, 0xe0, 0x07,
    0xe0, 0x07, 0xe0, 0x07, 0xe0, 0x07, 0xe0, 0x07, 0xe0, 0x07, 0xe0, 0x07, 0xe0, 0x07, 0x02, 0x48,
    0x02, 0x48, 0x02, 0x48, 0x41, 0x80, 0x41, 0x80, 0xc0, 0xc0, 0xc0, 0xc0, 0xc0, 0xc0, 0x80, 0xe9,
    0x80, 0xe9, 0x40, 0xfb, 0x09, 0xff, 0x09, 0xff, 0x09, 0xff, 0x09, 0xff, 0x09, 0xff, 0x09, 0xff,
    0x09, 0xff, 0x09, 0xff, 0x09, 0xff, 0x09, 0xff, 0x09, 0xff, 0x09, 0xff, 0x22, 0xfd, 0x22, 0xfd,
    0xc0, 0xc0, 0x80, 0xe9, 0x80, 0xe9, 0x80, 0xe9, 0xc0, 0xc0, 0xc0, 0xc0, 0xc0, 0xc0, 0x41, 0x80,
    0x41, 0x80, 0x41, 0x80, 0xe0, 0x07, 0xe0, 0x07, 0xe0, 0x07, 0xe0, 0x07, 0xe0, 0x07, 0xe0, 0x07,
    0xe0, 0x07, 0xe0, 0x07, 0xe0, 0x07, 0xe0, 0x07, 0xe0, 0x07, 0xe0, 0x07, 0xe0, 0x07, 0xe0, 0x07,
    0xe0, 0x07, 0xe0, 0x07, 0xe0, 0x07, 0xe0, 0x07, 0xe0, 0x07, 0xe0, 0x07, 0xe0, 0x07, 0xe0, 0x07,
    0xe0, 0x07, 0xe0, 0x07, 0xe0, 0x07, 0xe0, 0x07, 0xe0, 0x07, 0xe0, 0x07, 0xe0, 0x07, 0xe0, 0x07,
    0xe0, 0x07, 0xe0, 0x07, 0xe0, 0x07, 0xe0, 0x07, 0xe0, 0x07, 0xe0, 0x07, 0xe0, 0x07, 0xe0, 0x07,
    0xe0, 0x07, 0x41, 0x80, 0x41, 0x80, 0x41, 0x80, 0x41, 0x80, 0xc0, 0xc0, 0x80, 0xe9, 0x80, 0xe9,
    0x80, 0xe9, 0x80, 0xe9, 0x22, 0xfd, 0x09, 0xff, 0x09, 0xff, 0x09, 0xff, 0x09, 0xff, 0x09, 0xff,
    0x09, 0xff, 0x09, 0xff, 0x09, 0xff, 0x09, 0xff, 0x09, 0xff, 0x09, 0xff, 0x09, 0xff, 0x22, 0xfd,
    0x80, 0xe9, 0x80, 0xe9, 0x80, 0xe9, 0x80, 0xe9, 0xc0, 0xc0, 0xc0, 0xc0, 0xc0, 0xc0, 0x41, 0x80,
    0xc0, 0xc0, 0x02, 0x48, 0x02, 0x48, 0xe0, 0x07, 0xe0, 0x07, 0xe0, 0x07, 0xe0, 0x07, 0xe0, 0x07,
    0xe0, 0x07, 0xe0, 0x07, 0xe0, 0x07, 0xe0, 0x07, 0xe0, 0x07, 0xe0, 0x07, 0xe0, 0x07, 0xe0, 0x07,
    0xe0, 0x07, 0xe0, 0x07, 0xe0, 0x07, 0xe0, 0x07, 0xe0, 0x07, 0xe0, 0x07, 0xe0, 0x07, 0xe0, 0x07,
    0xe0, 0x07, 0xe0, 0x07, 0xe0, 0x07, 0xe0, 0x07, 0xe0, 0x07, 0xe0, 0x07, 0xe0, 0x07, 0xe0, 0x07,
    0xe0, 0x07, 0xe0, 0x07, 0xe0, 0x07, 0xe0, 0x07, 0xe0, 0x07, 0xe0, 0x07, 0xe0, 0x07, 0xe0, 0x07,
    0x02, 0x48, 0x41, 0x80, 0x41, 0x80, 0x41, 0x80, 0x41, 0x80, 0xc0, 0xc0, 0xc0, 0xc0, 0xc0, 0xc0,
    0x80, 0xe9, 0x80, 0xe9, 0x40, 0xfb, 0x09, 0xff, 0x09, 0xff, 0x09, 0xff, 0x09, 0xff, 0x09, 0xff,
    0x09, 0xff, 0x09, 0xff, 0x09, 0xff, 0x09, 0xff, 0x09, 0xff, 0x09, 0xff, 0x09, 0xff, 0x09, 0xff,
    0x09, 0xff, 0x80, 0xe9, 0x80, 0xe9, 0x80, 0xe9, 0x80, 0xe9, 0x80, 0xe9, 0xc0, 0xc0, 0xc0, 0xc0,
    0xc0, 0xc0, 0x41, 0x80, 0x41, 0x80, 0xe0, 0x07, 0xe0, 0x07, 0xe0, 0x07, 0xe0, 0x07, 0xe0, 0x07,
    0xe0, 0x07, 0xe0, 0x07, 0xe0, 0x07, 0xe0, 0x07, 0xe0, 0x07, 0xe0, 0x07, 0xe0, 0x07, 0xe0, 0x07,
    0xe0, 0x07, 0xe0, 0x07, 0xe0, 0x07, 0xe0, 0x07, 0xe0, 0x07, 0xe0, 0x07, 0xe0, 0x07, 0xe0, 0x07,
    0xe0, 0x07, 0xe0, 0x07, 0xe0, 0x07, 0xe0, 0x07, 0xe0, 0x07, 0xe0, 0x07, 0xe0, 0x07, 0xe0, 0x07,
    0xe0, 0x07, 0xe0, 0x07, 0xe0, 0x07, 0xe0, 0x07, 0xe0, 0x07, 0xe0, 0x07, 0xe0, 0x07, 0xe0, 0x07,
    0xe0, 0x07, 0x02, 0x48, 0x41, 0x80, 0x41, 0x80, 0x41, 0x80, 0x41, 0x80, 0xc0, 0xc0, 0x80, 0xe9,
    0x80, 0xe9, 0x80, 0xe9, 0x80, 0xe9, 0x22, 0xfd, 0x09, 0xff, 0x09, 0xff, 0x09, 0xff, 0x09, 0xff,
    0x09, 0xff, 0x09, 0xff, 0x09, 0xff, 0x09, 0xff, 0x09, 0xff, 0x09, 0xff, 0x09, 0xff, 0x09, 0xff,
    0x09, 0xff, 0x09, 0xff, 0x80, 0xe9, 0x80, 0xe9, 0x80, 0xe9, 0x80, 0xe9, 0x80, 0xe9, 0xc0, 0xc0,
    0x41, 0x80, 0x41, 0x80, 0x41, 0x80, 0x41, 0x80, 0x02, 0x48, 0xe0, 0x07, 0xe0, 0x07, 0xe0, 0x07,
    0xe0, 0x07, 0xe0, 0x07, 0xe0, 0x07, 0xe0, 0x07, 0xe0, 0x07, 0xe0, 0x07, 0xe0, 0x07, 0xe0, 0x07,
    0xe0, 0x07, 0xe0, 0x07, 0xe0, 0x07, 0xe0, 0x07, 0xe0, 0x07, 0xe0, 0x07, 0xe0, 0x07, 0xe0, 0x07,
    0xe0, 0x07, 0xe0, 0x07, 0xe0, 0x07, 0xe0, 0x07, 0xe0, 0x07, 0xe0, 0x07, 0xe0, 0x07, 0xe0, 0x07,
    0xe0, 0x07, 0xe0, 0x07, 0xe0, 0x07, 0xe0, 0x07, 0xe0, 0x07, 0xe0, 0x07, 0xe0, 0x07, 0xe0, 0x07,
    0xe0, 0x07, 0x41, 0x80, 0x41, 0x80, 0x41, 0x80, 0x41, 0x80, 0x41, 0x80, 0x41, 0x80, 0x80, 0xe9,
    0x80, 0xe9, 0x80, 0xe9, 0x80, 0xe9, 0x80, 0xe9, 0x09, 0xff, 0x09, 0xff, 0x09, 0xff, 0x09, 0xff,
    0x09, 0xff, 0x09, 0xff, 0x09, 0xff, 0x09, 0xff, 0x09, 0xff, 0x09, 0xff, 0x09, 0xff, 0x09, 0xff,
    0x09, 0xff, 0x09, 0xff, 0x22, 0xfd, 0x40, 0xfb, 0x80, 0xe9, 0x80, 0xe9, 0x80, 0xe9, 0xc0, 0xc0,
    0xc0, 0xc0, 0x41, 0x80, 0x41, 0x80, 0x41, 0x80, 0x02, 0x48, 0x02, 0x48, 0xe0, 0x07, 0xe0, 0x07,
    0xe0, 0x07, 0xe0, 0x07, 0xe0, 0x07, 0xe0, 0x07, 0xe0, 0x07, 0xe0, 0x07, 0xe0, 0x07, 0xe0, 0x07,
    0xe0, 0x07, 0xe0, 0x07, 0xe0, 0x07, 0xe0, 0x07, 0xe0, 0x07, 0xe0, 0x07, 0xe0, 0x07, 0xe0, 0x07,
    0xe0, 0x07, 0xe0, 0x07, 0xe0, 0x07, 0xe0, 0x07, 0xe0, 0x07, 0xe0, 0x07, 0xe0, 0x07, 0xe0, 0x07,
    0xe0, 0x07, 0xe0, 0x07, 0xe0, 0x07, 0xe0, 0x07, 0xe0, 0x07, 0xe0, 0x07, 0xe0, 0x07, 0xe0, 0x07,
    0xe0, 0x07, 0x41, 0x80, 0x41, 0x80, 0x41, 0x80, 0x41, 0x80, 0x41, 0x80, 0xc0, 0xc0, 0x80, 0xe9,
    0x80, 0xe9, 0x80, 0xe9, 0x80, 0xe9, 0x40, 0xfb, 0x09, 0xff, 0x09, 0xff, 0x09, 0xff, 0x09, 0xff,
    0x09, 0xff, 0x09, 0xff, 0x09, 0xff, 0x09, 0xff, 0x09, 0xff, 0x09, 0xff, 0x09, 0xff, 0x09, 0xff,
    0x09, 0xff, 0x09, 0xff, 0x09, 0xff, 0x40, 0xfb, 0x80, 0xe9, 0x80, 0xe9, 0x80, 0xe9, 0x80, 0xe9,
    0xc0, 0xc0, 0x41, 0x80, 0x41, 0x80, 0x41, 0x80, 0x02, 0x48, 0x02, 0x48, 0xe0, 0x07, 0xe0, 0x07,
    0xe0, 0x07, 0xe0, 0x07, 0xe0, 0x07, 0xe0, 0x07, 0xe0, 0x07, 0xe0, 0x07, 0xe0, 0x07, 0xe0, 0x07,
    0xe0, 0x07, 0xe0, 0x07, 0xe0, 0x07, 0xe0, 0x07, 0xe0, 0x07, 0xe0, 0x07, 0xe0, 0x07, 0xe0, 0x07,
    0xe0, 0x07, 0xe0, 0x07, 0xe0, 0x07, 0xe0, 0x07, 0xe0, 0x07, 0xe0, 0x07, 0xe0, 0x07, 0xe0, 0x07,
    0xe0, 0x07, 0xe0, 0x07, 0xe0, 0x07, 0xe0, 0x07, 0xe0, 0x07, 0xe0, 0x07, 0xe0, 0x07, 0xe0, 0x07,
    0x02, 0x48, 0x41, 0x80, 0x41, 0x80, 0x41, 0x80, 0x41, 0x80, 0xc0, 0xc0, 0xc0, 0xc0, 0xc0, 0xc0,
    0x80, 0xe9, 0x80, 0xe9, 0x40, 0xfb, 0x22, 0xfd, 0x09, 0xff, 0x09, 0xff, 0x09, 0xff, 0x09, 0xff,
    0x09, 0xff, 0x09, 0xff, 0x09, 0xff, 0x09, 0xff, 0x09, 0xff, 0x09, 0xff, 0x09, 0xff, 0x09, 0xff,
    0x09, 0xff, 0x09, 0xff, 0x09, 0xff, 0x80, 0xe9, 0x80, 0xe9, 0x80, 0xe9, 0x80, 0xe9, 0x80, 0xe9,
    0x41, 0x80, 0xc0, 0xc0, 0x41, 0x80, 0x41, 0x80, 0x41, 0x80, 0x02, 0x48, 0x02, 0x48, 0xe0, 0x07,
    0xe0, 0x07, 0xe0, 0x07, 0xe0, 0x07, 0xe0, 0x07, 0xe0, 0x07, 0xe0, 0x07, 0xe0, 0x07, 0xe0, 0x07,
    0xe0, 0x07, 0xe0, 0x07, 0xe0, 0x07, 0xe0, 0x07, 0xe0, 0x07, 0xe0, 0x07, 0xe0, 0x07, 0xe0, 0x07,
    0xe0, 0x07, 0xe0, 0x07, 0xe0, 0x07, 0xe0, 0x07, 0xe0, 0x07, 0xe0, 0x07, 0xe0, 0x07, 0xe0, 0x07,
    0xe0, 0x07, 0xe0, 0x07, 0xe0, 0x07, 0xe0, 0x07, 0xe0, 0x07, 0xe0, 0x07, 0xe0, 0x07, 0x02, 0x48,
    0x02, 0x48, 0x02, 0x48, 0x41, 0x80, 0x41, 0x80, 0x41, 0x80, 0xc0, 0xc0, 0xc0, 0xc0, 0x80, 0xe9,
    0x80, 0xe9, 0x80, 0xe9, 0x80, 0xe9, 0x22, 0xfd, 0x09, 0xff, 0x09, 0xff, 0x09, 0xff, 0x09, 0xff,
    0x09, 0xff, 0x09, 0xff, 0x09, 0xff, 0x09, 0xff, 0x09, 0xff, 0x09, 0xff, 0x09, 0xff, 0x09, 0xff,
    0x09, 0xff, 0x09, 0xff, 0x09, 0xff, 0x80, 0xe9, 0x80, 0xe9, 0x80, 0xe9, 0x80, 0xe9, 0x80, 0xe9,
    0x41, 0x80, 0xc0, 0xc0, 0x41, 0x80, 0x41, 0x80, 0x41, 0x80, 0x02, 0x48, 0x02, 0x48, 0xe0, 0x07,
    0xe0, 0x07, 0xe0, 0x07, 0xe0, 0x07, 0xe0, 0x07, 0xe0, 0x07, 0xe0, 0x07, 0xe0, 0x07, 0xe0, 0x07,
    0xe0, 0x07, 0xe0, 0x07, 0xe0, 0x07, 0xe0, 0x07, 0xe0, 0x07, 0xe0, 0x07, 0xe0, 0x07, 0xe0, 0x07,
    0xe0, 0x07, 0xe0, 0x07, 0xe0, 0x07, 0xe0, 0x07, 0xe0, 0x07, 0xe0, 0x07, 0xe0, 0x07, 0xe0, 0x07,
    0xe0, 0x07, 0xe0, 0x07, 0xe0, 0x07, 0xe0, 0x07, 0xe0, 0x07, 0xe0, 0x07, 0xe0, 0x07, 0xe0, 0x07,
    0xe0, 0x07, 0x41, 0x80, 0x41, 0x80, 0x41, 0x80, 0x41, 0x80, 0x41, 0x80, 0xc0, 0xc0, 0x80, 0xe9,
    0x80, 0xe9, 0x80, 0xe9, 0x80, 0xe9, 0x80, 0xe9, 0x09, 0xff, 0x09, 0xff, 0x09, 0xff, 0x09, 0xff,
    0x09, 0xff, 0x09, 0xff, 0x09, 0xff, 0x09, 0xff, 0x09, 0xff, 0x09, 0xff, 0x09, 0xff, 0x09, 0xff,
    0x09, 0xff, 0x09, 0xff, 0x09, 0xff, 0x09, 0xff, 0x40, 0xfb, 0x40, 0xfb, 0x80, 0xe9, 0x80, 0xe9,
    0xc0, 0xc0, 0xc0, 0xc0, 0x41, 0x80, 0x41, 0x80, 0x41, 0x80, 0x41, 0x80, 0x41, 0x80, 0xe0, 0x07,
    0xe0, 0x07, 0xe0, 0x07, 0xe0, 0x07, 0xe0, 0x07, 0xe0, 0x07, 0xe0, 0x07, 0xe0, 0x07, 0xe0, 0x07,
    0xe0, 0x07, 0xe0, 0x07, 0xe0, 0x07, 0xe0, 0x07, 0xe0, 0x07, 0xe0, 0x07, 0xe0, 0x07, 0xe0, 0x07,
    0xe0, 0x07, 0xe0, 0x07, 0xe0, 0x07, 0xe0, 0x07, 0xe0, 0x07, 0xe0, 0x07, 0xe0, 0x07, 0xe0, 0x07,
    0xe0, 0x07, 0xe0, 0x07, 0xe0, 0x07, 0xe0, 0x07, 0xe0, 0x07, 0xe0, 0x07, 0xe0, 0x07, 0xe0, 0x07,
    0xe0, 0x07, 0x02, 0x48, 0x02, 0x48, 0x41, 0x80, 0x41, 0x80, 0x41, 0x80, 0xc0, 0xc0, 0xc0, 0xc0,
    0x80, 0xe9, 0x80, 0xe9, 0x80, 0xe9, 0x80, 0xe9, 0x80, 0xe9, 0x09, 0xff, 0x22, 0xfd, 0x22, 0xfd,
    0x09, 0xff, 0x09, 0xff, 0x09, 0xff, 0x09, 0xff, 0x09, 0xff, 0x09, 0xff, 0x09, 0xff, 0x09, 0xff,
    0x09, 0xff, 0x09, 0xff, 0x09, 0xff, 0x09, 0xff, 0x09, 0xff, 0x09, 0xff, 0x80, 0xe9, 0x40, 0xfb,
    0x80, 0xe9, 0xc0, 0xc0, 0xc0, 0xc0, 0x41, 0x80, 0xc0, 0xc0, 0x41, 0x80, 0x41, 0x80, 0x41, 0x80,
    0x02, 0x48, 0xe0, 0x07, 0xe0, 0x07, 0xe0, 0x07, 0xe0, 0x07, 0xe0, 0x07, 0xe0, 0x07, 0xe0, 0x07,
    0xe0, 0x07, 0xe0, 0x07, 0xe0, 0x07, 0xe0, 0x07, 0xe0, 0x07, 0xe0, 0x07, 0xe0, 0x07, 0xe0, 0x07,
    0xe0, 0x07, 0xe0, 0x07, 0xe0, 0x07, 0xe0, 0x07, 0xe0, 0x07, 0xe0, 0x07, 0xe0, 0x07, 0xe0, 0x07,
    0xe0, 0x07, 0xe0, 0x07, 0xe0, 0x07, 0xe0, 0x07, 0xe0, 0x07, 0xe0, 0x07, 0xe0, 0x07, 0xe0, 0x07,
    0xe0, 0x07, 0xe0, 0x07, 0xe0, 0x07, 0x02, 0x48, 0x41, 0x80, 0x41, 0x80, 0xc0, 0xc0, 0xc0, 0xc0,
    0xc0, 0xc0, 0xc0, 0xc0, 0x80, 0xe9, 0x80, 0xe9, 0x80, 0xe9, 0x80, 0xe9, 0x80, 0xe9, 0x22, 0xfd,
    0x09, 0xff, 0x09, 0xff, 0x09, 0xff, 0x09, 0xff, 0x09, 0xff, 0x09, 0xff, 0x09, 0xff, 0x09, 0xff,
    0x09, 0xff, 0x09, 0xff, 0x09, 0xff, 0x09, 0xff, 0x09, 0xff, 0x09, 0xff, 0x09, 0xff, 0x40, 0xfb,
    0x80, 0xe9, 0x80, 0xe9, 0xc0, 0xc0, 0xc0, 0xc0, 0xc0, 0xc0, 0x41, 0x80, 0x41, 0x80, 0x41, 0x80,
    0x41, 0x80, 0x41, 0x80, 0x02, 0x48, 0x02, 0x48, 0xe0, 0x07, 0xe0, 0x07, 0xe0, 0x07, 0xe0, 0x07,
    0xe0, 0x07, 0xe0, 0x07, 0xe0, 0x07, 0xe0, 0x07, 0xe0, 0x07, 0xe0, 0x07, 0xe0, 0x07, 0xe0, 0x07,
    0xe0, 0x07, 0xe0, 0x07, 0xe0, 0x07, 0xe0, 0x07, 0xe0, 0x07, 0xe0, 0x07, 0xe0, 0x07, 0xe0, 0x07,
    0xe0, 0x07, 0xe0, 0x07, 0xe0, 0x07, 0xe0, 0x07, 0xe0, 0x07, 0xe0, 0x07, 0xe0, 0x07, 0xe0, 0x07,
    0xe0, 0x07, 0xe0, 0x07, 0xe0, 0x07, 0xe0, 0x07, 0x41, 0x80, 0xc0, 0xc0, 0xc0, 0xc0, 0xc0, 0xc0,
    0xc0, 0xc0, 0xc0, 0xc0, 0x80, 0xe9, 0x80, 0xe9, 0x80, 0xe9, 0xc0, 0xc0, 0xc0, 0xc0, 0x22, 0xfd,
    0x22, 0xfd, 0x09, 0xff, 0x09, 0xff, 0x09, 0xff, 0x09, 0xff, 0x09, 0xff, 0x09, 0xff, 0x09, 0xff,
    0x09, 0xff, 0x09, 0xff, 0x09, 0xff, 0x09, 0xff, 0x09, 0xff, 0x09, 0xff, 0x09, 0xff, 0x09, 0xff,
    0x80, 0xe9, 0x40, 0xfb, 0xc0, 0xc0, 0xc0, 0xc0, 0xc0, 0xc0, 0xc0, 0xc0, 0xc0, 0xc0, 0x41, 0x80,
    0x41, 0x80, 0x41, 0x80, 0x02, 0x48, 0x41, 0x80, 0xe0, 0x07, 0xe0, 0x07, 0xe0, 0x07, 0xe0, 0x07,
    0xe0, 0x07, 0xe0, 0x07, 0xe0, 0x07, 0xe0, 0x07, 0xe0, 0x07, 0xe0, 0x07, 0xe0, 0x07, 0xe0, 0x07,
    0xe0, 0x07, 0xe0, 0x07, 0xe0, 0x07, 0xe0, 0x07, 0xe0, 0x07, 0xe0, 0x07, 0xe0, 0x07, 0xe0, 0x07,
    0xe0, 0x07, 0xe0, 0x07, 0xe0, 0x07, 0xe0, 0x07, 0xe0, 0x07, 0xe0, 0x07, 0xe0, 0x07, 0xe0, 0x07,
    0xe0, 0x07, 0xe0, 0x07, 0xe0, 0x07, 0xe0, 0x07, 0x41, 0x80, 0x41, 0x80, 0xc0, 0xc0, 0xc0, 0xc0,
    0xc0, 0xc0, 0x80, 0xe9, 0x80, 0xe9, 0x80, 0xe9, 0xc0, 0xc0, 0xc0, 0xc0, 0x80, 0xe9, 0x22, 0xfd,
    0x22, 0xfd, 0x09, 0xff, 0x09, 0xff, 0x09, 0xff, 0x09, 0xff, 0x09, 0xff, 0x09, 0xff, 0x09, 0xff,
    0x09, 0xff, 0x09, 0xff, 0x09, 0xff, 0x09, 0xff, 0x09, 0xff, 0x09, 0xff, 0x09, 0xff, 0x09, 0xff,
    0x09, 0xff, 0x40, 0xfb, 0x40, 0xfb, 0xc0, 0xc0, 0xc0, 0xc0, 0xc0, 0xc0, 0xc0, 0xc0, 0x41, 0x80,
    0x41, 0x80, 0x41, 0x80, 0x41, 0x80, 0x02, 0x48, 0xe0, 0x07, 0xe0, 0x07, 0xe0, 0x07, 0xe0, 0x07,
    0xe0, 0x07, 0xe0, 0x07, 0xe0, 0x07, 0xe0, 0x07, 0xe0, 0x07, 0xe0, 0x07, 0xe0, 0x07, 0xe0, 0x07,
    0xe0, 0x07, 0xe0, 0x07, 0xe0, 0x07, 0xe0, 0x07, 0xe0, 0x07, 0xe0, 0x07, 0xe0, 0x07, 0xe0, 0x07,
    0xe0, 0x07, 0xe0, 0x07, 0xe0, 0x07, 0xe0, 0x07, 0xe0, 0x07, 0xe0, 0x07, 0xe0, 0x07, 0xe0, 0x07,
    0xe0, 0x07, 0xe0, 0x07, 0xe0, 0x07, 0xc0, 0xc0, 0xc0, 0xc0, 0xc0, 0xc0, 0xc0, 0xc0, 0xc0, 0xc0,
    0x80, 0xe9, 0x80, 0xe9, 0x80, 0xe9, 0xc0, 0xc0, 0xc0, 0xc0, 0x80, 0xe9, 0x22, 0xfd, 0x22, 0xfd,
    0x09, 0xff, 0x09, 0xff, 0x09, 0xff, 0x09, 0xff, 0x09, 0xff, 0x09, 0xff, 0x09, 0xff, 0x09, 0xff,
    0x09, 0xff, 0x09, 0xff, 0x09, 0xff, 0x09, 0xff, 0x09, 0xff, 0x09, 0xff, 0x09, 0xff, 0x09, 0xff,
    0x40, 0xfb, 0x80, 0xe9, 0x80, 0xe9, 0x80, 0xe9, 0xc0, 0xc0, 0xc0, 0xc0, 0x41, 0x80, 0x41, 0x80,
    0x41, 0x80, 0x41, 0x80, 0x41, 0x80, 0xe0, 0x07, 0x02, 0x48, 0xe0, 0x07, 0xe0, 0x07, 0xe0, 0x07,
    0xe0, 0x07, 0xe0, 0x07, 0xe0, 0x07, 0xe0, 0x07, 0xe0, 0x07, 0xe0, 0x07, 0xe0, 0x07, 0xe0, 0x07,
    0xe0, 0x07, 0xe0, 0x07, 0xe0, 0x07, 0xe0, 0x07, 0xe0, 0x07, 0xe0, 0x07, 0xe0, 0x07, 0xe0, 0x07,
    0xe0, 0x07, 0xe0, 0x07, 0xe0, 0x07, 0xe0, 0x07, 0xe0, 0x07, 0xe0, 0x07, 0xe0, 0x07, 0xe0, 0x07,
    0x02, 0x48, 0x02, 0x48, 0xc0, 0xc0, 0xc0, 0xc0, 0xc0, 0xc0, 0xc0, 0xc0, 0xc0, 0xc0, 0xc0, 0xc0,
    0x80, 0xe9, 0x80, 0xe9, 0x80, 0xe9, 0x80, 0xe9, 0x80, 0xe9, 0x22, 0xfd, 0x22, 0xfd, 0x09, 0xff,
    0x09, 0xff, 0x09, 0xff, 0x09, 0xff, 0x09, 0xff, 0x09, 0xff, 0x09, 0xff, 0x09, 0xff, 0x09, 0xff,
    0x09, 0xff, 0x09, 0xff, 0x09, 0xff, 0x09, 0xff, 0x09, 0xff, 0x09, 0xff, 0x40, 0xfb, 0x40, 0xfb,
    0x80, 0xe9, 0x80, 0xe9, 0x80, 0xe9, 0xc0, 0xc0, 0x80, 0xe9, 0x41, 0x80, 0x41, 0x80, 0x41, 0x80,
    0x41, 0x80, 0x41, 0x80, 0xe0, 0x07, 0x02, 0x48, 0xe0, 0x07, 0xe0, 0x07, 0xe0, 0x07, 0xe0, 0x07,
    0xe0, 0x07, 0xe0, 0x07, 0xe0, 0x07, 0xe0, 0x07, 0xe0, 0x07, 0xe0, 0x07, 0xe0, 0x07, 0xe0, 0x07,
    0xe0, 0x07, 0xe0, 0x07, 0xe0, 0x07, 0xe0, 0x07, 0xe0, 0x07, 0xe0, 0x07, 0xe0, 0x07, 0xe0, 0x07,
    0xe0, 0x07, 0xe0, 0x07, 0xe0, 0x07, 0xe0, 0x07, 0xe0, 0x07, 0xe0, 0x07, 0xe0, 0x07, 0x41, 0x80,
    0x41, 0x80, 0xc0, 0xc0, 0xc0, 0xc0, 0xc0, 0xc0, 0x80, 0xe9, 0x80, 0xe9, 0x80, 0xe9, 0x80, 0xe9,
    0x80, 0xe9, 0x80, 0xe9, 0x80, 0xe9, 0x80, 0xe9, 0x80, 0xe9, 0x80, 0xe9, 0x80, 0xe9, 0x40, 0xfb,
    0x40, 0xfb, 0x40, 0xfb, 0x40, 0xfb, 0x40, 0xfb, 0x40, 0xfb, 0x40, 0xfb, 0x40, 0xfb, 0x40, 0xfb,
    0x80, 0xe9, 0x40, 0xfb, 0x80, 0xe9, 0x80, 0xe9, 0x80, 0xe9, 0x80, 0xe9, 0x40, 0xfb, 0x80, 0xe9,
    0x80, 0xe9, 0x80, 0xe9, 0xc0, 0xc0, 0x80, 0xe9, 0xc0, 0xc0, 0xc0, 0xc0, 0x41, 0x80, 0x02, 0x48,
    0x41, 0x80, 0xe0, 0x07, 0xe0, 0x07, 0xe0, 0x07, 0xe0, 0x07, 0xe0, 0x07, 0xe0, 0x07, 0xe0, 0x07,
    0xe0, 0x07, 0xe0, 0x07, 0xe0, 0x07, 0xe0, 0x07, 0xe0, 0x07, 0xe0, 0x07, 0xe0, 0x07, 0xe0, 0x07,
    0xe0, 0x07, 0xe0, 0x07, 0xe0, 0x07, 0xe0, 0x07, 0xe0, 0x07, 0xe0, 0x07, 0xe0, 0x07, 0xe0, 0x07,
    0xe0, 0x07, 0xe0, 0x07, 0xe0, 0x07, 0xe0, 0x07, 0x41, 0x80, 0x41, 0x80, 0x41, 0x80, 0x41, 0x80,
    0xc0, 0xc0, 0xc0, 0xc0, 0xc0, 0xc0, 0xc0, 0xc0, 0x80, 0xe9, 0x80, 0xe9, 0x80, 0xe9, 0x80, 0xe9,
    0x80, 0xe9, 0x80, 0xe9, 0x80, 0xe9, 0x40, 0xfb, 0x40, 0xfb, 0x40, 0xfb, 0x40, 0xfb, 0x40, 0xfb,
    0x40, 0xfb, 0x40, 0xfb, 0x40, 0xfb, 0x40, 0xfb, 0x40, 0xfb, 0x40, 0xfb, 0x40, 0xfb, 0x80, 0xe9,
    0x40, 0xfb, 0x80, 0xe9, 0x80, 0xe9, 0x80, 0xe9, 0xc0, 0xc0, 0x80, 0xe9, 0x80, 0xe9, 0x80, 0xe9,
    0x80, 0xe9, 0xc0, 0xc0, 0x80, 0xe9, 0xc0, 0xc0, 0xc0, 0xc0, 0xc0, 0xc0, 0x41, 0x80, 0x41, 0x80,
    0xe0, 0x07, 0xe0, 0x07, 0xe0, 0x07, 0xe0, 0x07, 0xe0, 0x07, 0xe0, 0x07, 0xe0, 0x07, 0xe0, 0x07,
    0xe0, 0x07, 0xe0, 0x07, 0xe0, 0x07, 0xe0, 0x07, 0xe0, 0x07, 0xe0, 0x07, 0xe0, 0x07, 0xe0, 0x07,
    0xe0, 0x07, 0xe0, 0x07, 0xe0, 0x07, 0xe0, 0x07, 0xe0, 0x07, 0xe0, 0x07, 0xe0, 0x07, 0xe0, 0x07,
    0xe0, 0x07, 0xe0, 0x07, 0xe0, 0x07, 0x41, 0x80, 0x41, 0x80, 0x41, 0x80, 0x41, 0x80, 0x41, 0x80,
    0x80, 0xe9, 0x80, 0xe9, 0x80, 0xe9, 0x80, 0xe9, 0x80, 0xe9, 0x80, 0xe9, 0x40, 0xfb, 0x40, 0xfb,
    0x80, 0xe9, 0x80, 0xe9, 0x80, 0xe9, 0x40, 0xfb, 0x40, 0xfb, 0x40, 0xfb, 0x40, 0xfb, 0x40, 0xfb,
    0x40, 0xfb, 0x40, 0xfb, 0x40, 0xfb, 0x40, 0xfb, 0x40, 0xfb, 0x40, 0xfb, 0x40, 0xfb, 0x40, 0xfb,
    0x80, 0xe9, 0x80, 0xe9, 0x80, 0xe9, 0x80, 0xe9, 0xc0, 0xc0, 0xc0, 0xc0, 0xc0, 0xc0, 0x80, 0xe9,
    0x80, 0xe9, 0xc0, 0xc0, 0xc0, 0xc0, 0xc0, 0xc0, 0xc0, 0xc0, 0xc0, 0xc0, 0x41, 0x80, 0x02, 0x48,
    0xe0, 0x07, 0xe0, 0x07, 0xe0, 0x07, 0xe0, 0x07, 0xe0, 0x07, 0xe0, 0x07, 0xe0, 0x07, 0xe0, 0x07,
    0xe0, 0x07, 0xe0, 0x07, 0xe0, 0x07, 0xe0, 0x07, 0xe0, 0x07, 0xe0, 0x07, 0xe0, 0x07, 0xe0, 0x07,
};

const lv_img_dsc_t bongo_fire_2 = {
    .header.cf = LV_IMG_CF_TRUE_COLOR_CHROMA_KEYED,
    .header.always_zero = 0,
    .header.reserved = 0,
    .header.w = 72,
    .header.h = 52,
    .data_size = sizeof(bongo_fire_2_map),
    .data = bongo_fire_2_map,
};

static const uint8_t bongo_fire_3_map[] = {
    0xe0, 0x07, 0xe0, 0x07, 0xe0, 0x07, 0xe0, 0x07, 0xe0, 0x07, 0xe0, 0x07, 0xe0, 0x07, 0xe0, 0x07,
    0xe0, 0x07, 0xe0, 0x07, 0xe0, 0x07, 0xe0, 0x07, 0xe0, 0x07, 0xe0, 0x07, 0xe0, 0x07, 0xe0, 0x07,
    0xe0, 0x07, 0xe0, 0x07, 0xe0, 0x07, 0xe0, 0x07, 0xe0, 0x07, 0xe0, 0x07, 0xe0, 0x07, 0xe0, 0x07,
    0xe0, 0x07, 0xe0, 0x07, 0xe0, 0x07, 0xe0, 0x07, 0xe0, 0x07, 0xe0, 0x07, 0xe0, 0x07, 0xe0, 0x07,
    0xe0, 0x07, 0xe0, 0x07, 0xe0, 0x07, 0x40, 0xfb, 0xe0, 0x07, 0xe0, 0x07, 0xe0, 0x07, 0xe0, 0x07,
    0xe0, 0x07, 0xe0, 0x07, 0xe0, 0x07, 0xe0, 0x07, 0xe0, 0x07, 0xe0, 0x07, 0xe0, 0x07, 0xe0, 0x07,
    0xe0, 0x07, 0xe0, 0x07, 0xe0, 0x07, 0xe0, 0x07, 0xe0, 0x07, 0xe0, 0x07, 0xe0, 0x07, 0xe0, 0x07,
    0xe0, 0x07, 0xe0, 0x07, 0xe0, 0x07, 0xe0, 0x07, 0xe0, 0x07, 0xe0, 0x07, 0xe0, 0x07, 0xe0, 0x07,
    0xe0, 0x07, 0xe0, 0x07, 0xe0, 0x07, 0xe0, 0x07, 0xe0, 0x07, 0xe0, 0x07, 0xe0, 0x07, 0xe0, 0x07,
    0xe0, 0x07, 0xe0, 0x07, 0xe0, 0x07, 0xe0, 0x07, 0xe0, 0x07, 0xe0, 0x07, 0xe0, 0x07, 0xe0, 0x07,
    0xe0, 0x07, 0xe0, 0x07, 0xe0, 0x07, 0xe0, 0x07, 0xe0, 0x07, 0xe0, 0x07, 0xe0, 0x07, 0xe0, 0x07,
    0xe0, 0x07, 0xe0, 0x07, 0xe0, 0x07, 0xe0, 0x07, 0xe0, 0x07, 0xe0, 0x07, 0xe0, 0x07, 0xe0, 0x07,
    0xe0, 0x07, 0xe0, 0x07, 0xe0, 0x07, 0xe0, 0x07, 0xe0, 0x07, 0xe0, 0x07, 0xe0, 0x07, 0xe0, 0x07,
    0xe0, 0x07, 0xe0, 0x07, 0x41, 0x80, 0x80, 0xe9, 0x40, 0xfb, 0xc0, 0xc0, 0xe0, 0x07, 0xe0, 0x07,
    0xe0, 0x07, 0xe0, 0x07, 0xe0, 0x07, 0xe0, 0x07, 0xe0, 0x07, 0xe0, 0x07, 0xe0, 0x07, 0xe0, 0x07,
    0xe0, 0x07, 0xe0, 0x07, 0xe0, 0x07, 0xe0, 0x07, 0xe0, 0x07, 0xe0, 0x07, 0xe0, 0x07, 0xe0, 0x07,
    0xe0, 0x07, 0xe0, 0x07, 0xe0, 0x07, 0xe0, 0x07, 0xe0, 0x07, 0xe0, 0x07, 0xe0, 0x07, 0xe0, 0x07,
    0xe0, 0x07, 0xe0, 0x07, 0xe0, 0x07, 0xe0, 0x07, 0xe0, 0x07, 0xe0, 0x07, 0xe0, 0x07, 0xe0, 0x07,
    0xe0, 0x07, 0xe0, 0x07, 0xe0, 0x07, 0xe0, 0x07, 0xe0, 0x07, 0xe0, 0x07, 0xe0, 0x07, 0xe0, 0x07,
    0xe0, 0x07, 0xe0, 0x07, 0xe0, 0x07, 0xe0, 0x07, 0xe0, 0x07, 0xe0, 0x07, 0xe0, 0x07, 0xe0, 0x07,
    0xe0, 0x07, 0xe0, 0x07, 0xe0, 0x07, 0xe0, 0x07, 0xe0, 0x07, 0xe0, 0x07, 0xe0, 0x07, 0xe0, 0x07,
    0xe0, 0x07, 0xe0, 0x07, 0xe0, 0x07, 0xe0, 0x07, 0xe0, 0x07, 0xe0, 0x07, 0xe0, 0x07, 0xe0, 0x07,
    0xe0, 0x07, 0x41, 0x80, 0xc0, 0xc0, 0x80, 0xe9, 0x40, 0xfb, 0x80, 0xe9, 0xc0, 0xc0, 0xe0, 0x07,
    0xe0, 0x07, 0xe0, 0x07, 0xe0, 0x07, 0xe0, 0x07, 0xe0, 0x07, 0xe0, 0x07, 0xe0, 0x07, 0xe0, 0x07,
    0xe0, 0x07, 0xe0, 0x07, 0xe0, 0x07, 0xe0, 0x07, 0xe0, 0x07, 0xe0, 0x07, 0xe0, 0x07, 0xe0, 0x07,
    0xe0, 0x07, 0xe0, 0x07, 0xe0, 0x07, 0xe0, 0x07, 0xe0, 0x07, 0xe0, 0x07, 0xe0, 0x07, 0xe0, 0x07,
    0xe0, 0x07, 0xe0, 0x07, 0xe0, 0x07, 0xe0, 0x07, 0xe0, 0x07, 0xe0, 0x07, 0xe0, 0x07, 0xe0, 0x07,
    0xe0, 0x07, 0xe0, 0x07, 0xe0, 0x07, 0xe0, 0x07, 0xe0, 0x07, 0xe0, 0x07, 0xe0, 0x07, 0xe0, 0x07,
    0xe0, 0x07, 0xe0, 0x07, 0xe0, 0x07, 0xe0, 0x07, 0xe0, 0x07, 0xe0, 0x07, 0xe0, 0x07, 0xe0, 0x07,
    0xe0, 0x07, 0xe0, 0x07, 0xe0, 0x07, 0xe0, 0x07, 0xe0, 0x07, 0xe0, 0x07, 0xe0, 0x07, 0xe0, 0x07,
    0xe0, 0x07, 0xe0, 0x07, 0xe0, 0x07, 0xe0, 0x07, 0xe0, 0x07, 0xe0, 0x07, 0xe0, 0x07, 0xe0, 0x07,
    0xe0, 0x07, 0x41, 0x80, 0x80, 0xe9, 0x40, 0xfb, 0x40, 0xfb, 0x80, 0xe9, 0xc0, 0xc0, 0x41, 0x80,
    0xe0, 0x07, 0xe0, 0x07, 0xe0, 0x07, 0xe0, 0x07, 0xe0, 0x07, 0xe0, 0x07, 0xe0, 0x07, 0xe0, 0x07,
    0xe0, 0x07, 0xe0, 0x07, 0xe0, 0x07, 0xe0, 0x07, 0xe0, 0x07, 0xe0, 0x07, 0xe0, 0x07, 0xe0, 0x07,
    0xe0, 0x07, 0xe0, 0x07, 0xe0, 0x07, 0xe0, 0x07, 0xe0, 0x07, 0xe0, 0x07, 0xe0, 0x07, 0xe0, 0x07,
    0xe0, 0x07, 0xe0, 0x07, 0xe0, 0x07, 0xe0, 0x07, 0xe0, 0x07, 0xe0, 0x07, 0xe0, 0x07, 0xe0, 0x07,
    0xe0, 0x07, 0xe0, 0x07, 0xe0, 0x07, 0xe0, 0x07, 0xe0, 0x07, 0xe0, 0x07, 0xe0, 0x07, 0xe0, 0x07,
    0xe0, 0x07, 0xe0, 0x07, 0xe0, 0x07, 0xe0, 0x07, 0xe0, 0x07, 0xe0, 0x07, 0xe0, 0x07, 0xe0, 0x07,
    0xe0, 0x07, 0xe0, 0x07, 0xe0, 0x07, 0xe0, 0x07, 0xe0, 0x07, 0xe0, 0x07, 0xe0, 0x07, 0xe0, 0x07,
    0xe0, 0x07, 0xe0, 0x07, 0xe0, 0x07, 0xe0, 0x07, 0xe0, 0x07, 0xe0, 0x07, 0xe0, 0x07, 0xe0, 0x07,
    0x41, 0x80, 0xc0, 0xc0, 0x80, 0xe9, 0x40, 0xfb, 0x40, 0xfb, 0x40, 0xfb, 0x80, 0xe9, 0xc0, 0xc0,
    0x41, 0x80, 0xe0, 0x07, 0xe0, 0x07, 0xe0, 0x07, 0xe0, 0x07, 0xe0, 0x07, 0xe0, 0x07, 0xe0, 0x07,
    0xe0, 0x07, 0xe0, 0x07, 0xe0, 0x07, 0xe0, 0x07, 0xe0, 0x07, 0xe0, 0x07, 0xe0, 0x07, 0xe0, 0x07,
    0xe0, 0x07, 0xe0, 0x07, 0xe0, 0x07, 0xe0, 0x07, 0xe0, 0x07, 0xe0, 0x07, 0xe0, 0x07, 0xe0, 0x07,
    0xe0, 0x07, 0xe0, 0x07, 0xe0, 0x07, 0xe0, 0x07, 0xe0, 0x07, 0xe0, 0x07, 0xe0, 0x07, 0xe0, 0x07,
    0xe0, 0x07, 0xe0, 0x07, 0xe0, 0x07, 0xe0, 0x07, 0xe0, 0x07, 0xe0, 0x07, 0xe0, 0x07, 0xe0, 0x07,
    0xe0, 0x07, 0xe0, 0x07, 0xe0, 0x07, 0xe0, 0x07, 0xe0, 0x07, 0xe0, 0x07, 0xe0, 0x07, 0xe0, 0x07,
    0xe0, 0x07, 0xe0, 0x07, 0xe0, 0x07, 0xe0, 0x07, 0xe0, 0x07, 0xe0, 0x07, 0xe0, 0x07, 0xe0, 0x07,
    0xe0, 0x07, 0xe0, 0x07, 0xe0, 0x07, 0xe0, 0x07, 0xe0, 0x07, 0xe0, 0x07, 0xe0, 0x07, 0xe0, 0x07,
    0x41, 0x80, 0xc0, 0xc0, 0xc0, 0xc0, 0x80, 0xe9, 0x40, 0xfb, 0x40, 0xfb, 0x80, 0xe9, 0xc0, 0xc0,
    0xc0, 0xc0, 0x41, 0x80, 0xe0, 0x07, 0xe0, 0x07, 0xe0, 0x07, 0xe0, 0x07, 0xe0, 0x07, 0xe0, 0x07,
    0xe0, 0x07, 0xe0, 0x07, 0xe0, 0x07, 0xe0, 0x07, 0xe0, 0x07, 0xe0, 0x07, 0xe0, 0x07, 0xe0, 0x07,
    0xe0, 0x07, 0xe0, 0x07, 0xe0, 0x07, 0xe0, 0x07, 0xe0, 0x07, 0xe0, 0x07, 0xe0, 0x07, 0xe0, 0x07,
    0xe0, 0x07, 0xe0, 0x07, 0xe0, 0x07, 0xe0, 0x07, 0xe0, 0x07, 0xe0, 0x07, 0xe0, 0x07, 0xe0, 0x07,
    0xe0, 0x07, 0xe0, 0x07, 0xe0, 0x07, 0xe0, 0x07, 0xe0, 0x07, 0xe0, 0x07, 0xe0, 0x07, 0xe0, 0x07,
    0xe0, 0x07, 0xe0, 0x07, 0xe0, 0x07, 0xe0, 0x07, 0xe0, 0x07, 0xe0, 0x07, 0xe0, 0x07, 0xe0, 0x07,
    0xe0, 0x07, 0xe0, 0x07, 0xe0, 0x07, 0xe0, 0x07, 0xe0, 0x07, 0xe0, 0x07, 0xe0, 0x07, 0xe0, 0x07,
    0xe0, 0x07, 0xe0, 0x07, 0xe0, 0x07, 0xe0, 0x07, 0xe0, 0x07, 0xe0, 0x07, 0xe0, 0x07, 0xe0, 0x07,
    0xe0, 0x07, 0x41, 0x80, 0xc0, 0xc0, 0x80, 0xe9, 0x80, 0xe9, 0x40, 0xfb, 0x40, 0xfb, 0x40, 0xfb,
    0x80, 0xe9, 0xc0, 0xc0, 0x41, 0x80, 0xe0, 0x07, 0xe0, 0x07, 0xe0, 0x07, 0xe0, 0x07, 0xe0, 0x07,
    0xe0, 0x07, 0xe0, 0x07, 0xe0, 0x07, 0xe0, 0x07, 0xe0, 0x07, 0xe0, 0x07, 0xe0, 0x07, 0xe0, 0x07,
    0xe0, 0x07, 0xe0, 0x07, 0xe0, 0x07, 0xe0, 0x07, 0xe0, 0x07, 0xe0, 0x07, 0xe0, 0x07, 0xe0, 0x07,
    0xe0, 0x07, 0xe0, 0x07, 0xe0, 0x07, 0xe0, 0x07, 0xe0, 0x07, 0xe0, 0x07, 0xe0, 0x07, 0xe0, 0x07,
    0xe0, 0x07, 0xe0, 0x07, 0xe0, 0x07, 0xe0, 0x07, 0xe0, 0x07, 0xe0, 0x07, 0xe0, 0x07, 0xe0, 0x07,
    0xe0, 0x07, 0xe0, 0x07, 0xe0, 0x07, 0xe0, 0x07, 0xe0, 0x07, 0xe0, 0x07, 0xe0, 0x07, 0xe0, 0x07,
    0xe0, 0x07, 0xe0, 0x07, 0xe0, 0x07, 0xe0, 0x07, 0xe0, 0x07, 0xe0, 0x07, 0xe0, 0x07, 0xe0, 0x07,
    0xe0, 0x07, 0xe0, 0x07, 0xe0, 0x07, 0xe0, 0x07, 0xe0, 0x07, 0xe0, 0x07, 0xe0, 0x07, 0xe0, 0x07,
    0xe0, 0x07, 0x02, 0x48, 0x41, 0x80, 0xc0, 0xc0, 0x80, 0xe9, 0x40, 0xfb, 0x40, 0xfb, 0x40, 0xfb,
    0x40, 0xfb, 0x80, 0xe9, 0xc0, 0xc0, 0x41, 0x80, 0x41, 0x80, 0xe0, 0x07, 0xe0, 0x07, 0xe0, 0x07,
    0xe0, 0x07, 0xe0, 0x07, 0xe0, 0x07, 0xe0, 0x07, 0xe0, 0x07, 0xe0, 0x07, 0xe0, 0x07, 0xe0, 0x07,
    0xe0, 0x07, 0xe0, 0x07, 0xe0, 0x07, 0xe0, 0x07, 0xe0, 0x07, 0xe0, 0x07, 0xe0, 0x07, 0xe0, 0x07,
    0xe0, 0x07, 0xe0, 0x07, 0xe0, 0x07, 0xe0, 0x07, 0xe0, 0x07, 0xe0, 0x07, 0xe0, 0x07, 0xe0, 0x07,
    0xe0, 0x07, 0xe0, 0x07, 0xe0, 0x07, 0xe0, 0x07, 0xe0, 0x07, 0xe0, 0x07, 0xe0, 0x07, 0xe0, 0x07,
    0xe0, 0x07, 0xe0, 0x07, 0xe0, 0x07, 0xe0, 0x07, 0xe0, 0x07, 0xe0, 0x07, 0xe0, 0x07, 0xe0, 0x07,
    0xe0, 0x07, 0xe0, 0x07, 0xe0, 0x07, 0xe0, 0x07, 0xe0, 0x07, 0xe0, 0x07, 0xe0, 0x07, 0xe0, 0x07,
    0xe0, 0x07, 0xe0, 0x07, 0xe0, 0x07, 0xe0, 0x07, 0xe0, 0x07, 0xe0, 0x07, 0xe0, 0x07, 0xe0, 0x07,
    0xe0, 0x07, 0x02, 0x48, 0x41, 0x80, 0xc0, 0xc0, 0x80, 0xe9, 0x80, 0xe9, 0x40, 0xfb, 0x40, 0xfb,
    0x40, 0xfb, 0x80, 0xe9, 0x80, 0xe9, 0xc0, 0xc0, 0x41, 0x80, 0x02, 0x48, 0xe0, 0x07, 0xe0, 0x07,
    0xe0, 0x07, 0xe0, 0x07, 0xe0, 0x07, 0xe0, 0x07, 0xe0, 0x07, 0xe0, 0x07, 0xe0, 0x07, 0xe0, 0x07,
    0xe0, 0x07, 0xe0, 0x07, 0xe0, 0x07, 0xe0, 0x07, 0xe0, 0x07, 0xe0, 0x07, 0xe0, 0x07, 0xe0, 0x07,
    0xe0, 0x07, 0xe0, 0x07, 0xe0, 0x07, 0xe0, 0x07, 0xe0, 0x07, 0xe0, 0x07, 0xe0, 0x07, 0xe0, 0x07,
    0xe0, 0x07, 0xe0, 0x07, 0xe0, 0x07, 0xe0, 0x07, 0xe0, 0x07, 0xe0, 0x07, 0xe0, 0x07, 0xe0, 0x07,
    0xe0, 0x07, 0xe0, 0x07, 0xe0, 0x07, 0xe0, 0x07, 0xe0, 0x07, 0xe0, 0x07, 0xe0, 0x07, 0xe0, 0x07,
    0xe0, 0x07, 0xe0, 0x07, 0xe0, 0x07, 0xe0, 0x07, 0xe0, 0x07, 0xe0, 0x07, 0xe0, 0x07, 0xe0, 0x07,
    0xe0, 0x07, 0xe0, 0x07, 0xe0, 0x07, 0xe0, 0x07, 0xe0, 0x07, 0xe0, 0x07, 0xe0, 0x07, 0xe0, 0x07,
    0xe0, 0x07, 0xe0, 0x07, 0x41, 0x80, 0x41, 0x80, 0x80, 0xe9, 0x40, 0xfb, 0x40, 0xfb, 0x40, 0xfb,
    0x40, 0xfb, 0x80, 0xe9, 0x80, 0xe9, 0xc0, 0xc0, 0x41, 0x80, 0x41, 0x80, 0xe0, 0x07, 0xe0, 0x07,
    0xe0, 0x07, 0xe0, 0x07, 0xe0, 0x07, 0xe0, 0x07, 0xe0, 0x07, 0xe0, 0x07, 0xe0, 0x07, 0xe0, 0x07,
    0xe0, 0x07, 0xe0, 0x07, 0xe0, 0x07, 0xe0, 0x07, 0xe0, 0x07, 0xe0, 0x07, 0xe0, 0x07, 0xe0, 0x07,
    0xe0, 0x07, 0xe0, 0x07, 0xe0, 0x07, 0xe0, 0x07, 0xe0, 0x07, 0xe0, 0x07, 0xe0, 0x07, 0xe0, 0x07,
    0xe0, 0x07, 0xe0, 0x07, 0xe0, 0x07, 0xe0, 0x07, 0xe0, 0x07, 0xe0, 0x07, 0xe0, 0x07, 0xe0, 0x07,
    0xe0, 0x07, 0xe0, 0x07, 0xe0, 0x07, 0xe0, 0x07, 0xe0, 0x07, 0xe0, 0x07, 0xe0, 0x07, 0xe0, 0x07,
    0xe0, 0x07, 0xe0, 0x07, 0xe0, 0x07, 0xe0, 0x07, 0xe0, 0x07, 0xe0, 0x07, 0xe0, 0x07, 0xe0, 0x07,
    0xe0, 0x07, 0xe0, 0x07, 0xe0, 0x07, 0xe0, 0x07, 0xe0, 0x07, 0xe0, 0x07, 0xe0, 0x07, 0xe0, 0x07,
    0x02, 0x48, 0x41, 0x80, 0xc0, 0xc0, 0xc0, 0xc0, 0x80, 0xe9, 0x80, 0xe9, 0x40, 0xfb, 0x40, 0xfb,
    0x80, 0xe9, 0x80, 0xe9, 0xc0, 0xc0, 0x41, 0x80, 0x41, 0x80, 0xe0, 0x07, 0xe0, 0x07, 0xe0, 0x07,
    0xe0, 0x07, 0xe0, 0x07, 0xe0, 0x07, 0xe0, 0x07, 0xe0, 0x07, 0xe0, 0x07, 0xe0, 0x07, 0xe0, 0x07,
    0xe0, 0x07, 0xe0, 0x07, 0xe0, 0x07, 0xe0, 0x07, 0xe0, 0x07, 0xe0, 0x07, 0xe0, 0x07, 0xe0, 0x07,
    0xe0, 0x07, 0xe0, 0x07, 0xe0, 0x07, 0xe0, 0x07, 0xe0, 0x07, 0xe0, 0x07, 0xe0, 0x07, 0xe0, 0x07,
    0xe0, 0x07, 0xe0, 0x07, 0xe0, 0x07, 0xe0, 0x07, 0xe0, 0x07, 0xe0, 0x07, 0xe0, 0x07, 0xe0, 0x07,
    0xe0, 0x07, 0xe0, 0x07, 0xe0, 0x07, 0xe0, 0x07, 0xe0, 0x07, 0xe0, 0x07, 0xe0, 0x07, 0xe0, 0x07,
    0xe0, 0x07, 0xe0, 0x07, 0xe0, 0x07, 0xe0, 0x07, 0xe0, 0x07, 0xe0, 0x07, 0xe0, 0x07, 0xe0, 0x07,
    0xe0, 0x07, 0xe0, 0x07, 0xe0, 0x07, 0xe0, 0x07, 0xe0, 0x07, 0xe0, 0x07, 0x02, 0x48, 0x41, 0x80,
    0xc0, 0xc0, 0xc0, 0xc0, 0x80, 0xe9, 0x80, 0xe9, 0x40, 0xfb, 0x80, 0xe9, 0x80, 0xe9, 0xc0, 0xc0,
    0xc0, 0xc0, 0xc0, 0xc0, 0x41, 0x80, 0xe0, 0x07, 0xe0, 0x07, 0xe0, 0x07, 0xe0, 0x07, 0xe0, 0x07,
    0xe0, 0x07, 0xe0, 0x07, 0xe0, 0x07, 0xe0, 0x07, 0xe0, 0x07, 0xe0, 0x07, 0xe0, 0x07, 0xe0, 0x07,
    0xe0, 0x07, 0xe0, 0x07, 0xe0, 0x07, 0xe0, 0x07, 0xe0, 0x07, 0xe0, 0x07, 0xe0, 0x07, 0xe0, 0x07,
    0xe0, 0x07, 0xe0, 0x07, 0xe0, 0x07, 0xe0, 0x07, 0xe0, 0x07, 0xe0, 0x07, 0xe0, 0x07, 0xe0, 0x07,
    0xe0, 0x07, 0xe0, 0x07, 0xe0, 0x07, 0xe0, 0x07, 0xe0, 0x07, 0xe0, 0x07, 0xe0, 0x07, 0xe0, 0x07,
    0xe0, 0x07, 0xe0, 0x07, 0xe0, 0x07, 0xe0, 0x07, 0xe0, 0x07, 0xe0, 0x07, 0xe0, 0x07, 0xe0, 0x07,
    0xe0, 0x07, 0xe0, 0x07, 0xe0, 0x07, 0xe0, 0x07, 0xe0, 0x07, 0xe0, 0x07, 0xe0, 0x07, 0xe0, 0x07,
    0xe0, 0x07, 0xe0, 0x07, 0xe0, 0x07, 0x41, 0x80, 0x41, 0x80, 0x41, 0x80, 0xc0, 0xc0, 0xc0, 0xc0,
    0x80, 0xe9, 0x80, 0xe9, 0x40, 0xfb, 0x80, 0xe9, 0x80, 0xe9, 0xc0, 0xc0, 0xc0, 0xc0, 0x41, 0x80,
    0xe0, 0x07, 0x41, 0x80, 0xe0, 0x07, 0xe0, 0x07, 0xe0, 0x07, 0xe0, 0x07, 0xe0, 0x07, 0xe0, 0x07,
    0xe0, 0x07, 0xe0, 0x07, 0xe0, 0x07, 0xe0, 0x07, 0xe0, 0x07, 0xe0, 0x07, 0xe0, 0x07, 0xe0, 0x07,
    0xe0, 0x07, 0xe0, 0x07, 0xe0, 0x07, 0xe0, 0x07, 0xe0, 0x07, 0xe0, 0x07, 0xe0, 0x07, 0xe0, 0x07,
    0xe0, 0x07, 0xe0, 0x07, 0xe0, 0x07, 0xe0, 0x07, 0xe0, 0x07, 0xe0, 0x07, 0xe0, 0x07, 0xe0, 0x07,
    0xe0, 0x07, 0xe0, 0x07, 0xe0, 0x07, 0xe0, 0x07, 0xe0, 0x07, 0xe0, 0x07, 0xe0, 0x07, 0xe0, 0x07,
    0xe0, 0x07, 0xe0, 0x07, 0xe0, 0x07, 0xe0, 0x07, 0xe0, 0x07, 0xe0, 0x07, 0xe0, 0x07, 0xe0, 0x07,
    0xe0, 0x07, 0xe0, 0x07, 0xe0, 0x07, 0xe0, 0x07, 0xe0, 0x07, 0xe0, 0x07, 0xe0, 0x07, 0xe0, 0x07,
    0xe0, 0x07, 0x41, 0x80, 0x41, 0x80, 0xc0, 0xc0, 0xc0, 0xc0, 0xc0, 0xc0, 0x80, 0xe9, 0x80, 0xe9,
    0x40, 0xfb, 0x40, 0xfb, 0x80, 0xe9, 0x80, 0xe9, 0xc0, 0xc0, 0xc0, 0xc0, 0x41, 0x80, 0xe0, 0x07,
    0xe0, 0x07, 0xe0, 0x07, 0xe0, 0x07, 0xe0, 0x07, 0xe0, 0x07, 0xe0, 0x07, 0xe0, 0x07, 0xe0, 0x07,
    0xe0, 0x07, 0xe0, 0x07, 0xe0, 0x07, 0xe0, 0x07, 0xe0, 0x07, 0xe0, 0x07, 0xe0, 0x07, 0xe0, 0x07,
    0xe0, 0x07, 0xe0, 0x07, 0xe0, 0x07, 0xe0, 0x07, 0xe0, 0x07, 0xe0, 0x07, 0xe0, 0x07, 0xe0, 0x07,
    0xe0, 0x07, 0xe0, 0x07, 0xe0, 0x07, 0xe0, 0x07, 0xe0, 0x07, 0xe0, 0x07, 0xe0, 0x07, 0xe0, 0x07,
    0xe0, 0x07, 0xe0, 0x07, 0xe0, 0x07, 0xe0, 0x07, 0xe0, 0x07, 0xe0, 0x07, 0xe0, 0x07, 0xe0, 0x07,
    0xe0, 0x07, 0xe0, 0x07, 0xe0, 0x07, 0xe0, 0x07, 0xe0, 0x07, 0xe0, 0x07, 0xe0, 0x07, 0xe0, 0x07,
    0xe0, 0x07, 0xe0, 0x07, 0xe0, 0x07, 0xe0, 0x07, 0xe0, 0x07, 0xe0, 0x07, 0xe0, 0x07, 0xe0, 0x07,
    0x02, 0x48, 0x41, 0x80, 0xc0, 0xc0, 0xc0, 0xc0, 0x80, 0xe9, 0x80, 0xe9, 0x80, 0xe9, 0x80, 0xe9,
    0x40, 0xfb, 0x80, 0xe9, 0x80, 0xe9, 0xc0, 0xc0, 0xc0, 0xc0, 0x41, 0x80, 0x41, 0x80, 0xe0, 0x07,
    0xe0, 0x07, 0xe0, 0x07, 0xe0, 0x07, 0xe0, 0x07, 0xe0, 0x07, 0xe0, 0x07, 0xe0, 0x07, 0xe0, 0x07,
    0xe0, 0x07, 0xe0, 0x07, 0xe0, 0x07, 0xe0, 0x07, 0xe0, 0x07, 0xe0, 0x07, 0xe0, 0x07, 0xe0, 0x07,
    0xe0, 0x07, 0xe0, 0x07, 0xe0, 0x07, 0xe0, 0x07, 0xe0, 0x07, 0xe0, 0x07, 0xe0, 0x07, 0xe0, 0x07,
    0xe0, 0x07, 0xe0, 0x07, 0xe0, 0x07, 0xe0, 0x07, 0xe0, 0x07, 0xe0, 0x07, 0xe0, 0x07, 0xe0, 0x07,
    0xe0, 0x07, 0xe0, 0x07, 0xe0, 0x07, 0xe0, 0x07, 0xe0, 0x07, 0xe0, 0x07, 0xe0, 0x07, 0xe0, 0x07,
    0xe0, 0x07, 0xe0, 0x07, 0xe0, 0x07, 0xe0, 0x07, 0xe0, 0x07, 0xe0, 0x07, 0xe0, 0x07, 0xe0, 0x07,
    0xe0, 0x07, 0xe0, 0x07, 0xe0, 0x07, 0xe0, 0x07, 0xe0, 0x07, 0xe0, 0x07, 0xe0, 0x07, 0xe0, 0x07,
    0x02, 0x48, 0x41, 0x80, 0xc0, 0xc0, 0xc0, 0xc0, 0x80, 0xe9, 0x80, 0xe9, 0x40, 0xfb, 0x80, 0xe9,
    0x40, 0xfb, 0x40, 0xfb, 0x80, 0xe9, 0x80, 0xe9, 0xc0, 0xc0, 0xc0, 0xc0, 0x41, 0x80, 0x02, 0x48,
    0xe0, 0x07, 0xe0, 0x07, 0xe0, 0x07, 0xe0, 0x07, 0xe0, 0x07, 0xe0, 0x07, 0xe0, 0x07, 0xe0, 0x07,
    0xe0, 0x07, 0xe0, 0x07, 0xe0, 0x07, 0xe0, 0x07, 0xe0, 0x07, 0xe0, 0x07, 0xe0, 0x07, 0xe0, 0x07,
    0xe0, 0x07, 0xe0, 0x07, 0xe0, 0x07, 0xe0, 0x07, 0xe0, 0x07, 0xe0, 0x07, 0xe0, 0x07, 0xe0, 0x07,
    0xe0, 0x07, 0xe0, 0x07, 0xe0, 0x07, 0xe0, 0x07, 0xe0, 0x07, 0xe0, 0x07, 0xe0, 0x07, 0xe0, 0x07,
    0xe0, 0x07, 0xe0, 0x07, 0xe0, 0x07, 0xe0, 0x07, 0xe0, 0x07, 0xe0, 0x07, 0xe0, 0x07, 0xe0, 0x07,
    0xe0, 0x07, 0xe0, 0x07, 0xe0, 0x07, 0xe0, 0x07, 0xe0, 0x07, 0xe0, 0x07, 0xe0, 0x07, 0xe0, 0x07,
    0xe0, 0x07, 0xe0, 0x07, 0xe0, 0x07, 0xe0, 0x07, 0xe0, 0x07, 0xe0, 0x07, 0xe0, 0x07, 0x02, 0x48,
    0x41, 0x80, 0x41, 0x80, 0xc0, 0xc0, 0xc0, 0xc0, 0x80, 0xe9, 0x80, 0xe9, 0x40, 0xfb, 0x40, 0xfb,
    0x80, 0xe9, 0x40, 0xfb, 0x80, 0xe9, 0x80, 0xe9, 0x80, 0xe9, 0xc0, 0xc0, 0xc0, 0xc0, 0x41, 0x80,
    0x41, 0x80, 0x41, 0x80, 0xe0, 0x07, 0xe0, 0x07, 0xe0, 0x07, 0xe0, 0x07, 0xe0, 0x07, 0xe0, 0x07,
    0xe0, 0x07, 0xe0, 0x07, 0xe0, 0x07, 0xe0, 0x07, 0xe0, 0x07, 0xe0, 0x07, 0xe0, 0x07, 0xe0, 0x07,
    0xe0, 0x07, 0xe0, 0x07, 0xe0, 0x07, 0xe0, 0x07, 0xe0, 0x07, 0xe0, 0x07, 0xe0, 0x07, 0xe0, 0x07,
    0xe0, 0x07, 0xe0, 0x07, 0xe0, 0x07, 0xe0, 0x07, 0xe0, 0x07, 0xe0, 0x07, 0xe0, 0x07, 0xe0, 0x07,
    0xe0, 0x07, 0xe0, 0x07, 0xe0, 0x07, 0xe0, 0x07, 0xe0, 0x07, 0xe0, 0x07, 0xe0, 0x07, 0xe0, 0x07,
    0xe0, 0x07, 0xe0, 0x07, 0xe0, 0x07, 0xe0, 0x07, 0xe0, 0x07, 0xe0, 0x07, 0xe0, 0x07, 0xe0, 0x07,
    0xe0, 0x07, 0xe0, 0x07, 0xe0, 0x07, 0xe0, 0x07, 0xe0, 0x07, 0xe0, 0x07, 0xe0, 0x07, 0xe0, 0x07,
    0x41, 0x80, 0x41, 0x80, 0x41, 0x80, 0xc0, 0xc0, 0xc0, 0xc0, 0xc0, 0xc0, 0x80, 0xe9, 0x80, 0xe9,
    0x40, 0xfb, 0x80, 0xe9, 0x40, 0xfb, 0x40, 0xfb, 0x80, 0xe9, 0x80, 0xe9, 0xc0, 0xc0, 0xc0, 0xc0,
    0xc0, 0xc0, 0x41, 0x80, 0x41, 0x80, 0x02, 0x48, 0xe0, 0x07, 0x02, 0x48, 0xe0, 0x07, 0xe0, 0x07,
    0xe0, 0x07, 0xe0, 0x07, 0xe0, 0x07, 0xe0, 0x07, 0xe0, 0x07, 0xe0, 0x07, 0xe0, 0x07, 0xe0, 0x07,
    0xe0, 0x07, 0xe0, 0x07, 0xe0, 0x07, 0xe0, 0x07, 0xe0, 0x07, 0xe0, 0x07, 0xe0, 0x07, 0xe0, 0x07,
    0xe0, 0x07, 0xe0, 0x07, 0xe0, 0x07, 0xe0, 0x07, 0xe0, 0x07, 0xe0, 0x07, 0xe0, 0x07, 0xe0, 0x07,
    0xe0, 0x07, 0xe0, 0x07, 0xe0, 0x07, 0xe0, 0x07, 0xe0, 0x07, 0xe0, 0x07, 0xe0, 0x07, 0xe0, 0x07,
    0xe0, 0x07, 0xe0, 0x07, 0xe0, 0x07, 0xe0, 0x07, 0xe0, 0x07, 0xe0, 0x07, 0xe0, 0x07, 0xe0, 0x07,
    0xe0, 0x07, 0xe0, 0x07, 0xe0, 0x07, 0xe0, 0x07, 0xe0, 0x07, 0xe0, 0x07, 0xe0, 0x07, 0xe0, 0x07,
    0x02, 0x48, 0x41, 0x80, 0x41, 0x80, 0xc0, 0xc0, 0xc0, 0xc0, 0xc0, 0xc0, 0x80, 0xe9, 0x22, 0xfd,
    0x09, 0xff, 0x09, 0xff, 0x09, 0xff, 0x09, 0xff, 0x09, 0xff, 0x09, 0xff, 0x22, 0xfd, 0x80, 0xe9,
    0xc0, 0xc0, 0x41, 0x80, 0x41, 0x80, 0x41, 0x80, 0x41, 0x80, 0xe0, 0x07, 0xe0, 0x07, 0xe0, 0x07,
    0xe0, 0x07, 0xe0, 0x07, 0xe0, 0x07, 0xe0, 0x07, 0xe0, 0x07, 0xe0, 0x07, 0xe0, 0x07, 0xe0, 0x07,
    0xe0, 0x07, 0xe0, 0x07, 0xe0, 0x07, 0xe0, 0x07, 0xe0, 0x07, 0xe0, 0x07, 0xe0, 0x07, 0xe0, 0x07,
    0xe0, 0x07, 0xe0, 0x07, 0xe0, 0x07, 0xe0, 0x07, 0xe0, 0x07, 0xe0, 0x07, 0xe0, 0x07, 0xe0, 0x07,
    0xe0, 0x07, 0xe0, 0x07, 0xe0, 0x07, 0xe0, 0x07, 0xe0, 0x07, 0xe0, 0x07, 0xe0, 0x07, 0xe0, 0x07,
    0xe0, 0x07, 0xe0, 0x07, 0xe0, 0x07, 0xe0, 0x07, 0xe0, 0x07, 0xe0, 0x07, 0xe0, 0x07, 0xe0, 0x07,
    0xe0, 0x07, 0xe0, 0x07, 0xe0, 0x07, 0xe0, 0x07, 0xe0, 0x07, 0xe0, 0x07, 0xe0, 0x07, 0xe0, 0x07,
    0x02, 0x48, 0x41, 0x80, 0x41, 0x80, 0x41, 0x80, 0xc0, 0xc0, 0xc0, 0xc0, 0xc0, 0xc0, 0x22, 0xfd,
    0x09, 0xff, 0x09, 0xff, 0x09, 0xff, 0x09, 0xff, 0x09, 0xff, 0x09, 0xff, 0x09, 0xff, 0x22, 0xfd,
    0xc0, 0xc0, 0xc0, 0xc0, 0x41, 0x80, 0x41, 0x80, 0x41, 0x80, 0xe0, 0x07, 0xe0, 0x07, 0xe0, 0x07,
    0xe0, 0x07, 0xe0, 0x07, 0xe0, 0x07, 0xe0, 0x07, 0xe0, 0x07, 0xe0, 0x07, 0xe0, 0x07, 0xe0, 0x07,
    0xe0, 0x07, 0xe0, 0x07, 0xe0, 0x07, 0xe0, 0x07, 0xe0, 0x07, 0xe0, 0x07, 0xe0, 0x07, 0xe0, 0x07,
    0xe0, 0x07, 0xe0, 0x07, 0xe0, 0x07, 0xe0, 0x07, 0xe0, 0x07, 0xe0, 0x07, 0xe0, 0x07, 0xe0, 0x07,
    0xe0, 0x07, 0xe0, 0x07, 0xe0, 0x07, 0xe0, 0x07, 0xe0, 0x07, 0xe0, 0x07, 0xe0, 0x07, 0xe0, 0x07,
    0xe0, 0x07, 0xe0, 0x07, 0xe0, 0x07, 0xe0, 0x07, 0xe0, 0x07, 0xe0, 0x07, 0xe0, 0x07, 0xe0, 0x07,
    0xe0, 0x07, 0xe0, 0x07, 0xe0, 0x07, 0xe0, 0x07, 0xe0, 0x07, 0xe0, 0x07, 0xe0, 0x07, 0xe0, 0x07,
    0x02, 0x48, 0x41, 0x80, 0x41, 0x80, 0x41, 0x80, 0xc0, 0xc0, 0xc0, 0xc0, 0x80, 0xe9, 0x22, 0xfd,
    0x09, 0xff, 0x09, 0xff, 0x09, 0xff, 0x09, 0xff, 0x09, 0xff, 0x09, 0xff, 0x09, 0xff, 0x22, 0xfd,
    0x22, 0xfd, 0x80, 0xe9, 0x41, 0x80, 0x41, 0x80, 0x41, 0x80, 0x41, 0x80, 0xe0, 0x07, 0xe0, 0x07,
    0xe0, 0x07, 0xe0, 0x07, 0xe0, 0x07, 0xe0, 0x07, 0xe0, 0x07, 0xe0, 0x07, 0xe0, 0x07, 0xe0, 0x07,
    0xe0, 0x07, 0xe0, 0x07, 0xe0, 0x07, 0xe0, 0x07, 0xe0, 0x07, 0xe0, 0x07, 0xe0, 0x07, 0xe0, 0x07,
    0xe0, 0x07, 0xe0, 0x07, 0xe0, 0x07, 0xe0, 0x07, 0xe0, 0x07, 0xe0, 0x07, 0xe0, 0x07, 0xe0, 0x07,
    0xe0, 0x07, 0xe0, 0x07, 0xe0, 0x07, 0xe0, 0x07, 0xe0, 0x07, 0xe0, 0x07, 0xe0, 0x07, 0xe0, 0x07,
    0xe0, 0x07, 0xe0, 0x07, 0xe0, 0x07, 0xe0, 0x07, 0xe0, 0x07, 0xe0, 0x07, 0xe0, 0x07, 0xe0, 0x07,
    0xe0, 0x07, 0xe0, 0x07, 0xe0, 0x07, 0xe0, 0x07, 0xe0, 0x07, 0xe0, 0x07, 0xe0, 0x07, 0xe0, 0x07,
    0x41, 0x80, 0x41, 0x80, 0x41, 0x80, 0xc0, 0xc0, 0xc0, 0xc0, 0x80, 0xe9, 0x80, 0xe9, 0x22, 0xfd,
    0x09, 0xff, 0x09, 0xff, 0x09, 0xff, 0x09, 0xff, 0x09, 0xff, 0x09, 0xff, 0x09, 0xff, 0x22, 0xfd,
    0x22, 0xfd, 0x80, 0xe9, 0x80, 0xe9, 0xc0, 0xc0, 0x41, 0x80, 0x41, 0x80, 0xe0, 0x07, 0xe0, 0x07,
    0xe0, 0x07, 0xe0, 0x07, 0xe0, 0x07, 0xe0, 0x07, 0xe0, 0x07, 0xe0, 0x07, 0xe0, 0x07, 0xe0, 0x07,
    0xe0, 0x07, 0xe0, 0x07, 0xe0, 0x07, 0xe0, 0x07, 0xe0, 0x07, 0xe0, 0x07, 0xe0, 0x07, 0xe0, 0x07,
    0xe0, 0x07, 0xe0, 0x07, 0xe0, 0x07, 0xe0, 0x07, 0xe0, 0x07, 0xe0, 0x07, 0xe0, 0x07, 0xe0, 0x07,
    0xe0, 0x07, 0xe0, 0x07, 0xe0, 0x07, 0xe0, 0x07, 0xe0, 0x07, 0xe0, 0x07, 0xe0, 0x07, 0xe0, 0x07,
    0xe0, 0x07, 0xe0, 0x07, 0xe0, 0x07, 0xe0, 0x07, 0xe0, 0x07, 0xe0, 0x07, 0xe0, 0x07, 0xe0, 0x07,
    0xe0, 0x07, 0xe0, 0x07, 0xe0, 0x07, 0xe0, 0x07, 0xe0, 0x07, 0xe0, 0x07, 0xe0, 0x07, 0x02, 0x48,
    0x41, 0x80, 0x41, 0x80, 0x41, 0x80, 0xc0, 0xc0, 0xc0, 0xc0, 0xc0, 0xc0, 0x80, 0xe9, 0x22, 0xfd,
    0x09, 0xff, 0x09, 0xff, 0x09, 0xff, 0x09, 0xff, 0x09, 0xff, 0x09, 0xff, 0x09, 0xff, 0x09, 0xff,
    0x22, 0xfd, 0x80, 0xe9, 0x80, 0xe9, 0xc0, 0xc0, 0xc0, 0xc0, 0x41, 0x80, 0x02, 0x48, 0xe0, 0x07,
    0xe0, 0x07, 0xe0, 0x07, 0xe0, 0x07, 0xe0, 0x07, 0xe0, 0x07, 0xe0, 0x07, 0xe0, 0x07, 0xe0, 0x07,
    0xe0, 0x07, 0xe0, 0x07, 0xe0, 0x07, 0xe0, 0x07, 0xe0, 0x07, 0xe0, 0x07, 0xe0, 0x07, 0xe0, 0x07,
    0xe0, 0x07, 0xe0, 0x07, 0xe0, 0x07, 0xe0, 0x07, 0xe0, 0x07, 0xe0, 0x07, 0xe0, 0x07, 0xe0, 0x07,
    0xe0, 0x07, 0xe0, 0x07, 0xe0, 0x07, 0xe0, 0x07, 0xe0, 0x07, 0xe0, 0x07, 0xe0, 0x07, 0xe0, 0x07,
    0xe0, 0x07, 0xe0, 0x07, 0xe0, 0x07, 0xe0, 0x07, 0xe0, 0x07, 0xe0, 0x07, 0xe0, 0x07, 0xe0, 0x07,
    0xe0, 0x07, 0xe0, 0x07, 0xe0, 0x07, 0xe0, 0x07, 0xe0, 0x07, 0xe0, 0x07, 0xe0, 0x07, 0x41, 0x80,
    0x41, 0x80, 0x41, 0x80, 0x41, 0x80, 0x41, 0x80, 0xc0, 0xc0, 0xc0, 0xc0, 0xc0, 0xc0, 0x80, 0xe9,
    0x22, 0xfd, 0x09, 0xff, 0x09, 0xff, 0x09, 0xff, 0x09, 0xff, 0x09, 0xff, 0x09, 0xff, 0x09, 0xff,
    0x09, 0xff, 0x09, 0xff, 0x22, 0xfd, 0x80, 0xe9, 0x80, 0xe9, 0xc0, 0xc0, 0xc0, 0xc0, 0x41, 0x80,
    0x02, 0x48, 0x02, 0x48, 0xe0, 0x07, 0xe0, 0x07, 0xe0, 0x07, 0xe0, 0x07, 0xe0, 0x07, 0xe0, 0x07,
    0xe0, 0x07, 0xe0, 0x07, 0xe0, 0x07, 0xe0, 0x07, 0xe0, 0x07, 0xe0, 0x07, 0xe0, 0x07, 0xe0, 0x07,
    0xe0, 0x07, 0xe0, 0x07, 0xe0, 0x07, 0xe0, 0x07, 0xe0, 0x07, 0xe0, 0x07, 0xe0, 0x07, 0xe0, 0x07,
    0xe0, 0x07, 0xe0, 0x07, 0xe0, 0x07, 0xe0, 0x07, 0xe0, 0x07, 0xe0, 0x07, 0xe0, 0x07, 0xe0, 0x07,
    0xe0, 0x07, 0xe0, 0x07, 0xe0, 0x07, 0xe0, 0x07, 0xe0, 0x07, 0xe0, 0x07, 0xe0, 0x07, 0xe0, 0x07,
    0xe0, 0x07, 0xe0, 0x07, 0xe0, 0x07, 0xe0, 0x07, 0xe0, 0x07, 0xe0, 0x07, 0xe0, 0x07, 0xe0, 0x07,
    0xe0, 0x07, 0x41, 0x80, 0x41, 0x80, 0x41, 0x80, 0x41, 0x80, 0xc0, 0xc0, 0xc0, 0xc0, 0xc0, 0xc0,
    0xc0, 0xc0, 0x22, 0xfd, 0x09, 0xff, 0x09, 0xff, 0x09, 0xff, 0x09, 0xff, 0x09, 0xff, 0x09, 0xff,
    0x09, 0xff, 0x09, 0xff, 0x22, 0xfd, 0x22, 0xfd, 0x80, 0xe9, 0x80, 0xe9, 0x80, 0xe9, 0x41, 0x80,
    0x41, 0x80, 0x41, 0x80, 0x41, 0x80, 0x02, 0x48, 0xe0, 0x07, 0xe0, 0x07, 0xe0, 0x07, 0xe0, 0x07,
    0xe0, 0x07, 0xe0, 0x07, 0xe0, 0x07, 0xe0, 0x07, 0xe0, 0x07, 0xe0, 0x07, 0xe0, 0x07, 0xe0, 0x07,
    0xe0, 0x07, 0xe0, 0x07, 0xe0, 0x07, 0xe0, 0x07, 0xe0, 0x07, 0xe0, 0x07, 0xe0, 0x07, 0xe0, 0x07,
    0xe0, 0x07, 0xe0, 0x07, 0xe0, 0x07, 0xe0, 0x07, 0xe0, 0x07, 0xe0, 0x07, 0xe0, 0x07, 0xe0, 0x07,
    0xe0, 0x07, 0xe0, 0x07, 0xe0, 0x07, 0xe0, 0x07, 0xe0, 0x07, 0xe0, 0x07, 0xe0, 0x07, 0xe0, 0x07,
    0xe0, 0x07, 0xe0, 0x07, 0xe0, 0x07, 0xe0, 0x07, 0xe0, 0x07, 0xe0, 0x07, 0xe0, 0x07, 0xe0, 0x07,
    0xe0, 0x07, 0xe0, 0x07, 0xe0, 0x07, 0x02, 0x48, 0x41, 0x80, 0xc0, 0xc0, 0xc0, 0xc0, 0xc0, 0xc0,
    0x80, 0xe9, 0x80, 0xe9, 0x22, 0xfd, 0x09, 0xff, 0x09, 0xff, 0x09, 0xff, 0x09, 0xff, 0x09, 0xff,
    0x09, 0xff, 0x09, 0xff, 0x09, 0xff, 0x09, 0xff, 0x22, 0xfd, 0x80, 0xe9, 0x80, 0xe9, 0x80, 0xe9,
    0xc0, 0xc0, 0x41, 0x80, 0x41, 0x80, 0x41, 0x80, 0xe0, 0x07, 0xe0, 0x07, 0xe0, 0x07, 0xe0, 0x07,
    0xe0, 0x07, 0xe0, 0x07, 0xe0, 0x07, 0xe0, 0x07, 0xe0, 0x07, 0xe0, 0x07, 0xe0, 0x07, 0xe0, 0x07,
    0xe0, 0x07, 0xe0, 0x07, 0xe0, 0x07, 0xe0, 0x07, 0xe0, 0x07, 0xe0, 0x07, 0xe0, 0x07, 0xe0, 0x07,
    0xe0, 0x07, 0xe0, 0x07, 0xe0, 0x07, 0xe0, 0x07, 0xe0, 0x07, 0xe0, 0x07, 0xe0, 0x07, 0xe0, 0x07,
    0xe0, 0x07, 0xe0, 0x07, 0xe0, 0x07, 0xe0, 0x07, 0xe0, 0x07, 0xe0, 0x07, 0xe0, 0x07, 0xe0, 0x07,
    0xe0, 0x07, 0xe0, 0x07, 0xe0, 0x07, 0xe0, 0x07, 0xe0, 0x07, 0xe0, 0x07, 0xe0, 0x07, 0xe0, 0x07,
    0x02, 0x48, 0x41, 0x80, 0x41, 0x80, 0x41, 0x80, 0x41, 0x80, 0xc0, 0xc0, 0xc0, 0xc0, 0xc0, 0xc0,
    0xc0, 0xc0, 0x80, 0xe9, 0x22, 0xfd, 0x22, 0xfd, 0x09, 0xff, 0x09, 0xff, 0x09, 0xff, 0x09, 0xff,
    0x09, 0xff, 0x09, 0xff, 0x09, 0xff, 0x09, 0xff, 0x09, 0xff, 0x22, 0xfd, 0x80, 0xe9, 0x80, 0xe9,
    0xc0, 0xc0, 0xc0, 0xc0, 0xc0, 0xc0, 0x41, 0x80, 0x41, 0x80, 0x02, 0x48, 0x02, 0x48, 0xe0, 0x07,
    0xe0, 0x07, 0xe0, 0x07, 0xe0, 0x07, 0xe0, 0x07, 0xe0, 0x07, 0xe0, 0x07, 0xe0, 0x07, 0xe0, 0x07,
    0xe0, 0x07, 0xe0, 0x07, 0xe0, 0x07, 0xe0, 0x07, 0xe0, 0x07, 0xe0, 0x07, 0xe0, 0x07, 0xe0, 0x07,
    0xe0, 0x07, 0xe0, 0x07, 0xe0, 0x07, 0xe0, 0x07, 0xe0, 0x07, 0xe0, 0x07, 0xe0, 0x07, 0xe0, 0x07,
    0xe0, 0x07, 0xe0, 0x07, 0xe0, 0x07, 0xe0, 0x07, 0xe0, 0x07, 0xe0, 0x07, 0xe0, 0x07, 0xe0, 0x07,
    0xe0, 0x07, 0xe0, 0x07, 0xe0, 0x07, 0xe0, 0x07, 0xe0, 0x07, 0xe0, 0x07, 0xe0, 0x07, 0x41, 0x80,
    0x41, 0x80, 0x41, 0x80, 0x41, 0x80, 0x41, 0x80, 0xc0, 0xc0, 0xc0, 0xc0, 0xc0, 0xc0, 0xc0, 0xc0,
    0x80, 0xe9, 0x22, 0xfd, 0x22, 0xfd, 0x09, 0xff, 0x09, 0xff, 0x09, 0xff, 0x09, 0xff, 0x09, 0xff,
    0x09, 0xff, 0x09, 0xff, 0x09, 0xff, 0x09, 0xff, 0x09, 0xff, 0x80, 0xe9, 0x80, 0xe9, 0x80, 0xe9,
    0x80, 0xe9, 0xc0, 0xc0, 0xc0, 0xc0, 0x41, 0x80, 0x41, 0x80, 0xe0, 0x07, 0xe0, 0x07, 0xe0, 0x07,
    0xe0, 0x07, 0xe0, 0x07, 0xe0, 0x07, 0xe0, 0x07, 0xe0, 0x07, 0xe0, 0x07, 0xe0, 0x07, 0xe0, 0x07,
    0xe0, 0x07, 0xe0, 0x07, 0xe0, 0x07, 0xe0, 0x07, 0xe0, 0x07, 0xe0, 0x07, 0xe0, 0x07, 0xe0, 0x07,
    0xe0, 0x07, 0xe0, 0x07, 0xe0, 0x07, 0xe0, 0x07, 0xe0, 0x07, 0xe0, 0x07, 0xe0, 0x07, 0xe0, 0x07,
    0xe0, 0x07, 0xe0, 0x07, 0xe0, 0x07, 0xe0, 0x07, 0xe0, 0x07, 0xe0, 0x07, 0xe0, 0x07, 0xe0, 0x07,
    0xe0, 0x07, 0xe0, 0x07, 0xe0, 0x07, 0xe0, 0x07, 0xe0, 0x07, 0xe0, 0x07, 0x41, 0x80, 0x41, 0x80,
    0x41, 0x80, 0xc0, 0xc0, 0xc0, 0xc0, 0xc0, 0xc0, 0xc0, 0xc0, 0xc0, 0xc0, 0x80, 0xe9, 0x80, 0xe9,
    0x22, 0xfd, 0x09, 0xff, 0x09, 0xff, 0x09, 0xff, 0x09, 0xff, 0x09, 0xff, 0x09, 0xff, 0x09, 0xff,
    0x09, 0xff, 0x09, 0xff, 0x09, 0xff, 0x09, 0xff, 0x80, 0xe9, 0x80, 0xe9, 0x80, 0xe9, 0xc0, 0xc0,
    0xc0, 0xc0, 0xc0, 0xc0, 0xc0, 0xc0, 0x41, 0x80, 0xe0, 0x07, 0xe0, 0x07, 0xe0, 0x07, 0xe0, 0x07,
    0xe0, 0x07, 0xe0, 0x07, 0xe0, 0x07, 0xe0, 0x07, 0xe0, 0x07, 0xe0, 0x07, 0xe0, 0x07, 0xe0, 0x07,
    0xe0, 0x07, 0xe0, 0x07, 0xe0, 0x07, 0xe0, 0x07, 0xe0, 0x07, 0xe0, 0x07, 0xe0, 0x07, 0xe0, 0x07,
    0xe0, 0x07, 0xe0, 0x07, 0xe0, 0x07, 0xe0, 0x07, 0xe0, 0x07, 0xe0, 0x07, 0xe0, 0x07, 0xe0, 0x07,
    0xe0, 0x07, 0xe0, 0x07, 0xe0, 0x07, 0xe0, 0x07, 0xe0, 0x07, 0xe0, 0x07, 0xe0, 0x07, 0xe0, 0x07,
    0xe0, 0x07, 0xe0, 0x07, 0xe0, 0x07, 0xe0, 0x07, 0xe0, 0x07, 0x41, 0x80, 0x41, 0x80, 0xc0, 0xc0,
    0xc0, 0xc0, 0xc0, 0xc0, 0xc0, 0xc0, 0x80, 0xe9, 0xc0, 0xc0, 0x80, 0xe9, 0x22, 0xfd, 0x09, 0xff,
    0x09, 0xff, 0x09, 0xff, 0x09, 0xff, 0x09, 0xff, 0x09, 0xff, 0x09, 0xff, 0x09, 0xff, 0x09, 0xff,
    0x09, 0xff, 0x22, 0xfd, 0x80, 0xe9, 0x80, 0xe9, 0xc0, 0xc0, 0xc0, 0xc0, 0xc0, 0xc0, 0xc0, 0xc0,
    0xc0, 0xc0, 0x41, 0x80, 0x02, 0x48, 0xe0, 0x07, 0xe0, 0x07, 0xe0, 0x07, 0xe0, 0x07, 0xe0, 0x07,
    0xe0, 0x07, 0xe0, 0x07, 0xe0, 0x07, 0xe0, 0x07, 0xe0, 0x07, 0xe0, 0x07, 0xe0, 0x07, 0xe0, 0x07,
    0xe0, 0x07, 0xe0, 0x07, 0xe0, 0x07, 0xe0, 0x07, 0xe0, 0x07, 0xe0, 0x07, 0xe0, 0x07, 0xe0, 0x07,
    0xe0, 0x07, 0xe0, 0x07, 0xe0, 0x07, 0xe0, 0x07, 0xe0, 0x07, 0xe0, 0x07, 0xe0, 0x07, 0xe0, 0x07,
    0xe0, 0x07, 0xe0, 0x07, 0xe0, 0x07, 0xe0, 0x07, 0xe0, 0x07, 0xe0, 0x07, 0xe0, 0x07, 0xe0, 0x07,
    0xe0, 0x07, 0xe0, 0x07, 0x41, 0x80, 0x41, 0x80, 0x41, 0x80, 0xc0, 0xc0, 0xc0, 0xc0, 0xc0, 0xc0,
    0x80, 0xe9, 0x80, 0xe9, 0x80, 0xe9, 0x80, 0xe9, 0x09, 0xff, 0x09, 0xff, 0x09, 0xff, 0x09, 0xff,
    0x09, 0xff, 0x09, 0xff, 0x09, 0xff, 0x09, 0xff, 0x09, 0xff, 0x09, 0xff, 0x22, 0xfd, 0x22, 0xfd,
    0x80, 0xe9, 0x80, 0xe9, 0x80, 0xe9, 0xc0, 0xc0, 0xc0, 0xc0, 0xc0, 0xc0, 0xc0, 0xc0, 0x41, 0x80,
    0x41, 0x80, 0x41, 0x80, 0xe0, 0x07, 0xe0, 0x07, 0xe0, 0x07, 0xe0, 0x07, 0xe0, 0x07, 0xe0, 0x07,
    0xe0, 0x07, 0xe0, 0x07, 0xe0, 0x07, 0xe0, 0x07, 0xe0, 0x07, 0xe0, 0x07, 0xe0, 0x07, 0xe0, 0x07,
    0xe0, 0x07, 0xe0, 0x07, 0xe0, 0x07, 0xe0, 0x07, 0xe0, 0x07, 0xe0, 0x07, 0xe0, 0x07, 0xe0, 0x07,
    0xe0, 0x07, 0xe0, 0x07, 0xe0, 0x07, 0xe0, 0x07, 0xe0, 0x07, 0xe0, 0x07, 0xe0, 0x07, 0xe0, 0x07,
    0xe0, 0x07, 0xe0, 0x07, 0xe0, 0x07, 0xe0, 0x07, 0xe0, 0x07, 0xe0, 0x07, 0xe0, 0x07, 0xe0, 0x07,
    0xe0, 0x07, 0xe0, 0x07, 0x41, 0x80, 0x41, 0x80, 0x41, 0x80, 0xc0, 0xc0, 0xc0, 0xc0, 0x80, 0xe9,
    0x80, 0xe9, 0x80, 0xe9, 0x22, 0xfd, 0x09, 0xff, 0x09, 0xff, 0x09, 0xff, 0x09, 0xff, 0x09, 0xff,
    0x09, 0xff, 0x09, 0xff, 0x09, 0xff, 0x09, 0xff, 0x09, 0xff, 0x09, 0xff, 0x22, 0xfd, 0x80, 0xe9,
    0xc0, 0xc0, 0x80, 0xe9, 0xc0, 0xc0, 0x80, 0xe9, 0xc0, 0xc0, 0xc0, 0xc0, 0xc0, 0xc0, 0x41, 0x80,
    0x41, 0x80, 0xe0, 0x07, 0xe0, 0x07, 0xe0, 0x07, 0xe0, 0x07, 0xe0, 0x07, 0xe0, 0x07, 0xe0, 0x07,
    0xe0, 0x07, 0xe0, 0x07, 0xe0, 0x07, 0xe0, 0x07, 0xe0, 0x07, 0xe0, 0x07, 0xe0, 0x07, 0xe0, 0x07,
    0xe0, 0x07, 0xe0, 0x07, 0xe0, 0x07, 0xe0, 0x07, 0xe0, 0x07, 0xe0, 0x07, 0xe0, 0x07, 0xe0, 0x07,
    0xe0, 0x07, 0xe0, 0x07, 0xe0, 0x07, 0xe0, 0x07, 0xe0, 0x07, 0xe0, 0x07, 0xe0, 0x07, 0xe0, 0x07,
    0xe0, 0x07, 0xe0, 0x07, 0xe0, 0x07, 0xe0, 0x07, 0xe0, 0x07, 0xe0, 0x07, 0xe0, 0x07, 0xe0, 0x07,
    0xe0, 0x07, 0x41, 0x80, 0x41, 0x80, 0x41, 0x80, 0x41, 0x80, 0xc0, 0xc0, 0x80, 0xe9, 0x80, 0xe9,
    0x80, 0xe9, 0x80, 0xe9, 0x22, 0xfd, 0x09, 0xff, 0x09, 0xff, 0x09, 0xff, 0x09, 0xff, 0x09, 0xff,
    0x09, 0xff, 0x09, 0xff, 0x09, 0xff, 0x09, 0xff, 0x09, 0xff, 0x09, 0xff, 0x22, 0xfd, 0x80, 0xe9,
    0x80, 0xe9, 0x80, 0xe9, 0xc0, 0xc0, 0xc0, 0xc0, 0xc0, 0xc0, 0xc0, 0xc0, 0xc0, 0xc0, 0x41, 0x80,
    0x41, 0x80, 0xe0, 0x07, 0xe0, 0x07, 0xe0, 0x07, 0xe0, 0x07, 0xe0, 0x07, 0xe0, 0x07, 0xe0, 0x07,
    0xe0, 0x07, 0xe0, 0x07, 0xe0, 0x07, 0xe0, 0x07, 0xe0, 0x07, 0xe0, 0x07, 0xe0, 0x07, 0xe0, 0x07,
    0xe0, 0x07, 0xe0, 0x07, 0xe0, 0x07, 0xe0, 0x07, 0xe0, 0x07, 0xe0, 0x07, 0xe0, 0x07, 0xe0, 0x07,
    0xe0, 0x07, 0xe0, 0x07, 0xe0, 0x07, 0xe0, 0x07, 0xe0, 0x07, 0xe0, 0x07, 0xe0, 0x07, 0xe0, 0x07,
    0xe0, 0x07, 0xe0, 0x07, 0xe0, 0x07, 0xe0, 0x07, 0xe0, 0x07, 0xe0, 0x07, 0xe0, 0x07, 0xe0, 0x07,
    0x02, 0x48, 0x41, 0x80, 0x41, 0x80, 0x41, 0x80, 0x41, 0x80, 0xc0, 0xc0, 0xc0, 0xc0, 0x80, 0xe9,
    0x80, 0xe9, 0x80, 0xe9, 0x22, 0xfd, 0x09, 0xff, 0x09, 0xff, 0x09, 0xff, 0x09, 0xff, 0x09, 0xff,
    0x09, 0xff, 0x09, 0xff, 0x09, 0xff, 0x09, 0xff, 0x09, 0xff, 0x09, 0xff, 0x22, 0xfd, 0x22, 0xfd,
    0x80, 0xe9, 0x80, 0xe9, 0x80, 0xe9, 0x80, 0xe9, 0x80, 0xe9, 0xc0, 0xc0, 0xc0, 0xc0, 0xc0, 0xc0,
    0x41, 0x80, 0xe0, 0x07, 0xe0, 0x07, 0xe0, 0x07, 0xe0, 0x07, 0xe0, 0x07, 0xe0, 0x07, 0xe0, 0x07,
    0xe0, 0x07, 0xe0, 0x07, 0xe0, 0x07, 0xe0, 0x07, 0xe0, 0x07, 0xe0, 0x07, 0xe0, 0x07, 0xe0, 0x07,
    0xe0, 0x07, 0xe0, 0x07, 0xe0, 0x07, 0xe0, 0x07, 0xe0, 0x07, 0xe0, 0x07, 0xe0, 0x07, 0xe0, 0x07,
    0xe0, 0x07, 0xe0, 0x07, 0xe0, 0x07, 0xe0, 0x07, 0xe0, 0x07, 0xe0, 0x07, 0xe0, 0x07, 0xe0, 0x07,
    0xe0, 0x07, 0xe0, 0x07, 0xe0, 0x07, 0xe0, 0x07, 0xe0, 0x07, 0xe0, 0x07, 0xe0, 0x07, 0xe0, 0x07,
    0xe0, 0x07, 0xe0, 0x07, 0x41, 0x80, 0x41, 0x80, 0x41, 0x80, 0x41, 0x80, 0xc0, 0xc0, 0x80, 0xe9,
    0x80, 0xe9, 0x80, 0xe9, 0x80, 0xe9, 0x22, 0xfd, 0x09, 0xff, 0x09, 0xff, 0x09, 0xff, 0x09, 0xff,
    0x09, 0xff, 0x09, 0xff, 0x09, 0xff, 0x09, 0xff, 0x09, 0xff, 0x09, 0xff, 0x09, 0xff, 0x09, 0xff,
    0x09, 0xff, 0x40, 0xfb, 0x80, 0xe9, 0x80, 0xe9, 0x80, 0xe9, 0xc0, 0xc0, 0xc0, 0xc0, 0xc0, 0xc0,
    0x41, 0x80, 0x41, 0x80, 0x02, 0x48, 0x02, 0x48, 0xe0, 0x07, 0xe0, 0x07, 0xe0, 0x07, 0xe0, 0x07,
    0xe0, 0x07, 0xe0, 0x07, 0xe0, 0x07, 0xe0, 0x07, 0xe0, 0x07, 0xe0, 0x07, 0xe0, 0x07, 0xe0, 0x07,
    0xe0, 0x07, 0xe0, 0x07, 0xe0, 0x07, 0xe0, 0x07, 0xe0, 0x07, 0xe0, 0x07, 0xe0, 0x07, 0xe0, 0x07,
    0xe0, 0x07, 0xe0, 0x07, 0xe0, 0x07, 0xe0, 0x07, 0xe0, 0x07, 0xe0, 0x07, 0xe0, 0x07, 0xe0, 0x07,
    0xe0, 0x07, 0xe0, 0x07, 0xe0, 0x07, 0xe0, 0x07, 0xe0, 0x07, 0xe0, 0x07, 0xe0, 0x07, 0xe0, 0x07,
    0xe0, 0x07, 0xe0, 0x07, 0x41, 0x80, 0x41, 0x80, 0x41, 0x80, 0x41, 0x80, 0x41, 0x80, 0xc0, 0xc0,
    0x80, 0xe9, 0x80, 0xe9, 0x80, 0xe9, 0x80, 0xe9, 0x09, 0xff, 0x09, 0xff, 0x09, 0xff, 0x09, 0xff,
    0x09, 0xff, 0x09, 0xff, 0x09, 0xff, 0x09, 0xff, 0x09, 0xff, 0x09, 0xff, 0x09, 0xff, 0x09, 0xff,
    0x09, 0xff, 0x09, 0xff, 0x80, 0xe9, 0x80, 0xe9, 0x80, 0xe9, 0xc0, 0xc0, 0xc0, 0xc0, 0xc0, 0xc0,
    0x41, 0x80, 0x41, 0x80, 0x02, 0x48, 0x41, 0x80, 0xe0, 0x07, 0xe0, 0x07, 0xe0, 0x07, 0xe0, 0x07,
    0xe0, 0x07, 0xe0, 0x07, 0xe0, 0x07, 0xe0, 0x07, 0xe0, 0x07, 0xe0, 0x07, 0xe0, 0x07, 0xe0, 0x07,
    0xe0, 0x07, 0xe0, 0x07, 0xe0, 0x07, 0xe0, 0x07, 0xe0, 0x07, 0xe0, 0x07, 0xe0, 0x07, 0xe0, 0x07,
    0xe0, 0x07, 0xe0, 0x07, 0xe0, 0x07, 0xe0, 0x07, 0xe0, 0x07, 0xe0, 0x07, 0xe0, 0x07, 0xe0, 0x07,
    0xe0, 0x07, 0xe0, 0x07, 0xe0, 0x07, 0xe0, 0x07, 0xe0, 0x07, 0xe0, 0x07, 0xe0, 0x07, 0xe0, 0x07,
    0xe0, 0x07, 0x02, 0x48, 0x02, 0x48, 0x41, 0x80, 0x41, 0x80, 0x41, 0x80, 0xc0, 0xc0, 0xc0, 0xc0,
    0xc0, 0xc0, 0x80, 0xe9, 0x80, 0xe9, 0x40, 0xfb, 0x09, 0xff, 0x09, 0xff, 0x09, 0xff, 0x09, 0xff,
    0x09, 0xff, 0x09, 0xff, 0x09, 0xff, 0x09, 0xff, 0x09, 0xff, 0x09, 0xff, 0x09, 0xff, 0x09, 0xff,
    0x09, 0xff, 0x09, 0xff, 0x09, 0xff, 0x80, 0xe9, 0x80, 0xe9, 0x80, 0xe9, 0x80, 0xe9, 0xc0, 0xc0,
    0x41, 0x80, 0x41, 0x80, 0x41, 0x80, 0x41, 0x80, 0xe0, 0x07, 0xe0, 0x07, 0xe0, 0x07, 0xe0, 0x07,
    0xe0, 0x07, 0xe0, 0x07, 0xe0, 0x07, 0xe0, 0x07, 0xe0, 0x07, 0xe0, 0x07, 0xe0, 0x07, 0xe0, 0x07,
    0xe0, 0x07, 0xe0, 0x07, 0xe0, 0x07, 0xe0, 0x07, 0xe0, 0x07, 0xe0, 0x07, 0xe0, 0x07, 0xe0, 0x07,
    0xe0, 0x07, 0xe0, 0x07, 0xe0, 0x07, 0xe0, 0x07, 0xe0, 0x07, 0xe0, 0x07, 0xe0, 0x07, 0xe0, 0x07,
    0xe0, 0x07, 0xe0, 0x07, 0xe0, 0x07, 0xe0, 0x07, 0xe0, 0x07, 0xe0, 0x07, 0xe0, 0x07, 0xe0, 0x07,
    0xe0, 0x07, 0xe0, 0x07, 0x02, 0x48, 0x41, 0x80, 0x41, 0x80, 0x41, 0x80, 0xc0, 0xc0, 0xc0, 0xc0,
    0x80, 0xe9, 0x80, 0xe9, 0x80, 0xe9, 0x80, 0xe9, 0x22, 0xfd, 0x09, 0xff, 0x09, 0xff, 0x09, 0xff,
    0x09, 0xff, 0x09, 0xff, 0x09, 0xff, 0x09, 0xff, 0x09, 0xff, 0x09, 0xff, 0x09, 0xff, 0x09, 0xff,
    0x09, 0xff, 0x09, 0xff, 0x09, 0xff, 0x80, 0xe9, 0x80, 0xe9, 0x80, 0xe9, 0xc0, 0xc0, 0x80, 0xe9,
    0x41, 0x80, 0x41, 0x80, 0x41, 0x80, 0x41, 0x80, 0x41, 0x80, 0xe0, 0x07, 0xe0, 0x07, 0xe0, 0x07,
    0xe0, 0x07, 0xe0, 0x07, 0xe0, 0x07, 0xe0, 0x07, 0xe0, 0x07, 0xe0, 0x07, 0xe0, 0x07, 0xe0, 0x07,
    0xe0, 0x07, 0xe0, 0x07, 0xe0, 0x07, 0xe0, 0x07, 0xe0, 0x07, 0xe0, 0x07, 0xe0, 0x07, 0xe0, 0x07,
    0xe0, 0x07, 0xe0, 0x07, 0xe0, 0x07, 0xe0, 0x07, 0xe0, 0x07, 0xe0, 0x07, 0xe0, 0x07, 0xe0, 0x07,
    0xe0, 0x07, 0xe0, 0x07, 0xe0, 0x07, 0xe0, 0x07, 0xe0, 0x07, 0xe0, 0x07, 0xe0, 0x07, 0xe0, 0x07,
    0xe0, 0x07, 0xe0, 0x07, 0x41, 0x80, 0x41, 0x80, 0x41, 0x80, 0x41, 0x80, 0xc0, 0xc0, 0x80, 0xe9,
    0x80, 0xe9, 0x80, 0xe9, 0x80, 0xe9, 0x80, 0xe9, 0x09, 0xff, 0x09, 0xff, 0x09, 0xff, 0x09, 0xff,
    0x09, 0xff, 0x09, 0xff, 0x09, 0xff, 0x09, 0xff, 0x09, 0xff, 0x09, 0xff, 0x09, 0xff, 0x09, 0xff,
    0x09, 0xff, 0x09, 0xff, 0x09, 0xff, 0x80, 0xe9, 0x80, 0xe9, 0x80, 0xe9, 0x80, 0xe9, 0xc0, 0xc0,
    0xc0, 0xc0, 0x41, 0x80, 0x41, 0x80, 0x41, 0x80, 0x41, 0x80, 0xe0, 0x07, 0xe0, 0x07, 0xe0, 0x07,
    0xe0, 0x07, 0xe0, 0x07, 0xe0, 0x07, 0xe0, 0x07, 0xe0, 0x07, 0xe0, 0x07, 0xe0, 0x07, 0xe0, 0x07,
    0xe0, 0x07, 0xe0, 0x07, 0xe0, 0x07, 0xe0, 0x07, 0xe0, 0x07, 0xe0, 0x07, 0xe0, 0x07, 0xe0, 0x07,
    0xe0, 0x07, 0xe0, 0x07, 0xe0, 0x07, 0xe0, 0x07, 0xe0, 0x07, 0xe0, 0x07, 0xe0, 0x07, 0xe0, 0x07,
    0xe0, 0x07, 0xe0, 0x07, 0xe0, 0x07, 0xe0, 0x07, 0xe0, 0x07, 0xe0, 0x07, 0xe0, 0x07, 0xe0, 0x07,
    0xe0, 0x07, 0x41, 0x80, 0x41, 0x80, 0x41, 0x80, 0x41, 0x80, 0x41, 0x80, 0xc0, 0xc0, 0x80, 0xe9,
    0x80, 0xe9, 0x80, 0xe9, 0x80, 0xe9, 0x80, 0xe9, 0x09, 0xff, 0x09, 0xff, 0x09, 0xff, 0x09, 0xff,
    0x09, 0xff, 0x09, 0xff, 0x09, 0xff, 0x09, 0xff, 0x09, 0xff, 0x09, 0xff, 0x09, 0xff, 0x09, 0xff,
    0x09, 0xff, 0x09, 0xff, 0x09, 0xff, 0x40, 0xfb, 0x80, 0xe9, 0x80, 0xe9, 0x80, 0xe9, 0xc0, 0xc0,
    0x80, 0xe9, 0x41, 0x80, 0x41, 0x80, 0x41, 0x80, 0x41, 0x80, 0x41, 0x80, 0xe0, 0x07, 0xe0, 0x07,
    0xe0, 0x07, 0xe0, 0x07, 0xe0, 0x07, 0xe0, 0x07, 0xe0, 0x07, 0xe0, 0x07, 0xe0, 0x07, 0xe0, 0x07,
    0xe0, 0x07, 0xe0, 0x07, 0xe0, 0x07, 0xe0, 0x07, 0xe0, 0x07, 0xe0, 0x07, 0xe0, 0x07, 0xe0, 0x07,
    0xe0, 0x07, 0xe0, 0x07, 0xe0, 0x07, 0xe0, 0x07, 0xe0, 0x07, 0xe0, 0x07, 0xe0, 0x07, 0xe0, 0x07,
    0xe0, 0x07, 0xe0, 0x07, 0xe0, 0x07, 0xe0, 0x07, 0xe0, 0x07, 0xe0, 0x07, 0xe0, 0x07, 0xe0, 0x07,
    0xe0, 0x07, 0x02, 0x48, 0x02, 0x48, 0x41, 0x80, 0x41, 0x80, 0xc0, 0xc0, 0xc0, 0xc0, 0xc0, 0xc0,
    0x80, 0xe9, 0x80, 0xe9, 0x80, 0xe9, 0x80, 0xe9, 0x80, 0xe9, 0x22, 0xfd, 0x09, 0xff, 0x09, 0xff,
    0x09, 0xff, 0x09, 0xff, 0x09, 0xff, 0x09, 0xff, 0x09, 0xff, 0x09, 0xff, 0x09, 0xff, 0x09, 0xff,
    0x09, 0xff, 0x09, 0xff, 0x09, 0xff, 0x09, 0xff, 0x80, 0xe9, 0x80, 0xe9, 0x80, 0xe9, 0x80, 0xe9,
    0x80, 0xe9, 0xc0, 0xc0, 0xc0, 0xc0, 0x41, 0x80, 0x41, 0x80, 0x41, 0x80, 0x02, 0x48, 0x02, 0x48,
    0xe0, 0x07, 0xe0, 0x07, 0xe0, 0x07, 0xe0, 0x07, 0xe0, 0x07, 0xe0, 0x07, 0xe0, 0x07, 0xe0, 0x07,
    0xe0, 0x07, 0xe0, 0x07, 0xe0, 0x07, 0xe0, 0x07, 0xe0, 0x07, 0xe0, 0x07, 0xe0, 0x07, 0xe0, 0x07,
    0xe0, 0x07, 0xe0, 0x07, 0xe0, 0x07, 0xe0, 0x07, 0xe0, 0x07, 0xe0, 0x07, 0xe0, 0x07, 0xe0, 0x07,
    0xe0, 0x07, 0xe0, 0x07, 0xe0, 0x07, 0xe0, 0x07, 0xe0, 0x07, 0xe0, 0x07, 0xe0, 0x07, 0xe0, 0x07,
    0xe0, 0x07, 0xe0, 0x07, 0xe0, 0x07, 0x41, 0x80, 0x41, 0x80, 0xc0, 0xc0, 0xc0, 0xc0, 0xc0, 0xc0,
    0xc0, 0xc0, 0xc0, 0xc0, 0x80, 0xe9, 0x80, 0xe9, 0xc0, 0xc0, 0x80, 0xe9, 0x22, 0xfd, 0x09, 0xff,
    0x09, 0xff, 0x09, 0xff, 0x09, 0xff, 0x09, 0xff, 0x09, 0xff, 0x09, 0xff, 0x09, 0xff, 0x09, 0xff,
    0x09, 0xff, 0x09, 0xff, 0x09, 0xff, 0x09, 0xff, 0x09, 0xff, 0x09, 0xff, 0x80, 0xe9, 0x80, 0xe9,
    0x80, 0xe9, 0x80, 0xe9, 0xc0, 0xc0, 0x41, 0x80, 0x41, 0x80, 0x41, 0x80, 0x41, 0x80, 0x41, 0x80,
    0xe0, 0x07, 0xe0, 0x07, 0xe0, 0x07, 0xe0, 0x07, 0xe0, 0x07, 0xe0, 0x07, 0xe0, 0x07, 0xe0, 0x07,
    0xe0, 0x07, 0xe0, 0x07, 0xe0, 0x07, 0xe0, 0x07, 0xe0, 0x07, 0xe0, 0x07, 0xe0, 0x07, 0xe0, 0x07,
    0xe0, 0x07, 0xe0, 0x07, 0xe0, 0x07, 0xe0, 0x07, 0xe0, 0x07, 0xe0, 0x07, 0xe0, 0x07, 0xe0, 0x07,
    0xe0, 0x07, 0xe0, 0x07, 0xe0, 0x07, 0xe0, 0x07, 0xe0, 0x07, 0xe0, 0x07, 0xe0, 0x07, 0xe0, 0x07,
    0xe0, 0x07, 0xe0, 0x07, 0xe0, 0x07, 0xe0, 0x07, 0x41, 0x80, 0x41, 0x80, 0xc0, 0xc0, 0xc0, 0xc0,
    0xc0, 0xc0, 0xc0, 0xc0, 0x80, 0xe9, 0x80, 0xe9, 0xc0, 0xc0, 0x80, 0xe9, 0x80, 0xe9, 0x22, 0xfd,
    0x22, 0xfd, 0x09, 0xff, 0x09, 0xff, 0x09, 0xff, 0x09, 0xff, 0x09, 0xff, 0x09, 0xff, 0x09, 0xff,
    0x09, 0xff, 0x09, 0xff, 0x09, 0xff, 0x09, 0xff, 0x09, 0xff, 0x09, 0xff, 0x09, 0xff, 0x40, 0xfb,
    0x80, 0xe9, 0x80, 0xe9, 0x80, 0xe9, 0xc0, 0xc0, 0xc0, 0xc0, 0x41, 0x80, 0x41, 0x80, 0x41, 0x80,
    0x41, 0x80, 0x41, 0x80, 0xe0, 0x07, 0xe0, 0x07, 0xe0, 0x07, 0xe0, 0x07, 0xe0, 0x07, 0xe0, 0x07,
    0xe0, 0x07, 0xe0, 0x07, 0xe0, 0x07, 0xe0, 0x07, 0xe0, 0x07, 0xe0, 0x07, 0xe0, 0x07, 0xe0, 0x07,
    0xe0, 0x07, 0xe0, 0x07, 0xe0, 0x07, 0xe0, 0x07, 0xe0, 0x07, 0xe0, 0x07, 0xe0, 0x07, 0xe0, 0x07,
    0xe0, 0x07, 0xe0, 0x07, 0xe0, 0x07, 0xe0, 0x07, 0xe0, 0x07, 0xe0, 0x07, 0xe0, 0x07, 0xe0, 0x07,
    0xe0, 0x07, 0xe0, 0x07, 0xe0, 0x07, 0x41, 0x80, 0x41, 0x80, 0x41, 0x80, 0xc0, 0xc0, 0xc0, 0xc0,
    0xc0, 0xc0, 0xc0, 0xc0, 0xc0, 0xc0, 0xc0, 0xc0, 0xc0, 0xc0, 0xc0, 0xc0, 0x80, 0xe9, 0x80, 0xe9,
    0x22, 0xfd, 0x09, 0xff, 0x09, 0xff, 0x09, 0xff, 0x09, 0xff, 0x09, 0xff, 0x09, 0xff, 0x09, 0xff,
    0x09, 0xff, 0x09, 0xff, 0x09, 0xff, 0x09, 0xff, 0x09, 0xff, 0x09, 0xff, 0x09, 0xff, 0x09, 0xff,
    0x40, 0xfb, 0x80, 0xe9, 0x80, 0xe9, 0x80, 0xe9, 0xc0, 0xc0, 0xc0, 0xc0, 0x41, 0x80, 0x41, 0x80,
    0x41, 0x80, 0x41, 0x80, 0x41, 0x80, 0x02, 0x48, 0xe0, 0x07, 0xe0, 0x07, 0xe0, 0x07, 0xe0, 0x07,
    0xe0, 0x07, 0xe0, 0x07, 0xe0, 0x07, 0xe0, 0x07, 0xe0, 0x07, 0xe0, 0x07, 0xe0, 0x07, 0xe0, 0x07,
    0xe0, 0x07, 0xe0, 0x07, 0xe0, 0x07, 0xe0, 0x07, 0xe0, 0x07, 0xe0, 0x07, 0xe0, 0x07, 0xe0, 0x07,
    0xe0, 0x07, 0xe0, 0x07, 0xe0, 0x07, 0xe0, 0x07, 0xe0, 0x07, 0xe0, 0x07, 0xe0, 0x07, 0xe0, 0x07,
    0xe0, 0x07, 0xe0, 0x07, 0x41, 0x80, 0x41, 0x80, 0x41, 0x80, 0x41, 0x80, 0xc0, 0xc0, 0xc0, 0xc0,
    0xc0, 0xc0, 0xc0, 0xc0, 0xc0, 0xc0, 0xc0, 0xc0, 0xc0, 0xc0, 0x80, 0xe9, 0x80, 0xe9, 0x80, 0xe9,
    0x22, 0xfd, 0x22, 0xfd, 0x09, 0xff, 0x09, 0xff, 0x09, 0xff, 0x09, 0xff, 0x09, 0xff, 0x09, 0xff,
    0x09, 0xff, 0x09, 0xff, 0x09, 0xff, 0x09, 0xff, 0x09, 0xff, 0x09, 0xff, 0x09, 0xff, 0x09, 0xff,
    0x40, 0xfb, 0x80, 0xe9, 0x80, 0xe9, 0x80, 0xe9, 0x80, 0xe9, 0xc0, 0xc0, 0x41, 0x80, 0x41, 0x80,
    0x41, 0x80, 0x41, 0x80, 0x41, 0x80, 0xe0, 0x07, 0x02, 0x48, 0xe0, 0x07, 0xe0, 0x07, 0xe0, 0x07,
    0xe0, 0x07, 0xe0, 0x07, 0xe0, 0x07, 0xe0, 0x07, 0xe0, 0x07, 0xe0, 0x07, 0xe0, 0x07, 0xe0, 0x07,
    0xe0, 0x07, 0xe0, 0x07, 0xe0, 0x07, 0xe0, 0x07, 0xe0, 0x07, 0xe0, 0x07, 0xe0, 0x07, 0xe0, 0x07,
    0xe0, 0x07, 0xe0, 0x07, 0xe0, 0x07, 0xe0, 0x07, 0xe0, 0x07, 0xe0, 0x07, 0xe0, 0x07, 0xe0, 0x07,
    0xe0, 0x07, 0x41, 0x80, 0x41, 0x80, 0x41, 0x80, 0x41, 0x80, 0xc0, 0xc0, 0xc0, 0xc0, 0xc0, 0xc0,
    0xc0, 0xc0, 0xc0, 0xc0, 0xc0, 0xc0, 0xc0, 0xc0, 0xc0, 0xc0, 0x80, 0xe9, 0x22, 0xfd, 0x22, 0xfd,
    0x09, 0xff, 0x09, 0xff, 0x09, 0xff, 0x09, 0xff, 0x09, 0xff, 0x09, 0xff, 0x09, 0xff, 0x09, 0xff,
    0x09, 0xff, 0x09, 0xff, 0x09, 0xff, 0x09, 0xff, 0x09, 0xff, 0x09, 0xff, 0x09, 0xff, 0x40, 0xfb,
    0x80, 0xe9, 0x80, 0xe9, 0x80, 0xe9, 0x80, 0xe9, 0x80, 0xe9, 0xc0, 0xc0, 0xc0, 0xc0, 0x41, 0x80,
    0x41, 0x80, 0x41, 0x80, 0x02, 0x48, 0x02, 0x48, 0xe0, 0x07, 0xe0, 0x07, 0xe0, 0x07, 0xe0, 0x07,
    0xe0, 0x07, 0xe0, 0x07, 0xe0, 0x07, 0xe0, 0x07, 0xe0, 0x07, 0xe0, 0x07, 0xe0, 0x07, 0xe0, 0x07,
    0xe0, 0x07, 0xe0, 0x07, 0xe0, 0x07, 0xe0, 0x07, 0xe0, 0x07, 0xe0, 0x07, 0xe0, 0x07, 0xe0, 0x07,
    0xe0, 0x07, 0xe0, 0x07, 0xe0, 0x07, 0xe0, 0x07, 0xe0, 0x07, 0xe0, 0x07, 0xe0, 0x07, 0x02, 0x48,
    0x02, 0x48, 0x41, 0x80, 0xc0, 0xc0, 0xc0, 0xc0, 0xc0, 0xc0, 0xc0, 0xc0, 0xc0, 0xc0, 0x80, 0xe9,
    0xc0, 0xc0, 0xc0, 0xc0, 0x80, 0xe9, 0x80, 0xe9, 0x22, 0xfd, 0x22, 0xfd, 0x22, 0xfd, 0x09, 0xff,
    0x09, 0xff, 0x09, 0xff, 0x09, 0xff, 0x09, 0xff, 0x09, 0xff, 0x09, 0xff, 0x09, 0xff, 0x09, 0xff,
    0x09, 0xff, 0x09, 0xff, 0x09, 0xff, 0x09, 0xff, 0x22, 0xfd, 0x22, 0xfd, 0x40, 0xfb, 0x80, 0xe9,
    0x80, 0xe9, 0x80, 0xe9, 0x80, 0xe9, 0x80, 0xe9, 0xc0, 0xc0, 0xc0, 0xc0, 0x41, 0x80, 0x41, 0x80,
    0x41, 0x80, 0x02, 0x48, 0xe0, 0x07, 0xe0, 0x07, 0xe0, 0x07, 0xe0, 0x07, 0xe0, 0x07, 0xe0, 0x07,
    0xe0, 0x07, 0xe0, 0x07, 0xe0, 0x07, 0xe0, 0x07, 0xe0, 0x07, 0xe0, 0x07, 0xe0, 0x07, 0xe0, 0x07,
    0xe0, 0x07, 0xe0, 0x07, 0xe0, 0x07, 0xe0, 0x07, 0xe0, 0x07, 0xe0, 0x07, 0xe0, 0x07, 0xe0, 0x07,
    0xe0, 0x07, 0xe0, 0x07, 0xe0, 0x07, 0xe0, 0x07, 0xe0, 0x07, 0xe0, 0x07, 0xe0, 0x07, 0x41, 0x80,
    0x41, 0x80, 0xc0, 0xc0, 0xc0, 0xc0, 0xc0, 0xc0, 0x80, 0xe9, 0x80, 0xe9, 0x80, 0xe9, 0x80, 0xe9,
    0xc0, 0xc0, 0x80, 0xe9, 0x22, 0xfd, 0x22, 0xfd, 0x09, 0xff, 0x09, 0xff, 0x09, 0xff, 0x09, 0xff,
    0x09, 0xff, 0x09, 0xff, 0x09, 0xff, 0x09, 0xff, 0x09, 0xff, 0x09, 0xff, 0x09, 0xff, 0x09, 0xff,
    0x09, 0xff, 0x09, 0xff, 0x22, 0xfd, 0x22, 0xfd, 0x80, 0xe9, 0x80, 0xe9, 0x80, 0xe9, 0x80, 0xe9,
    0x80, 0xe9, 0x80, 0xe9, 0x80, 0xe9, 0xc0, 0xc0, 0xc0, 0xc0, 0xc0, 0xc0, 0x41, 0x80, 0xe0, 0x07,
    0xe0, 0x07, 0xe0, 0x07, 0xe0, 0x07, 0xe0, 0x07, 0xe0, 0x07, 0xe0, 0x07, 0xe0, 0x07, 0xe0, 0x07,
    0xe0, 0x07, 0xe0, 0x07, 0xe0, 0x07, 0xe0, 0x07, 0xe0, 0x07, 0xe0, 0x07, 0xe0, 0x07, 0xe0, 0x07,
    0xe0, 0x07, 0xe0, 0x07, 0xe0, 0x07, 0xe0, 0x07, 0xe0, 0x07, 0xe0, 0x07, 0xe0, 0x07, 0xe0, 0x07,
    0xe0, 0x07, 0xe0, 0x07, 0xe0, 0x07, 0x02, 0x48, 0x02, 0x48, 0x02, 0x48, 0x41, 0x80, 0x41, 0x80,
    0xc0, 0xc0, 0xc0, 0xc0, 0xc0, 0xc0, 0x80, 0xe9, 0x80, 0xe9, 0x80, 0xe9, 0x80, 0xe9, 0x80, 0xe9,
    0x80, 0xe9, 0x22, 0xfd, 0x22, 0xfd, 0x09, 0xff, 0x09, 0xff, 0x09, 0xff, 0x09, 0xff, 0x09, 0xff,
    0x09, 0xff, 0x09, 0xff, 0x09, 0xff, 0x09, 0xff, 0x09, 0xff, 0x09, 0xff, 0x09, 0xff, 0x09, 0xff,
    0x09, 0xff, 0x22, 0xfd, 0x22, 0xfd, 0x80, 0xe9, 0xc0, 0xc0, 0xc0, 0xc0, 0xc0, 0xc0, 0x80, 0xe9,
    0x80, 0xe9, 0xc0, 0xc0, 0xc0, 0xc0, 0xc0, 0xc0, 0xc0, 0xc0, 0xc0, 0xc0, 0x41, 0x80, 0xe0, 0x07,
    0xe0, 0x07, 0xe0, 0x07, 0xe0, 0x07, 0xe0, 0x07, 0xe0, 0x07, 0xe0, 0x07, 0xe0, 0x07, 0xe0, 0x07,
    0xe0, 0x07, 0xe0, 0x07, 0xe0, 0x07, 0xe0, 0x07, 0xe0, 0x07, 0xe0, 0x07, 0xe0, 0x07, 0xe0, 0x07,
    0xe0, 0x07, 0xe0, 0x07, 0xe0, 0x07, 0xe0, 0x07, 0xe0, 0x07, 0xe0, 0x07, 0xe0, 0x07, 0xe0, 0x07,
    0xe0, 0x07, 0xe0, 0x07, 0xe0, 0x07, 0x02, 0x48, 0x02, 0x48, 0x41, 0x80, 0x41, 0x80, 0x41, 0x80,
    0xc0, 0xc0, 0xc0, 0xc0, 0x80, 0xe9, 0x80, 0xe9, 0x80, 0xe9, 0x80, 0xe9, 0x80, 0xe9, 0x80, 0xe9,
    0x80, 0xe9, 0x80, 0xe9, 0x40, 0xfb, 0x40, 0xfb, 0x40, 0xfb, 0x40, 0xfb, 0x40, 0xfb, 0x40, 0xfb,
    0x40, 0xfb, 0x40, 0xfb, 0x40, 0xfb, 0x40, 0xfb, 0x40, 0xfb, 0x40, 0xfb, 0x80, 0xe9, 0x80, 0xe9,
    0x80, 0xe9, 0x80, 0xe9, 0x80, 0xe9, 0xc0, 0xc0, 0xc0, 0xc0, 0xc0, 0xc0, 0xc0, 0xc0, 0x80, 0xe9,
    0xc0, 0xc0, 0xc0, 0xc0, 0xc0, 0xc0, 0xc0, 0xc0, 0xc0, 0xc0, 0x41, 0x80, 0x41, 0x80, 0xe0, 0x07,
    0xe0, 0x07, 0xe0, 0x07, 0xe0, 0x07, 0xe0, 0x07, 0xe0, 0x07, 0xe0, 0x07, 0xe0, 0x07, 0xe0, 0x07,
    0xe0, 0x07, 0xe0, 0x07, 0xe0, 0x07, 0xe0, 0x07, 0xe0, 0x07, 0xe0, 0x07, 0xe0, 0x07, 0xe0, 0x07,
    0xe0, 0x07, 0xe0, 0x07, 0xe0, 0x07, 0xe0, 0x07, 0xe0, 0x07, 0xe0, 0x07, 0xe0, 0x07, 0xe0, 0x07,
    0xe0, 0x07, 0xe0, 0x07, 0x02, 0x48, 0x02, 0x48, 0x02, 0x48, 0x41, 0x80, 0x41, 0x80, 0x41, 0x80,
    0xc0, 0xc0, 0xc0, 0xc0, 0x80, 0xe9, 0x80, 0xe9, 0x80, 0xe9, 0x80, 0xe9, 0x80, 0xe9, 0x40, 0xfb,
    0x80, 0xe9, 0x80, 0xe9, 0x80, 0xe9, 0x80, 0xe9, 0x40, 0xfb, 0x40, 0xfb, 0x40, 0xfb, 0x40, 0xfb,
    0x40, 0xfb, 0x40, 0xfb, 0x40, 0xfb, 0x40, 0xfb, 0x40, 0xfb, 0x40, 0xfb, 0x40, 0xfb, 0x80, 0xe9,
    0x80, 0xe9, 0x80, 0xe9, 0x80, 0xe9, 0x80, 0xe9, 0xc0, 0xc0, 0xc0, 0xc0, 0xc0, 0xc0, 0x80, 0xe9,
    0x80, 0xe9, 0xc0, 0xc0, 0xc0, 0xc0, 0xc0, 0xc0, 0xc0, 0xc0, 0x41, 0x80, 0x41, 0x80, 0xe0, 0x07,
    0xe0, 0x07, 0xe0, 0x07, 0xe0, 0x07, 0xe0, 0x07, 0xe0, 0x07, 0xe0, 0x07, 0xe0, 0x07, 0xe0, 0x07,
    0xe0, 0x07, 0xe0, 0x07, 0xe0, 0x07, 0xe0, 0x07, 0xe0, 0x07, 0xe0, 0x07, 0xe0, 0x07, 0xe0, 0x07,
    0xe0, 0x07, 0xe0, 0x07, 0xe0, 0x07, 0xe0, 0x07, 0xe0, 0x07, 0xe0, 0x07, 0xe0, 0x07, 0xe0, 0x07,
    0xe0, 0x07, 0xe0, 0x07, 0xe0, 0x07, 0xe0, 0x07, 0x41, 0x80, 0x41, 0x80, 0x41, 0x80, 0x41, 0x80,
    0xc0, 0xc0, 0x80, 0xe9, 0x80, 0xe9, 0x80, 0xe9, 0x80, 0xe9, 0x80, 0xe9, 0x40, 0xfb, 0x40, 0xfb,
    0x80, 0xe9, 0x80, 0xe9, 0x80, 0xe9, 0x40, 0xfb, 0x40, 0xfb, 0x40, 0xfb, 0x40, 0xfb, 0x40, 0xfb,
    0x40, 0xfb, 0x40, 0xfb, 0x40, 0xfb, 0x40, 0xfb, 0x40, 0xfb, 0x40, 0xfb, 0x40, 0xfb, 0x80, 0xe9,
    0x40, 0xfb, 0x80, 0xe9, 0x80, 0xe9, 0x80, 0xe9, 0xc0, 0xc0, 0x80, 0xe9, 0x80, 0xe9, 0x80, 0xe9,
    0x80, 0xe9, 0xc0, 0xc0, 0x80, 0xe9, 0xc0, 0xc0, 0xc0, 0xc0, 0xc0, 0xc0, 0x41, 0x80, 0x41, 0x80,
    0xe0, 0x07, 0xe0, 0x07, 0xe0, 0x07, 0xe0, 0x07, 0xe0, 0x07, 0xe0, 0x07, 0xe0, 0x07, 0xe0, 0x07,
    0xe0, 0x07, 0xe0, 0x07, 0xe0, 0x07, 0xe0, 0x07, 0xe0, 0x07, 0xe0, 0x07, 0xe0, 0x07, 0xe0, 0x07,
};

const lv_img_dsc_t bongo_fire_3 = {
    .header.cf = LV_IMG_CF_TRUE_COLOR_CHROMA_KEYED,
    .header.always_zero = 0,
    .header.reserved = 0,
    .header.w = 72,
    .header.h = 52,
    .data_size = sizeof(bongo_fire_3_map),
    .data = bongo_fire_3_map,
};

static const uint8_t bongo_fire_4_map[] = {
    0xe0, 0x07, 0xe0, 0x07, 0xe0, 0x07, 0xe0, 0x07, 0xe0, 0x07, 0xe0, 0x07, 0xe0, 0x07, 0xe0, 0x07,
    0xe0, 0x07, 0xe0, 0x07, 0xe0, 0x07, 0xe0, 0x07, 0xe0, 0x07, 0xe0, 0x07, 0xe0, 0x07, 0xe0, 0x07,
    0xe0, 0x07, 0xe0, 0x07, 0xe0, 0x07, 0xe0, 0x07, 0xe0, 0x07, 0xe0, 0x07, 0xe0, 0x07, 0xe0, 0x07,
    0xe0, 0x07, 0xe0, 0x07, 0xe0, 0x07, 0xe0, 0x07, 0xe0, 0x07, 0xe0, 0x07, 0xe0, 0x07, 0xe0, 0x07,
    0xe0, 0x07, 0xe0, 0x07, 0xe0, 0x07, 0xe0, 0x07, 0x40, 0xfb, 0xe0, 0x07, 0xe0, 0x07, 0xe0, 0x07,
    0xe0, 0x07, 0xe0, 0x07, 0xe0, 0x07, 0xe0, 0x07, 0xe0, 0x07, 0xe0, 0x07, 0xe0, 0x07, 0xe0, 0x07,
    0xe0, 0x07, 0xe0, 0x07, 0xe0, 0x07, 0xe0, 0x07, 0xe0, 0x07, 0xe0, 0x07, 0xe0, 0x07, 0xe0, 0x07,
    0xe0, 0x07, 0xe0, 0x07, 0xe0, 0x07, 0xe0, 0x07, 0xe0, 0x07, 0xe0, 0x07, 0xe0, 0x07, 0xe0, 0x07,
    0xe0, 0x07, 0xe0, 0x07, 0xe0, 0x07, 0xe0, 0x07, 0xe0, 0x07, 0xe0, 0x07, 0xe0, 0x07, 0xe0, 0x07,
    0xe0, 0x07, 0xe0, 0x07, 0xe0, 0x07, 0xe0, 0x07, 0xe0, 0x07, 0xe0, 0x07, 0xe0, 0x07, 0xe0, 0x07,
    0xe0, 0x07, 0xe0, 0x07, 0xe0, 0x07, 0xe0, 0x07, 0xe0, 0x07, 0xe0, 0x07, 0xe0, 0x07, 0xe0, 0x07,
    0xe0, 0x07, 0xe0, 0x07, 0xe0, 0x07, 0xe0, 0x07, 0xe0, 0x07, 0xe0, 0x07, 0xe0, 0x07, 0xe0, 0x07,
    0xe0, 0x07, 0xe0, 0x07, 0xe0, 0x07, 0xe0, 0x07, 0xe0, 0x07, 0xe0, 0x07, 0xe0, 0x07, 0xe0, 0x07,
    0xe0, 0x07, 0xe0, 0x07, 0x41, 0x80, 0x80, 0xe9, 0x40, 0xfb, 0x80, 0xe9, 0xe0, 0x07, 0xe0, 0x07,
    0xe0, 0x07, 0xe0, 0x07, 0xe0, 0x07, 0xe0, 0x07, 0xe0, 0x07, 0xe0, 0x07, 0xe0, 0x07, 0xe0, 0x07,
    0xe0, 0x07, 0xe0, 0x07, 0xe0, 0x07, 0xe0, 0x07, 0xe0, 0x07, 0xe0, 0x07, 0xe0, 0x07, 0xe0, 0x07,
    0xe0, 0x07, 0xe0, 0x07, 0xe0, 0x07, 0xe0, 0x07, 0xe0, 0x07, 0xe0, 0x07, 0xe0, 0x07, 0xe0, 0x07,
    0xe0, 0x07, 0xe0, 0x07, 0xe0, 0x07, 0xe0, 0x07, 0xe0, 0x07, 0xe0, 0x07, 0xe0, 0x07, 0xe0, 0x07,
    0xe0, 0x07, 0xe0, 0x07, 0xe0, 0x07, 0xe0, 0x07, 0xe0, 0x07, 0xe0, 0x07, 0xe0, 0x07, 0xe0, 0x07,
    0xe0, 0x07, 0xe0, 0x07, 0xe0, 0x07, 0xe0, 0x07, 0xe0, 0x07, 0xe0, 0x07, 0xe0, 0x07, 0xe0, 0x07,
    0xe0, 0x07, 0xe0, 0x07, 0xe0, 0x07, 0xe0, 0x07, 0xe0, 0x07, 0xe0, 0x07, 0xe0, 0x07, 0xe0, 0x07,
    0xe0, 0x07, 0xe0, 0x07, 0xe0, 0x07, 0xe0, 0x07, 0xe0, 0x07, 0xe0, 0x07, 0xe0, 0x07, 0xe0, 0x07,
    0xe0, 0x07, 0xe0, 0x07, 0xc0, 0xc0, 0x80, 0xe9, 0x40, 0xfb, 0x80, 0xe9, 0xc0, 0xc0, 0xe0, 0x07,
    0xe0, 0x07, 0xe0, 0x07, 0xe0, 0x07, 0xe0, 0x07, 0xe0, 0x07, 0xe0, 0x07, 0xe0, 0x07, 0xe0, 0x07,
    0xe0, 0x07, 0xe0, 0x07, 0xe0, 0x07, 0xe0, 0x07, 0xe0, 0x07, 0xe0, 0x07, 0xe0, 0x07, 0xe0, 0x07,
    0xe0, 0x07, 0xe0, 0x07, 0xe0, 0x07, 0xe0, 0x07, 0xe0, 0x07, 0xe0, 0x07, 0xe0, 0x07, 0xe0, 0x07,
    0xe0, 0x07, 0xe0, 0x07, 0xe0, 0x07, 0xe0, 0x07, 0xe0, 0x07, 0xe0, 0x07, 0xe0, 0x07, 0xe0, 0x07,
    0xe0, 0x07, 0xe0, 0x07, 0xe0, 0x07, 0xe0, 0x07, 0xe0, 0x07, 0xe0, 0x07, 0xe0, 0x07, 0xe0, 0x07,
    0xe0, 0x07, 0xe0, 0x07, 0xe0, 0x07, 0xe0, 0x07, 0xe0, 0x07, 0xe0, 0x07, 0xe0, 0x07, 0xe0, 0x07,
    0xe0, 0x07, 0xe0, 0x07, 0xe0, 0x07, 0xe0, 0x07, 0xe0, 0x07, 0xe0, 0x07, 0xe0, 0x07, 0xe0, 0x07,
    0xe0, 0x07, 0xe0, 0x07, 0xe0, 0x07, 0xe0, 0x07, 0xe0, 0x07, 0xe0, 0x07, 0xe0, 0x07, 0xe0, 0x07,
    0xe0, 0x07, 0x02, 0x48, 0xc0, 0xc0, 0x80, 0xe9, 0x40, 0xfb, 0x40, 0xfb, 0x80, 0xe9, 0x41, 0x80,
    0xe0, 0x07, 0xe0, 0x07, 0xe0, 0x07, 0xe0, 0x07, 0xe0, 0x07, 0xe0, 0x07, 0xe0, 0x07, 0xe0, 0x07,
    0xe0, 0x07, 0xe0, 0x07, 0xe0, 0x07, 0xe0, 0x07, 0xe0, 0x07, 0xe0, 0x07, 0xe0, 0x07, 0xe0, 0x07,
    0xe0, 0x07, 0xe0, 0x07, 0xe0, 0x07, 0xe0, 0x07, 0xe0, 0x07, 0xe0, 0x07, 0xe0, 0x07, 0xe0, 0x07,
    0xe0, 0x07, 0xe0, 0x07, 0xe0, 0x07, 0xe0, 0x07, 0xe0, 0x07, 0xe0, 0x07, 0xe0, 0x07, 0xe0, 0x07,
    0xe0, 0x07, 0xe0, 0x07, 0xe0, 0x07, 0xe0, 0x07, 0xe0, 0x07, 0xe0, 0x07, 0xe0, 0x07, 0xe0, 0x07,
    0xe0, 0x07, 0xe0, 0x07, 0xe0, 0x07, 0xe0, 0x07, 0xe0, 0x07, 0xe0, 0x07, 0xe0, 0x07, 0xe0, 0x07,
    0xe0, 0x07, 0xe0, 0x07, 0xe0, 0x07, 0xe0, 0x07, 0xe0, 0x07, 0xe0, 0x07, 0xe0, 0x07, 0xe0, 0x07,
    0xe0, 0x07, 0xe0, 0x07, 0xe0, 0x07, 0xe0, 0x07, 0xe0, 0x07, 0xe0, 0x07, 0xe0, 0x07, 0xe0, 0x07,
    0xe0, 0x07, 0xe0, 0x07, 0x41, 0x80, 0xc0, 0xc0, 0x80, 0xe9, 0x40, 0xfb, 0x40, 0xfb, 0x80, 0xe9,
    0x41, 0x80, 0x02, 0x48, 0xe0, 0x07, 0xe0, 0x07, 0xe0, 0x07, 0xe0, 0x07, 0xe0, 0x07, 0xe0, 0x07,
    0xe0, 0x07, 0xe0, 0x07, 0xe0, 0x07, 0xe0, 0x07, 0xe0, 0x07, 0xe0, 0x07, 0xe0, 0x07, 0xe0, 0x07,
    0xe0, 0x07, 0xe0, 0x07, 0xe0, 0x07, 0xe0, 0x07, 0xe0, 0x07, 0xe0, 0x07, 0xe0, 0x07, 0xe0, 0x07,
    0xe0, 0x07, 0xe0, 0x07, 0xe0, 0x07, 0xe0, 0x07, 0xe0, 0x07, 0xe0, 0x07, 0xe0, 0x07, 0xe0, 0x07,
    0xe0, 0x07, 0xe0, 0x07, 0xe0, 0x07, 0xe0, 0x07, 0xe0, 0x07, 0xe0, 0x07, 0xe0, 0x07, 0xe0, 0x07,
    0xe0, 0x07, 0xe0, 0x07, 0xe0, 0x07, 0xe0, 0x07, 0xe0, 0x07, 0xe0, 0x07, 0xe0, 0x07, 0xe0, 0x07,
    0xe0, 0x07, 0xe0, 0x07, 0xe0, 0x07, 0xe0, 0x07, 0xe0, 0x07, 0xe0, 0x07, 0xe0, 0x07, 0xe0, 0x07,
    0xe0, 0x07, 0xe0, 0x07, 0xe0, 0x07, 0xe0, 0x07, 0xe0, 0x07, 0xe0, 0x07, 0xe0, 0x07, 0xe0, 0x07,
    0xe0, 0x07, 0xe0, 0x07, 0x41, 0x80, 0xc0, 0xc0, 0x80, 0xe9, 0x80, 0xe9, 0x40, 0xfb, 0x40, 0xfb,
    0x80, 0xe9, 0x80, 0xe9, 0x41, 0x80, 0xe0, 0x07, 0xe0, 0x07, 0xe0, 0x07, 0xe0, 0x07, 0xe0, 0x07,
    0xe0, 0x07, 0xe0, 0x07, 0xe0, 0x07, 0xe0, 0x07, 0xe0, 0x07, 0xe0, 0x07, 0xe0, 0x07, 0xe0, 0x07,
    0xe0, 0x07, 0xe0, 0x07, 0xe0, 0x07, 0xe0, 0x07, 0xe0, 0x07, 0xe0, 0x07, 0xe0, 0x07, 0xe0, 0x07,
    0xe0, 0x07, 0xe0, 0x07, 0xe0, 0x07, 0xe0, 0x07, 0xe0, 0x07, 0xe0, 0x07, 0xe0, 0x07, 0xe0, 0x07,
    0xe0, 0x07, 0xe0, 0x07, 0xe0, 0x07, 0xe0, 0x07, 0xe0, 0x07, 0xe0, 0x07, 0xe0, 0x07, 0xe0, 0x07,
    0xe0, 0x07, 0xe0, 0x07, 0xe0, 0x07, 0xe0, 0x07, 0xe0, 0x07, 0xe0, 0x07, 0xe0, 0x07, 0xe0, 0x07,
    0xe0, 0x07, 0xe0, 0x07, 0xe0, 0x07, 0xe0, 0x07, 0xe0, 0x07, 0xe0, 0x07, 0xe0, 0x07, 0xe0, 0x07,
    0xe0, 0x07, 0xe0, 0x07, 0xe0, 0x07, 0xe0, 0x07, 0xe0, 0x07, 0xe0, 0x07, 0xe0, 0x07, 0xe0, 0x07,
    0xe0, 0x07, 0xe0, 0x07, 0x41, 0x80, 0xc0, 0xc0, 0xc0, 0xc0, 0x80, 0xe9, 0x40, 0xfb, 0x40, 0xfb,
    0x40, 0xfb, 0x80, 0xe9, 0xc0, 0xc0, 0xc0, 0xc0, 0xe0, 0x07, 0xe0, 0x07, 0xe0, 0x07, 0xe0, 0x07,
    0xe0, 0x07, 0xe0, 0x07, 0xe0, 0x07, 0xe0, 0x07, 0xe0, 0x07, 0xe0, 0x07, 0xe0, 0x07, 0xe0, 0x07,
    0xe0, 0x07, 0xe0, 0x07, 0xe0, 0x07, 0xe0, 0x07, 0xe0, 0x07, 0xe0, 0x07, 0xe0, 0x07, 0xe0, 0x07,
    0xe0, 0x07, 0xe0, 0x07, 0xe0, 0x07, 0xe0, 0x07, 0xe0, 0x07, 0xe0, 0x07, 0xe0, 0x07, 0xe0, 0x07,
    0xe0, 0x07, 0xe0, 0x07, 0xe0, 0x07, 0xe0, 0x07, 0xe0, 0x07, 0xe0, 0x07, 0xe0, 0x07, 0xe0, 0x07,
    0xe0, 0x07, 0xe0, 0x07, 0xe0, 0x07, 0xe0, 0x07, 0xe0, 0x07, 0xe0, 0x07, 0xe0, 0x07, 0xe0, 0x07,
    0xe0, 0x07, 0xe0, 0x07, 0xe0, 0x07, 0xe0, 0x07, 0xe0, 0x07, 0xe0, 0x07, 0xe0, 0x07, 0xe0, 0x07,
    0xe0, 0x07, 0xe0, 0x07, 0xe0, 0x07, 0xe0, 0x07, 0xe0, 0x07, 0xe0, 0x07, 0xe0, 0x07, 0xe0, 0x07,
    0xe0, 0x07, 0x02, 0x48, 0x41, 0x80, 0xc0, 0xc0, 0x80, 0xe9, 0x40, 0xfb, 0x40, 0xfb, 0x40, 0xfb,
    0x40, 0xfb, 0x80, 0xe9, 0xc0, 0xc0, 0x41, 0x80, 0x02, 0x48, 0xe0, 0x07, 0xe0, 0x07, 0xe0, 0x07,
    0xe0, 0x07, 0xe0, 0x07, 0xe0, 0x07, 0xe0, 0x07, 0xe0, 0x07, 0xe0, 0x07, 0xe0, 0x07, 0xe0, 0x07,
    0xe0, 0x07, 0xe0, 0x07, 0xe0, 0x07, 0xe0, 0x07, 0xe0, 0x07, 0xe0, 0x07, 0xe0, 0x07, 0xe0, 0x07,
    0xe0, 0x07, 0xe0, 0x07, 0xe0, 0x07, 0xe0, 0x07, 0xe0, 0x07, 0xe0, 0x07, 0xe0, 0x07, 0xe0, 0x07,
    0xe0, 0x07, 0xe0, 0x07, 0xe0, 0x07, 0xe0, 0x07, 0xe0, 0x07, 0xe0, 0x07, 0xe0, 0x07, 0xe0, 0x07,
    0xe0, 0x07, 0xe0, 0x07, 0xe0, 0x07, 0xe0, 0x07, 0xe0, 0x07, 0xe0, 0x07, 0xe0, 0x07, 0xe0, 0x07,
    0xe0, 0x07, 0xe0, 0x07, 0xe0, 0x07, 0xe0, 0x07, 0xe0, 0x07, 0xe0, 0x07, 0xe0, 0x07, 0xe0, 0x07,
    0xe0, 0x07, 0xe0, 0x07, 0xe0, 0x07, 0xe0, 0x07, 0xe0, 0x07, 0xe0, 0x07, 0xe0, 0x07, 0xe0, 0x07,
    0x41, 0x80, 0xc0, 0xc0, 0x80, 0xe9, 0x80, 0xe9, 0x40, 0xfb, 0x40, 0xfb, 0x40, 0xfb, 0x40, 0xfb,
    0x80, 0xe9, 0xc0, 0xc0, 0x41, 0x80, 0x41, 0x80, 0xe0, 0x07, 0xe0, 0x07, 0xe0, 0x07, 0xe0, 0x07,
    0xe0, 0x07, 0xe0, 0x07, 0xe0, 0x07, 0xe0, 0x07, 0xe0, 0x07, 0xe0, 0x07, 0xe0, 0x07, 0xe0, 0x07,
    0xe0, 0x07, 0xe0, 0x07, 0xe0, 0x07, 0xe0, 0x07, 0xe0, 0x07, 0xe0, 0x07, 0xe0, 0x07, 0xe0, 0x07,
    0xe0, 0x07, 0xe0, 0x07, 0xe0, 0x07, 0xe0, 0x07, 0xe0, 0x07, 0xe0, 0x07, 0xe0, 0x07, 0xe0, 0x07,
    0xe0, 0x07, 0xe0, 0x07, 0xe0, 0x07, 0xe0, 0x07, 0xe0, 0x07, 0xe0, 0x07, 0xe0, 0x07, 0xe0, 0x07,
    0xe0, 0x07, 0xe0, 0x07, 0xe0, 0x07, 0xe0, 0x07, 0xe0, 0x07, 0xe0, 0x07, 0xe0, 0x07, 0xe0, 0x07,
    0xe0, 0x07, 0xe0, 0x07, 0xe0, 0x07, 0xe0, 0x07, 0xe0, 0x07, 0xe0, 0x07, 0xe0, 0x07, 0xe0, 0x07,
    0xe0, 0x07, 0xe0, 0x07, 0xe0, 0x07, 0xe0, 0x07, 0xe0, 0x07, 0x02, 0x48, 0x41, 0x80, 0xc0, 0xc0,
    0x80, 0xe9, 0x80, 0xe9, 0x40, 0xfb, 0x40, 0xfb, 0x40, 0xfb, 0x40, 0xfb, 0x80, 0xe9, 0x80, 0xe9,
    0xc0, 0xc0, 0x41, 0x80, 0xe0, 0x07, 0xe0, 0x07, 0xe0, 0x07, 0xe0, 0x07, 0xe0, 0x07, 0xe0, 0x07,
    0xe0, 0x07, 0xe0, 0x07, 0xe0, 0x07, 0xe0, 0x07, 0xe0, 0x07, 0xe0, 0x07, 0xe0, 0x07, 0xe0, 0x07,
    0xe0, 0x07, 0xe0, 0x07, 0xe0, 0x07, 0xe0, 0x07, 0xe0, 0x07, 0xe0, 0x07, 0xe0, 0x07, 0xe0, 0x07,
    0xe0, 0x07, 0xe0, 0x07, 0xe0, 0x07, 0xe0, 0x07, 0xe0, 0x07, 0xe0, 0x07, 0xe0, 0x07, 0xe0, 0x07,
    0xe0, 0x07, 0xe0, 0x07, 0xe0, 0x07, 0xe0, 0x07, 0xe0, 0x07, 0xe0, 0x07, 0xe0, 0x07, 0xe0, 0x07,
    0xe0, 0x07, 0xe0, 0x07, 0xe0, 0x07, 0xe0, 0x07, 0xe0, 0x07, 0xe0, 0x07, 0xe0, 0x07, 0xe0, 0x07,
    0xe0, 0x07, 0xe0, 0x07, 0xe0, 0x07, 0xe0, 0x07, 0xe0, 0x07, 0xe0, 0x07, 0xe0, 0x07, 0xe0, 0x07,
    0xe0, 0x07, 0xe0, 0x07, 0xe0, 0x07, 0xe0, 0x07, 0x02, 0x48, 0xc0, 0xc0, 0x80, 0xe9, 0x80, 0xe9,
    0x40, 0xfb, 0x40, 0xfb, 0x40, 0xfb, 0x40, 0xfb, 0x80, 0xe9, 0x80, 0xe9, 0xc0, 0xc0, 0x41, 0x80,
    0x41, 0x80, 0xe0, 0x07, 0xe0, 0x07, 0xe0, 0x07, 0xe0, 0x07, 0xe0, 0x07, 0xe0, 0x07, 0xe0, 0x07,
    0xe0, 0x07, 0xe0, 0x07, 0xe0, 0x07, 0xe0, 0x07, 0xe0, 0x07, 0xe0, 0x07, 0xe0, 0x07, 0xe0, 0x07,
    0xe0, 0x07, 0xe0, 0x07, 0xe0, 0x07, 0xe0, 0x07, 0xe0, 0x07, 0xe0, 0x07, 0xe0, 0x07, 0xe0, 0x07,
    0xe0, 0x07, 0xe0, 0x07, 0xe0, 0x07, 0xe0, 0x07, 0xe0, 0x07, 0xe0, 0x07, 0xe0, 0x07, 0xe0, 0x07,
    0xe0, 0x07, 0xe0, 0x07, 0xe0, 0x07, 0xe0, 0x07, 0xe0, 0x07, 0xe0, 0x07, 0xe0, 0x07, 0xe0, 0x07,
    0xe0, 0x07, 0xe0, 0x07, 0xe0, 0x07, 0xe0, 0x07, 0xe0, 0x07, 0xe0, 0x07, 0xe0, 0x07, 0xe0, 0x07,
    0xe0, 0x07, 0xe0, 0x07, 0xe0, 0x07, 0xe0, 0x07, 0xe0, 0x07, 0xe0, 0x07, 0xe0, 0x07, 0xe0, 0x07,
    0xe0, 0x07, 0xe0, 0x07, 0xe0, 0x07, 0x41, 0x80, 0x41, 0x80, 0xc0, 0xc0, 0x80, 0xe9, 0x40, 0xfb,
    0x40, 0xfb, 0x40, 0xfb, 0x40, 0xfb, 0x80, 0xe9, 0x80, 0xe9, 0xc0, 0xc0, 0x41, 0x80, 0x41, 0x80,
    0xe0, 0x07, 0xe0, 0x07, 0xe0, 0x07, 0xe0, 0x07, 0xe0, 0x07, 0xe0, 0x07, 0xe0, 0x07, 0xe0, 0x07,
    0xe0, 0x07, 0xe0, 0x07, 0xe0, 0x07, 0xe0, 0x07, 0xe0, 0x07, 0xe0, 0x07, 0xe0, 0x07, 0xe0, 0x07,
    0xe0, 0x07, 0xe0, 0x07, 0xe0, 0x07, 0xe0, 0x07, 0xe0, 0x07, 0xe0, 0x07, 0xe0, 0x07, 0xe0, 0x07,
    0xe0, 0x07, 0xe0, 0x07, 0xe0, 0x07, 0xe0, 0x07, 0xe0, 0x07, 0xe0, 0x07, 0xe0, 0x07, 0xe0, 0x07,
    0xe0, 0x07, 0xe0, 0x07, 0xe0, 0x07, 0xe0, 0x07, 0xe0, 0x07, 0xe0, 0x07, 0xe0, 0x07, 0xe0, 0x07,
    0xe0, 0x07, 0xe0, 0x07, 0xe0, 0x07, 0xe0, 0x07, 0xe0, 0x07, 0xe0, 0x07, 0xe0, 0x07, 0xe0, 0x07,
    0xe0, 0x07, 0xe0, 0x07, 0xe0, 0x07, 0xe0, 0x07, 0xe0, 0x07, 0xe0, 0x07, 0xe0, 0x07, 0xe0, 0x07,
    0xe0, 0x07, 0xe0, 0x07, 0x41, 0x80, 0x41, 0x80, 0xc0, 0xc0, 0xc0, 0xc0, 0x80, 0xe9, 0x40, 0xfb,
    0x40, 0xfb, 0x80, 0xe9, 0x80, 0xe9, 0xc0, 0xc0, 0x80, 0xe9, 0xc0, 0xc0, 0x41, 0x80, 0x02, 0x48,
    0xe0, 0x07, 0xe0, 0x07, 0xe0, 0x07, 0xe0, 0x07, 0xe0, 0x07, 0xe0, 0x07, 0xe0, 0x07, 0xe0, 0x07,
    0xe0, 0x07, 0xe0, 0x07, 0xe0, 0x07, 0xe0, 0x07, 0xe0, 0x07, 0xe0, 0x07, 0xe0, 0x07, 0xe0, 0x07,
    0xe0, 0x07, 0xe0, 0x07, 0xe0, 0x07, 0xe0, 0x07, 0xe0, 0x07, 0xe0, 0x07, 0xe0, 0x07, 0xe0, 0x07,
    0xe0, 0x07, 0xe0, 0x07, 0xe0, 0x07, 0xe0, 0x07, 0xe0, 0x07, 0xe0, 0x07, 0xe0, 0x07, 0xe0, 0x07,
    0xe0, 0x07, 0xe0, 0x07, 0xe0, 0x07, 0xe0, 0x07, 0xe0, 0x07, 0xe0, 0x07, 0xe0, 0x07, 0xe0, 0x07,
    0xe0, 0x07, 0xe0, 0x07, 0xe0, 0x07, 0xe0, 0x07, 0xe0, 0x07, 0xe0, 0x07, 0xe0, 0x07, 0xe0, 0x07,
    0xe0, 0x07, 0xe0, 0x07, 0xe0, 0x07, 0xe0, 0x07, 0xe0, 0x07, 0xe0, 0x07, 0xe0, 0x07, 0xe0, 0x07,
    0xe0, 0x07, 0xe0, 0x07, 0x02, 0x48, 0x41, 0x80, 0xc0, 0xc0, 0xc0, 0xc0, 0x80, 0xe9, 0x80, 0xe9,
    0x40, 0xfb, 0x40, 0xfb, 0x80, 0xe9, 0x80, 0xe9, 0xc0, 0xc0, 0x41, 0x80, 0xc0, 0xc0, 0x41, 0x80,
    0xe0, 0x07, 0xe0, 0x07, 0xe0, 0x07, 0xe0, 0x07, 0xe0, 0x07, 0xe0, 0x07, 0xe0, 0x07, 0xe0, 0x07,
    0xe0, 0x07, 0xe0, 0x07, 0xe0, 0x07, 0xe0, 0x07, 0xe0, 0x07, 0xe0, 0x07, 0xe0, 0x07, 0xe0, 0x07,
    0xe0, 0x07, 0xe0, 0x07, 0xe0, 0x07, 0xe0, 0x07, 0xe0, 0x07, 0xe0, 0x07, 0xe0, 0x07, 0xe0, 0x07,
    0xe0, 0x07, 0xe0, 0x07, 0xe0, 0x07, 0xe0, 0x07, 0xe0, 0x07, 0xe0, 0x07, 0xe0, 0x07, 0xe0, 0x07,
    0xe0, 0x07, 0xe0, 0x07, 0xe0, 0x07, 0xe0, 0x07, 0xe0, 0x07, 0xe0, 0x07, 0xe0, 0x07, 0xe0, 0x07,
    0xe0, 0x07, 0xe0, 0x07, 0xe0, 0x07, 0xe0, 0x07, 0xe0, 0x07, 0xe0, 0x07, 0xe0, 0x07, 0xe0, 0x07,
    0xe0, 0x07, 0xe0, 0x07, 0xe0, 0x07, 0xe0, 0x07, 0xe0, 0x07, 0xe0, 0x07, 0xe0, 0x07, 0xe0, 0x07,
    0xe0, 0x07, 0xe0, 0x07, 0x41, 0x80, 0x41, 0x80, 0x41, 0x80, 0xc0, 0xc0, 0xc0, 0xc0, 0x80, 0xe9,
    0x80, 0xe9, 0x40, 0xfb, 0x80, 0xe9, 0x80, 0xe9, 0x80, 0xe9, 0xc0, 0xc0, 0xc0, 0xc0, 0x41, 0x80,
    0x41, 0x80, 0x02, 0x48, 0xe0, 0x07, 0xe0, 0x07, 0xe0, 0x07, 0xe0, 0x07, 0xe0, 0x07, 0xe0, 0x07,
    0xe0, 0x07, 0xe0, 0x07, 0xe0, 0x07, 0xe0, 0x07, 0xe0, 0x07, 0xe0, 0x07, 0xe0, 0x07, 0xe0, 0x07,
    0xe0, 0x07, 0xe0, 0x07, 0xe0, 0x07, 0xe0, 0x07, 0xe0, 0x07, 0xe0, 0x07, 0xe0, 0x07, 0xe0, 0x07,
    0xe0, 0x07, 0xe0, 0x07, 0xe0, 0x07, 0xe0, 0x07, 0xe0, 0x07, 0xe0, 0x07, 0xe0, 0x07, 0xe0, 0x07,
    0xe0, 0x07, 0xe0, 0x07, 0xe0, 0x07, 0xe0, 0x07, 0xe0, 0x07, 0xe0, 0x07, 0xe0, 0x07, 0xe0, 0x07,
    0xe0, 0x07, 0xe0, 0x07, 0xe0, 0x07, 0xe0, 0x07, 0xe0, 0x07, 0xe0, 0x07, 0xe0, 0x07, 0xe0, 0x07,
    0xe0, 0x07, 0xe0, 0x07, 0xe0, 0x07, 0xe0, 0x07, 0xe0, 0x07, 0xe0, 0x07, 0xe0, 0x07, 0xe0, 0x07,
    0xe0, 0x07, 0xe0, 0x07, 0x02, 0x48, 0x41, 0x80, 0x41, 0x80, 0x41, 0x80, 0xc0, 0xc0, 0xc0, 0xc0,
    0x80, 0xe9, 0x80, 0xe9, 0x40, 0xfb, 0x40, 0xfb, 0x80, 0xe9, 0x80, 0xe9, 0xc0, 0xc0, 0xc0, 0xc0,
    0x41, 0x80, 0x41, 0x80, 0x41, 0x80, 0xe0, 0x07, 0xe0, 0x07, 0xe0, 0x07, 0xe0, 0x07, 0xe0, 0x07,
    0xe0, 0x07, 0xe0, 0x07, 0xe0, 0x07, 0xe0, 0x07, 0xe0, 0x07, 0xe0, 0x07, 0xe0, 0x07, 0xe0, 0x07,
    0xe0, 0x07, 0xe0, 0x07, 0xe0, 0x07, 0xe0, 0x07, 0xe0, 0x07, 0xe0, 0x07, 0xe0, 0x07, 0xe0, 0x07,
    0xe0, 0x07, 0xe0, 0x07, 0xe0, 0x07, 0xe0, 0x07, 0xe0, 0x07, 0xe0, 0x07, 0xe0, 0x07, 0xe0, 0x07,
    0xe0, 0x07, 0xe0, 0x07, 0xe0, 0x07, 0xe0, 0x07, 0xe0, 0x07, 0xe0, 0x07, 0xe0, 0x07, 0xe0, 0x07,
    0xe0, 0x07, 0xe0, 0x07, 0xe0, 0x07, 0xe0, 0x07, 0xe0, 0x07, 0xe0, 0x07, 0xe0, 0x07, 0xe0, 0x07,
    0xe0, 0x07, 0xe0, 0x07, 0xe0, 0x07, 0xe0, 0x07, 0xe0, 0x07, 0xe0, 0x07, 0xe0, 0x07, 0xe0, 0x07,
    0xe0, 0x07, 0xe0, 0x07, 0x41, 0x80, 0x41, 0x80, 0xc0, 0xc0, 0x41, 0x80, 0xc0, 0xc0, 0xc0, 0xc0,
    0xc0, 0xc0, 0x80, 0xe9, 0x80, 0xe9, 0x40, 0xfb, 0x40, 0xfb, 0x80, 0xe9, 0x80, 0xe9, 0xc0, 0xc0,
    0xc0, 0xc0, 0xc0, 0xc0, 0xc0, 0xc0, 0x41, 0x80, 0x41, 0x80, 0x02, 0x48, 0xe0, 0x07, 0xe0, 0x07,
    0xe0, 0x07, 0xe0, 0x07, 0xe0, 0x07, 0xe0, 0x07, 0xe0, 0x07, 0xe0, 0x07, 0xe0, 0x07, 0xe0, 0x07,
    0xe0, 0x07, 0xe0, 0x07, 0xe0, 0x07, 0xe0, 0x07, 0xe0, 0x07, 0xe0, 0x07, 0xe0, 0x07, 0xe0, 0x07,
    0xe0, 0x07, 0xe0, 0x07, 0xe0, 0x07, 0xe0, 0x07, 0xe0, 0x07, 0xe0, 0x07, 0xe0, 0x07, 0xe0, 0x07,
    0xe0, 0x07, 0xe0, 0x07, 0xe0, 0x07, 0xe0, 0x07, 0xe0, 0x07, 0xe0, 0x07, 0xe0, 0x07, 0xe0, 0x07,
    0xe0, 0x07, 0xe0, 0x07, 0xe0, 0x07, 0xe0, 0x07, 0xe0, 0x07, 0xe0, 0x07, 0xe0, 0x07, 0xe0, 0x07,
    0xe0, 0x07, 0xe0, 0x07, 0xe0, 0x07, 0xe0, 0x07, 0xe0, 0x07, 0xe0, 0x07, 0xe0, 0x07, 0xe0, 0x07,
    0xe0, 0x07, 0x41, 0x80, 0x41, 0x80, 0x41, 0x80, 0xc0, 0xc0, 0xc0, 0xc0, 0xc0, 0xc0, 0xc0, 0xc0,
    0xc0, 0xc0, 0x80, 0xe9, 0x80, 0xe9, 0x40, 0xfb, 0x40, 0xfb, 0x80, 0xe9, 0x80, 0xe9, 0xc0, 0xc0,
    0xc0, 0xc0, 0xc0, 0xc0, 0xc0, 0xc0, 0xc0, 0xc0, 0x41, 0x80, 0x41, 0x80, 0x02, 0x48, 0xe0, 0x07,
    0xe0, 0x07, 0xe0, 0x07, 0xe0, 0x07, 0xe0, 0x07, 0xe0, 0x07, 0xe0, 0x07, 0xe0, 0x07, 0xe0, 0x07,
    0xe0, 0x07, 0xe0, 0x07, 0xe0, 0x07, 0xe0, 0x07, 0xe0, 0x07, 0xe0, 0x07, 0xe0, 0x07, 0xe0, 0x07,
    0xe0, 0x07, 0xe0, 0x07, 0xe0, 0x07, 0xe0, 0x07, 0xe0, 0x07, 0xe0, 0x07, 0xe0, 0x07, 0xe0, 0x07,
    0xe0, 0x07, 0xe0, 0x07, 0xe0, 0x07, 0xe0, 0x07, 0xe0, 0x07, 0xe0, 0x07, 0xe0, 0x07, 0xe0, 0x07,
    0xe0, 0x07, 0xe0, 0x07, 0xe0, 0x07, 0xe0, 0x07, 0xe0, 0x07, 0xe0, 0x07, 0xe0, 0x07, 0xe0, 0x07,
    0xe0, 0x07, 0xe0, 0x07, 0xe0, 0x07, 0xe0, 0x07, 0xe0, 0x07, 0xe0, 0x07, 0xe0, 0x07, 0xe0, 0x07,
    0x02, 0x48, 0x41, 0x80, 0x41, 0x80, 0x41, 0x80, 0xc0, 0xc0, 0xc0, 0xc0, 0x80, 0xe9, 0xc0, 0xc0,
    0x22, 0xfd, 0x22, 0xfd, 0x09, 0xff, 0x09, 0xff, 0x09, 0xff, 0x09, 0xff, 0x09, 0xff, 0x22, 0xfd,
    0xc0, 0xc0, 0xc0, 0xc0, 0xc0, 0xc0, 0xc0, 0xc0, 0x41, 0x80, 0x41, 0x80, 0x02, 0x48, 0x02, 0x48,
    0xe0, 0x07, 0xe0, 0x07, 0xe0, 0x07, 0xe0, 0x07, 0xe0, 0x07, 0xe0, 0x07, 0xe0, 0x07, 0xe0, 0x07,
    0xe0, 0x07, 0xe0, 0x07, 0xe0, 0x07, 0xe0, 0x07, 0xe0, 0x07, 0xe0, 0x07, 0xe0, 0x07, 0xe0, 0x07,
    0xe0, 0x07, 0xe0, 0x07, 0xe0, 0x07, 0xe0, 0x07, 0xe0, 0x07, 0xe0, 0x07, 0xe0, 0x07, 0xe0, 0x07,
    0xe0, 0x07, 0xe0, 0x07, 0xe0, 0x07, 0xe0, 0x07, 0xe0, 0x07, 0xe0, 0x07, 0xe0, 0x07, 0xe0, 0x07,
    0xe0, 0x07, 0xe0, 0x07, 0xe0, 0x07, 0xe0, 0x07, 0xe0, 0x07, 0xe0, 0x07, 0xe0, 0x07, 0xe0, 0x07,
    0xe0, 0x07, 0xe0, 0x07, 0xe0, 0x07, 0xe0, 0x07, 0xe0, 0x07, 0xe0, 0x07, 0xe0, 0x07, 0xe0, 0x07,
    0x02, 0x48, 0x41, 0x80, 0x41, 0x80, 0x41, 0x80, 0xc0, 0xc0, 0xc0, 0xc0, 0xc0, 0xc0, 0x80, 0xe9,
    0x22, 0xfd, 0x22, 0xfd, 0x09, 0xff, 0x09, 0xff, 0x09, 0xff, 0x09, 0xff, 0x09, 0xff, 0x22, 0xfd,
    0xc0, 0xc0, 0xc0, 0xc0, 0xc0, 0xc0, 0x41, 0x80, 0xc0, 0xc0, 0x41, 0x80, 0x41, 0x80, 0x02, 0x48,
    0xe0, 0x07, 0xe0, 0x07, 0xe0, 0x07, 0xe0, 0x07, 0xe0, 0x07, 0xe0, 0x07, 0xe0, 0x07, 0xe0, 0x07,
    0xe0, 0x07, 0xe0, 0x07, 0xe0, 0x07, 0xe0, 0x07, 0xe0, 0x07, 0xe0, 0x07, 0xe0, 0x07, 0xe0, 0x07,
    0xe0, 0x07, 0xe0, 0x07, 0xe0, 0x07, 0xe0, 0x07, 0xe0, 0x07, 0xe0, 0x07, 0xe0, 0x07, 0xe0, 0x07,
    0xe0, 0x07, 0xe0, 0x07, 0xe0, 0x07, 0xe0, 0x07, 0xe0, 0x07, 0xe0, 0x07, 0xe0, 0x07, 0xe0, 0x07,
    0xe0, 0x07, 0xe0, 0x07, 0xe0, 0x07, 0xe0, 0x07, 0xe0, 0x07, 0xe0, 0x07, 0xe0, 0x07, 0xe0, 0x07,
    0xe0, 0x07, 0xe0, 0x07, 0xe0, 0x07, 0xe0, 0x07, 0xe0, 0x07, 0xe0, 0x07, 0xe0, 0x07, 0xe0, 0x07,
    0xe0, 0x07, 0x02, 0x48, 0x41, 0x80, 0x41, 0x80, 0xc0, 0xc0, 0xc0, 0xc0, 0xc0, 0xc0, 0x80, 0xe9,
    0x22, 0xfd, 0x09, 0xff, 0x09, 0xff, 0x09, 0xff, 0x09, 0xff, 0x09, 0xff, 0x09, 0xff, 0x22, 0xfd,
    0x80, 0xe9, 0xc0, 0xc0, 0xc0, 0xc0, 0x41, 0x80, 0x41, 0x80, 0x41, 0x80, 0x41, 0x80, 0x41, 0x80,
    0xe0, 0x07, 0xe0, 0x07, 0xe0, 0x07, 0xe0, 0x07, 0xe0, 0x07, 0xe0, 0x07, 0xe0, 0x07, 0xe0, 0x07,
    0xe0, 0x07, 0xe0, 0x07, 0xe0, 0x07, 0xe0, 0x07, 0xe0, 0x07, 0xe0, 0x07, 0xe0, 0x07, 0xe0, 0x07,
    0xe0, 0x07, 0xe0, 0x07, 0xe0, 0x07, 0xe0, 0x07, 0xe0, 0x07, 0xe0, 0x07, 0xe0, 0x07, 0xe0, 0x07,
    0xe0, 0x07, 0xe0, 0x07, 0xe0, 0x07, 0xe0, 0x07, 0xe0, 0x07, 0xe0, 0x07, 0xe0, 0x07, 0xe0, 0x07,
    0xe0, 0x07, 0xe0, 0x07, 0xe0, 0x07, 0xe0, 0x07, 0xe0, 0x07, 0xe0, 0x07, 0xe0, 0x07, 0xe0, 0x07,
    0xe0, 0x07, 0xe0, 0x07, 0xe0, 0x07, 0xe0, 0x07, 0xe0, 0x07, 0xe0, 0x07, 0xe0, 0x07, 0xe0, 0x07,
    0xe0, 0x07, 0x41, 0x80, 0x41, 0x80, 0x41, 0x80, 0xc0, 0xc0, 0xc0, 0xc0, 0xc0, 0xc0, 0x80, 0xe9,
    0x80, 0xe9, 0x09, 0xff, 0x22, 0xfd, 0x09, 0xff, 0x09, 0xff, 0x09, 0xff, 0x09, 0xff, 0x09, 0xff,
    0x09, 0xff, 0x22, 0xfd, 0xc0, 0xc0, 0xc0, 0xc0, 0x41, 0x80, 0x41, 0x80, 0x41, 0x80, 0x02, 0x48,
    0xe0, 0x07, 0xe0, 0x07, 0xe0, 0x07, 0xe0, 0x07, 0xe0, 0x07, 0xe0, 0x07, 0xe0, 0x07, 0xe0, 0x07,
    0xe0, 0x07, 0xe0, 0x07, 0xe0, 0x07, 0xe0, 0x07, 0xe0, 0x07, 0xe0, 0x07, 0xe0, 0x07, 0xe0, 0x07,
    0xe0, 0x07, 0xe0, 0x07, 0xe0, 0x07, 0xe0, 0x07, 0xe0, 0x07, 0xe0, 0x07, 0xe0, 0x07, 0xe0, 0x07,
    0xe0, 0x07, 0xe0, 0x07, 0xe0, 0x07, 0xe0, 0x07, 0xe0, 0x07, 0xe0, 0x07, 0xe0, 0x07, 0xe0, 0x07,
    0xe0, 0x07, 0xe0, 0x07, 0xe0, 0x07, 0xe0, 0x07, 0xe0, 0x07, 0xe0, 0x07, 0xe0, 0x07, 0xe0, 0x07,
    0xe0, 0x07, 0xe0, 0x07, 0xe0, 0x07, 0xe0, 0x07, 0xe0, 0x07, 0xe0, 0x07, 0xe0, 0x07, 0xe0, 0x07,
    0x02, 0x48, 0x41, 0x80, 0x41, 0x80, 0x41, 0x80, 0x41, 0x80, 0xc0, 0xc0, 0xc0, 0xc0, 0xc0, 0xc0,
    0x80, 0xe9, 0x80, 0xe9, 0x22, 0xfd, 0x09, 0xff, 0x09, 0xff, 0x09, 0xff, 0x09, 0xff, 0x09, 0xff,
    0x09, 0xff, 0x22, 0xfd, 0x22, 0xfd, 0x80, 0xe9, 0xc0, 0xc0, 0xc0, 0xc0, 0x41, 0x80, 0x41, 0x80,
    0x41, 0x80, 0xe0, 0x07, 0xe0, 0x07, 0xe0, 0x07, 0xe0, 0x07, 0xe0, 0x07, 0xe0, 0x07, 0xe0, 0x07,
    0xe0, 0x07, 0xe0, 0x07, 0xe0, 0x07, 0xe0, 0x07, 0xe0, 0x07, 0xe0, 0x07, 0xe0, 0x07, 0xe0, 0x07,
    0xe0, 0x07, 0xe0, 0x07, 0xe0, 0x07, 0xe0, 0x07, 0xe0, 0x07, 0xe0, 0x07, 0xe0, 0x07, 0xe0, 0x07,
    0xe0, 0x07, 0xe0, 0x07, 0xe0, 0x07, 0xe0, 0x07, 0xe0, 0x07, 0xe0, 0x07, 0xe0, 0x07, 0xe0, 0x07,
    0xe0, 0x07, 0xe0, 0x07, 0xe0, 0x07, 0xe0, 0x07, 0xe0, 0x07, 0xe0, 0x07, 0xe0, 0x07, 0xe0, 0x07,
    0xe0, 0x07, 0xe0, 0x07, 0xe0, 0x07, 0xe0, 0x07, 0xe0, 0x07, 0xe0, 0x07, 0xe0, 0x07, 0xe0, 0x07,
    0xe0, 0x07, 0xe0, 0x07, 0x41, 0x80, 0x41, 0x80, 0x41, 0x80, 0x41, 0x80, 0xc0, 0xc0, 0xc0, 0xc0,
    0xc0, 0xc0, 0xc0, 0xc0, 0x22, 0xfd, 0x22, 0xfd, 0x09, 0xff, 0x09, 0xff, 0x09, 0xff, 0x09, 0xff,
    0x09, 0xff, 0x09, 0xff, 0x09, 0xff, 0x22, 0xfd, 0x22, 0xfd, 0xc0, 0xc0, 0xc0, 0xc0, 0xc0, 0xc0,
    0x41, 0x80, 0x41, 0x80, 0x41, 0x80, 0xe0, 0x07, 0xe0, 0x07, 0xe0, 0x07, 0xe0, 0x07, 0xe0, 0x07,
    0xe0, 0x07, 0xe0, 0x07, 0xe0, 0x07, 0xe0, 0x07, 0xe0, 0x07, 0xe0, 0x07, 0xe0, 0x07, 0xe0, 0x07,
    0xe0, 0x07, 0xe0, 0x07, 0xe0, 0x07, 0xe0, 0x07, 0xe0, 0x07, 0xe0, 0x07, 0xe0, 0x07, 0xe0, 0x07,
    0xe0, 0x07, 0xe0, 0x07, 0xe0, 0x07, 0xe0, 0x07, 0xe0, 0x07, 0xe0, 0x07, 0xe0, 0x07, 0xe0, 0x07,
    0xe0, 0x07, 0xe0, 0x07, 0xe0, 0x07, 0xe0, 0x07, 0xe0, 0x07, 0xe0, 0x07, 0xe0, 0x07, 0xe0, 0x07,
    0xe0, 0x07, 0xe0, 0x07, 0xe0, 0x07, 0xe0, 0x07, 0xe0, 0x07, 0xe0, 0x07, 0xe0, 0x07, 0xe0, 0x07,
    0xe0, 0x07, 0xe0, 0x07, 0x41, 0x80, 0x41, 0x80, 0x41, 0x80, 0x41, 0x80, 0x41, 0x80, 0xc0, 0xc0,
    0xc0, 0xc0, 0x80, 0xe9, 0x22, 0xfd, 0x22, 0xfd, 0x09, 0xff, 0x09, 0xff, 0x09, 0xff, 0x09, 0xff,
    0x09, 0xff, 0x09, 0xff, 0x09, 0xff, 0x09, 0xff, 0x22, 0xfd, 0x80, 0xe9, 0xc0, 0xc0, 0xc0, 0xc0,
    0x41, 0x80, 0x41, 0x80, 0x41, 0x80, 0x02, 0x48, 0xe0, 0x07, 0xe0, 0x07, 0xe0, 0x07, 0xe0, 0x07,
    0xe0, 0x07, 0xe0, 0x07, 0xe0, 0x07, 0xe0, 0x07, 0xe0, 0x07, 0xe0, 0x07, 0xe0, 0x07, 0xe0, 0x07,
    0xe0, 0x07, 0xe0, 0x07, 0xe0, 0x07, 0xe0, 0x07, 0xe0, 0x07, 0xe0, 0x07, 0xe0, 0x07, 0xe0, 0x07,
    0xe0, 0x07, 0xe0, 0x07, 0xe0, 0x07, 0xe0, 0x07, 0xe0, 0x07, 0xe0, 0x07, 0xe0, 0x07, 0xe0, 0x07,
    0xe0, 0x07, 0xe0, 0x07, 0xe0, 0x07, 0xe0, 0x07, 0xe0, 0x07, 0xe0, 0x07, 0xe0, 0x07, 0xe0, 0x07,
    0xe0, 0x07, 0xe0, 0x07, 0xe0, 0x07, 0xe0, 0x07, 0xe0, 0x07, 0xe0, 0x07, 0xe0, 0x07, 0xe0, 0x07,
    0x02, 0x48, 0x41, 0x80, 0x41, 0x80, 0xc0, 0xc0, 0x41, 0x80, 0xc0, 0xc0, 0xc0, 0xc0, 0xc0, 0xc0,
    0xc0, 0xc0, 0x22, 0xfd, 0x22, 0xfd, 0x09, 0xff, 0x09, 0xff, 0x09, 0xff, 0x09, 0xff, 0x09, 0xff,
    0x09, 0xff, 0x09, 0xff, 0x09, 0xff, 0x09, 0xff, 0x80, 0xe9, 0x80, 0xe9, 0xc0, 0xc0, 0xc0, 0xc0,
    0xc0, 0xc0, 0x41, 0x80, 0x41, 0x80, 0xe0, 0x07, 0xe0, 0x07, 0xe0, 0x07, 0xe0, 0x07, 0xe0, 0x07,
    0xe0, 0x07, 0xe0, 0x07, 0xe0, 0x07, 0xe0, 0x07, 0xe0, 0x07, 0xe0, 0x07, 0xe0, 0x07, 0xe0, 0x07,
    0xe0, 0x07, 0xe0, 0x07, 0xe0, 0x07, 0xe0, 0x07, 0xe0, 0x07, 0xe0, 0x07, 0xe0, 0x07, 0xe0, 0x07,
    0xe0, 0x07, 0xe0, 0x07, 0xe0, 0x07, 0xe0, 0x07, 0xe0, 0x07, 0xe0, 0x07, 0xe0, 0x07, 0xe0, 0x07,
    0xe0, 0x07, 0xe0, 0x07, 0xe0, 0x07, 0xe0, 0x07, 0xe0, 0x07, 0xe0, 0x07, 0xe0, 0x07, 0xe0, 0x07,
    0xe0, 0x07, 0xe0, 0x07, 0xe0, 0x07, 0xe0, 0x07, 0xe0, 0x07, 0xe0, 0x07, 0x41, 0x80, 0x41, 0x80,
    0x41, 0x80, 0x41, 0x80, 0xc0, 0xc0, 0xc0, 0xc0, 0xc0, 0xc0, 0xc0, 0xc0, 0x80, 0xe9, 0x80, 0xe9,
    0x22, 0xfd, 0x09, 0xff, 0x09, 0xff, 0x09, 0xff, 0x09, 0xff, 0x09, 0xff, 0x09, 0xff, 0x09, 0xff,
    0x09, 0xff, 0x09, 0xff, 0x09, 0xff, 0x80, 0xe9, 0x80, 0xe9, 0x80, 0xe9, 0xc0, 0xc0, 0xc0, 0xc0,
    0xc0, 0xc0, 0x41, 0x80, 0x41, 0x80, 0xe0, 0x07, 0xe0, 0x07, 0xe0, 0x07, 0xe0, 0x07, 0xe0, 0x07,
    0xe0, 0x07, 0xe0, 0x07, 0xe0, 0x07, 0xe0, 0x07, 0xe0, 0x07, 0xe0, 0x07, 0xe0, 0x07, 0xe0, 0x07,
    0xe0, 0x07, 0xe0, 0x07, 0xe0, 0x07, 0xe0, 0x07, 0xe0, 0x07, 0xe0, 0x07, 0xe0, 0x07, 0xe0, 0x07,
    0xe0, 0x07, 0xe0, 0x07, 0xe0, 0x07, 0xe0, 0x07, 0xe0, 0x07, 0xe0, 0x07, 0xe0, 0x07, 0xe0, 0x07,
    0xe0, 0x07, 0xe0, 0x07, 0xe0, 0x07, 0xe0, 0x07, 0xe0, 0x07, 0xe0, 0x07, 0xe0, 0x07, 0xe0, 0x07,
    0xe0, 0x07, 0xe0, 0x07, 0xe0, 0x07, 0xe0, 0x07, 0xe0, 0x07, 0x41, 0x80, 0x41, 0x80, 0x41, 0x80,
    0xc0, 0xc0, 0xc0, 0xc0, 0x80, 0xe9, 0x80, 0xe9, 0x80, 0xe9, 0x22, 0xfd, 0x22, 0xfd, 0x09, 0xff,
    0x09, 0xff, 0x09, 0xff, 0x09, 0xff, 0x09, 0xff, 0x09, 0xff, 0x09, 0xff, 0x09, 0xff, 0x09, 0xff,
    0x22, 0xfd, 0x40, 0xfb, 0x80, 0xe9, 0x80, 0xe9, 0x80, 0xe9, 0xc0, 0xc0, 0xc0, 0xc0, 0xc0, 0xc0,
    0x41, 0x80, 0x41, 0x80, 0xe0, 0x07, 0xe0, 0x07, 0xe0, 0x07, 0xe0, 0x07, 0xe0, 0x07, 0xe0, 0x07,
    0xe0, 0x07, 0xe0, 0x07, 0xe0, 0x07, 0xe0, 0x07, 0xe0, 0x07, 0xe0, 0x07, 0xe0, 0x07, 0xe0, 0x07,
    0xe0, 0x07, 0xe0, 0x07, 0xe0, 0x07, 0xe0, 0x07, 0xe0, 0x07, 0xe0, 0x07, 0xe0, 0x07, 0xe0, 0x07,
    0xe0, 0x07, 0xe0, 0x07, 0xe0, 0x07, 0xe0, 0x07, 0xe0, 0x07, 0xe0, 0x07, 0xe0, 0x07, 0xe0, 0x07,
    0xe0, 0x07, 0xe0, 0x07, 0xe0, 0x07, 0xe0, 0x07, 0xe0, 0x07, 0xe0, 0x07, 0xe0, 0x07, 0xe0, 0x07,
    0xe0, 0x07, 0xe0, 0x07, 0x02, 0x48, 0x02, 0x48, 0x41, 0x80, 0x41, 0x80, 0xc0, 0xc0, 0xc0, 0xc0,
    0xc0, 0xc0, 0x80, 0xe9, 0x80, 0xe9, 0x80, 0xe9, 0x09, 0xff, 0x09, 0xff, 0x09, 0xff, 0x09, 0xff,
    0x09, 0xff, 0x09, 0xff, 0x09, 0xff, 0x09, 0xff, 0x09, 0xff, 0x09, 0xff, 0x09, 0xff, 0x22, 0xfd,
    0xc0, 0xc0, 0x80, 0xe9, 0x80, 0xe9, 0x80, 0xe9, 0xc0, 0xc0, 0xc0, 0xc0, 0xc0, 0xc0, 0x41, 0x80,
    0x41, 0x80, 0xe0, 0x07, 0xe0, 0x07, 0xe0, 0x07, 0xe0, 0x07, 0xe0, 0x07, 0xe0, 0x07, 0xe0, 0x07,
    0xe0, 0x07, 0xe0, 0x07, 0xe0, 0x07, 0xe0, 0x07, 0xe0, 0x07, 0xe0, 0x07, 0xe0, 0x07, 0xe0, 0x07,
    0xe0, 0x07, 0xe0, 0x07, 0xe0, 0x07, 0xe0, 0x07, 0xe0, 0x07, 0xe0, 0x07, 0xe0, 0x07, 0xe0, 0x07,
    0xe0, 0x07, 0xe0, 0x07, 0xe0, 0x07, 0xe0, 0x07, 0xe0, 0x07, 0xe0, 0x07, 0xe0, 0x07, 0xe0, 0x07,
    0xe0, 0x07, 0xe0, 0x07, 0xe0, 0x07, 0xe0, 0x07, 0xe0, 0x07, 0xe0, 0x07, 0xe0, 0x07, 0xe0, 0x07,
    0xe0, 0x07, 0x02, 0x48, 0x41, 0x80, 0x41, 0x80, 0x41, 0x80, 0x41, 0x80, 0xc0, 0xc0, 0x80, 0xe9,
    0x80, 0xe9, 0x80, 0xe9, 0x22, 0xfd, 0x09, 0xff, 0x09, 0xff, 0x09, 0xff, 0x09, 0xff, 0x09, 0xff,
    0x09, 0xff, 0x09, 0xff, 0x09, 0xff, 0x09, 0xff, 0x09, 0xff, 0x22, 0xfd, 0x22, 0xfd, 0x80, 0xe9,
    0x80, 0xe9, 0x80, 0xe9, 0xc0, 0xc0, 0xc0, 0xc0, 0xc0, 0xc0, 0xc0, 0xc0, 0x41, 0x80, 0x41, 0x80,
    0x41, 0x80, 0xe0, 0x07, 0xe0, 0x07, 0xe0, 0x07, 0xe0, 0x07, 0xe0, 0x07, 0xe0, 0x07, 0xe0, 0x07,
    0xe0, 0x07, 0xe0, 0x07, 0xe0, 0x07, 0xe0, 0x07, 0xe0, 0x07, 0xe0, 0x07, 0xe0, 0x07, 0xe0, 0x07,
    0xe0, 0x07, 0xe0, 0x07, 0xe0, 0x07, 0xe0, 0x07, 0xe0, 0x07, 0xe0, 0x07, 0xe0, 0x07, 0xe0, 0x07,
    0xe0, 0x07, 0xe0, 0x07, 0xe0, 0x07, 0xe0, 0x07, 0xe0, 0x07, 0xe0, 0x07, 0xe0, 0x07, 0xe0, 0x07,
    0xe0, 0x07, 0xe0, 0x07, 0xe0, 0x07, 0xe0, 0x07, 0xe0, 0x07, 0xe0, 0x07, 0xe0, 0x07, 0xe0, 0x07,
    0x02, 0x48, 0x02, 0x48, 0x41, 0x80, 0x41, 0x80, 0x41, 0x80, 0x41, 0x80, 0xc0, 0xc0, 0x80, 0xe9,
    0x80, 0xe9, 0x80, 0xe9, 0x22, 0xfd, 0x09, 0xff, 0x09, 0xff, 0x09, 0xff, 0x09, 0xff, 0x09, 0xff,
    0x09, 0xff, 0x09, 0xff, 0x09, 0xff, 0x09, 0xff, 0x09, 0xff, 0x09, 0xff, 0x22, 0xfd, 0x80, 0xe9,
    0x80, 0xe9, 0x80, 0xe9, 0x80, 0xe9, 0xc0, 0xc0, 0xc0, 0xc0, 0xc0, 0xc0, 0x41, 0x80, 0x41, 0x80,
    0x41, 0x80, 0xe0, 0x07, 0xe0, 0x07, 0xe0, 0x07, 0xe0, 0x07, 0xe0, 0x07, 0xe0, 0x07, 0xe0, 0x07,
    0xe0, 0x07, 0xe0, 0x07, 0xe0, 0x07, 0xe0, 0x07, 0xe0, 0x07, 0xe0, 0x07, 0xe0, 0x07, 0xe0, 0x07,
    0xe0, 0x07, 0xe0, 0x07, 0xe0, 0x07, 0xe0, 0x07, 0xe0, 0x07, 0xe0, 0x07, 0xe0, 0x07, 0xe0, 0x07,
    0xe0, 0x07, 0xe0, 0x07, 0xe0, 0x07, 0xe0, 0x07, 0xe0, 0x07, 0xe0, 0x07, 0xe0, 0x07, 0xe0, 0x07,
    0xe0, 0x07, 0xe0, 0x07, 0xe0, 0x07, 0xe0, 0x07, 0xe0, 0x07, 0xe0, 0x07, 0xe0, 0x07, 0xe0, 0x07,
    0xe0, 0x07, 0xe0, 0x07, 0x41, 0x80, 0x41, 0x80, 0x41, 0x80, 0xc0, 0xc0, 0xc0, 0xc0, 0x80, 0xe9,
    0x80, 0xe9, 0x80, 0xe9, 0x40, 0xfb, 0x09, 0xff, 0x09, 0xff, 0x09, 0xff, 0x09, 0xff, 0x09, 0xff,
    0x09, 0xff, 0x09, 0xff, 0x09, 0xff, 0x09, 0xff, 0x09, 0xff, 0x09, 0xff, 0x22, 0xfd, 0x22, 0xfd,
    0x80, 0xe9, 0x80, 0xe9, 0x80, 0xe9, 0xc0, 0xc0, 0xc0, 0xc0, 0xc0, 0xc0, 0xc0, 0xc0, 0x41, 0x80,
    0x41, 0x80, 0x02, 0x48, 0xe0, 0x07, 0xe0, 0x07, 0xe0, 0x07, 0xe0, 0x07, 0xe0, 0x07, 0xe0, 0x07,
    0xe0, 0x07, 0xe0, 0x07, 0xe0, 0x07, 0xe0, 0x07, 0xe0, 0x07, 0xe0, 0x07, 0xe0, 0x07, 0xe0, 0x07,
    0xe0, 0x07, 0xe0, 0x07, 0xe0, 0x07, 0xe0, 0x07, 0xe0, 0x07, 0xe0, 0x07, 0xe0, 0x07, 0xe0, 0x07,
    0xe0, 0x07, 0xe0, 0x07, 0xe0, 0x07, 0xe0, 0x07, 0xe0, 0x07, 0xe0, 0x07, 0xe0, 0x07, 0xe0, 0x07,
    0xe0, 0x07, 0xe0, 0x07, 0xe0, 0x07, 0xe0, 0x07, 0xe0, 0x07, 0xe0, 0x07, 0xe0, 0x07, 0xe0, 0x07,
    0xe0, 0x07, 0xe0, 0x07, 0x02, 0x48, 0x41, 0x80, 0x41, 0x80, 0x41, 0x80, 0xc0, 0xc0, 0xc0, 0xc0,
    0x80, 0xe9, 0x80, 0xe9, 0x80, 0xe9, 0x80, 0xe9, 0x09, 0xff, 0x09, 0xff, 0x09, 0xff, 0x09, 0xff,
    0x09, 0xff, 0x09, 0xff, 0x09, 0xff, 0x09, 0xff, 0x09, 0xff, 0x09, 0xff, 0x09, 0xff, 0x22, 0xfd,
    0x22, 0xfd, 0x80, 0xe9, 0x80, 0xe9, 0x80, 0xe9, 0x80, 0xe9, 0xc0, 0xc0, 0xc0, 0xc0, 0xc0, 0xc0,
    0xc0, 0xc0, 0x41, 0x80, 0xe0, 0x07, 0xe0, 0x07, 0xe0, 0x07, 0xe0, 0x07, 0xe0, 0x07, 0xe0, 0x07,
    0xe0, 0x07, 0xe0, 0x07, 0xe0, 0x07, 0xe0, 0x07, 0xe0, 0x07, 0xe0, 0x07, 0xe0, 0x07, 0xe0, 0x07,
    0xe0, 0x07, 0xe0, 0x07, 0xe0, 0x07, 0xe0, 0x07, 0xe0, 0x07, 0xe0, 0x07, 0xe0, 0x07, 0xe0, 0x07,
    0xe0, 0x07, 0xe0, 0x07, 0xe0, 0x07, 0xe0, 0x07, 0xe0, 0x07, 0xe0, 0x07, 0xe0, 0x07, 0xe0, 0x07,
    0xe0, 0x07, 0xe0, 0x07, 0xe0, 0x07, 0xe0, 0x07, 0xe0, 0x07, 0xe0, 0x07, 0xe0, 0x07, 0xe0, 0x07,
    0xe0, 0x07, 0xe0, 0x07, 0xe0, 0x07, 0x02, 0x48, 0x41, 0x80, 0x41, 0x80, 0xc0, 0xc0, 0xc0, 0xc0,
    0xc0, 0xc0, 0x80, 0xe9, 0x80, 0xe9, 0x80, 0xe9, 0x22, 0xfd, 0x09, 0xff, 0x09, 0xff, 0x09, 0xff,
    0x09, 0xff, 0x09, 0xff, 0x09, 0xff, 0x09, 0xff, 0x09, 0xff, 0x09, 0xff, 0x09, 0xff, 0x09, 0xff,
    0x09, 0xff, 0x09, 0xff, 0x80, 0xe9, 0x80, 0xe9, 0x80, 0xe9, 0x80, 0xe9, 0xc0, 0xc0, 0xc0, 0xc0,
    0xc0, 0xc0, 0x41, 0x80, 0x41, 0x80, 0x02, 0x48, 0xe0, 0x07, 0xe0, 0x07, 0xe0, 0x07, 0xe0, 0x07,
    0xe0, 0x07, 0xe0, 0x07, 0xe0, 0x07, 0xe0, 0x07, 0xe0, 0x07, 0xe0, 0x07, 0xe0, 0x07, 0xe0, 0x07,
    0xe0, 0x07, 0xe0, 0x07, 0xe0, 0x07, 0xe0, 0x07, 0xe0, 0x07, 0xe0, 0x07, 0xe0, 0x07, 0xe0, 0x07,
    0xe0, 0x07, 0xe0, 0x07, 0xe0, 0x07, 0xe0, 0x07, 0xe0, 0x07, 0xe0, 0x07, 0xe0, 0x07, 0xe0, 0x07,
    0xe0, 0x07, 0xe0, 0x07, 0xe0, 0x07, 0xe0, 0x07, 0xe0, 0x07, 0xe0, 0x07, 0xe0, 0x07, 0xe0, 0x07,
    0xe0, 0x07, 0xe0, 0x07, 0xe0, 0x07, 0x41, 0x80, 0x41, 0x80, 0x41, 0x80, 0xc0, 0xc0, 0xc0, 0xc0,
    0x80, 0xe9, 0x80, 0xe9, 0x80, 0xe9, 0x80, 0xe9, 0x80, 0xe9, 0x09, 0xff, 0x09, 0xff, 0x09, 0xff,
    0x09, 0xff, 0x09, 0xff, 0x09, 0xff, 0x09, 0xff, 0x09, 0xff, 0x09, 0xff, 0x09, 0xff, 0x09, 0xff,
    0x09, 0xff, 0x09, 0xff, 0x40, 0xfb, 0x80, 0xe9, 0x80, 0xe9, 0x80, 0xe9, 0xc0, 0xc0, 0xc0, 0xc0,
    0xc0, 0xc0, 0x41, 0x80, 0x41, 0x80, 0x02, 0x48, 0x02, 0x48, 0xe0, 0x07, 0xe0, 0x07, 0xe0, 0x07,
    0xe0, 0x07, 0xe0, 0x07, 0xe0, 0x07, 0xe0, 0x07, 0xe0, 0x07, 0xe0, 0x07, 0xe0, 0x07, 0xe0, 0x07,
    0xe0, 0x07, 0xe0, 0x07, 0xe0, 0x07, 0xe0, 0x07, 0xe0, 0x07, 0xe0, 0x07, 0xe0, 0x07, 0xe0, 0x07,
    0xe0, 0x07, 0xe0, 0x07, 0xe0, 0x07, 0xe0, 0x07, 0xe0, 0x07, 0xe0, 0x07, 0xe0, 0x07, 0xe0, 0x07,
    0xe0, 0x07, 0xe0, 0x07, 0xe0, 0x07, 0xe0, 0x07, 0xe0, 0x07, 0xe0, 0x07, 0xe0, 0x07, 0xe0, 0x07,
    0xe0, 0x07, 0xe0, 0x07, 0x02, 0x48, 0x41, 0x80, 0x41, 0x80, 0xc0, 0xc0, 0xc0, 0xc0, 0xc0, 0xc0,
    0xc0, 0xc0, 0x80, 0xe9, 0x80, 0xe9, 0x80, 0xe9, 0x40, 0xfb, 0x22, 0xfd, 0x09, 0xff, 0x09, 0xff,
    0x09, 0xff, 0x09, 0xff, 0x09, 0xff, 0x09, 0xff, 0x09, 0xff, 0x09, 0xff, 0x09, 0xff, 0x09, 0xff,
    0x09, 0xff, 0x09, 0xff, 0x22, 0xfd, 0x80, 0xe9, 0x80, 0xe9, 0x80, 0xe9, 0x80, 0xe9, 0xc0, 0xc0,
    0xc0, 0xc0, 0xc0, 0xc0, 0x41, 0x80, 0x41, 0x80, 0x02, 0x48, 0xe0, 0x07, 0xe0, 0x07, 0xe0, 0x07,
    0xe0, 0x07, 0xe0, 0x07, 0xe0, 0x07, 0xe0, 0x07, 0xe0, 0x07, 0xe0, 0x07, 0xe0, 0x07, 0xe0, 0x07,
    0xe0, 0x07, 0xe0, 0x07, 0xe0, 0x07, 0xe0, 0x07, 0xe0, 0x07, 0xe0, 0x07, 0xe0, 0x07, 0xe0, 0x07,
    0xe0, 0x07, 0xe0, 0x07, 0xe0, 0x07, 0xe0, 0x07, 0xe0, 0x07, 0xe0, 0x07, 0xe0, 0x07, 0xe0, 0x07,
    0xe0, 0x07, 0xe0, 0x07, 0xe0, 0x07, 0xe0, 0x07, 0xe0, 0x07, 0xe0, 0x07, 0xe0, 0x07, 0xe0, 0x07,
    0xe0, 0x07, 0xe0, 0x07, 0x02, 0x48, 0x41, 0x80, 0x41, 0x80, 0xc0, 0xc0, 0xc0, 0xc0, 0xc0, 0xc0,
    0xc0, 0xc0, 0x80, 0xe9, 0x80, 0xe9, 0x80, 0xe9, 0x09, 0xff, 0x22, 0xfd, 0x09, 0xff, 0x09, 0xff,
    0x09, 0xff, 0x09, 0xff, 0x09, 0xff, 0x09, 0xff, 0x09, 0xff, 0x09, 0xff, 0x09, 0xff, 0x09, 0xff,
    0x09, 0xff, 0x22, 0xfd, 0x22, 0xfd, 0x40, 0xfb, 0x80, 0xe9, 0x80, 0xe9, 0x80, 0xe9, 0xc0, 0xc0,
    0xc0, 0xc0, 0xc0, 0xc0, 0x41, 0x80, 0x41, 0x80, 0x02, 0x48, 0x02, 0x48, 0xe0, 0x07, 0xe0, 0x07,
    0xe0, 0x07, 0xe0, 0x07, 0xe0, 0x07, 0xe0, 0x07, 0xe0, 0x07, 0xe0, 0x07, 0xe0, 0x07, 0xe0, 0x07,
    0xe0, 0x07, 0xe0, 0x07, 0xe0, 0x07, 0xe0, 0x07, 0xe0, 0x07, 0xe0, 0x07, 0xe0, 0x07, 0xe0, 0x07,
    0xe0, 0x07, 0xe0, 0x07, 0xe0, 0x07, 0xe0, 0x07, 0xe0, 0x07, 0xe0, 0x07, 0xe0, 0x07, 0xe0, 0x07,
    0xe0, 0x07, 0xe0, 0x07, 0xe0, 0x07, 0xe0, 0x07, 0xe0, 0x07, 0xe0, 0x07, 0xe0, 0x07, 0xe0, 0x07,
    0xe0, 0x07, 0xe0, 0x07, 0x02, 0x48, 0x41, 0x80, 0xc0, 0xc0, 0xc0, 0xc0, 0xc0, 0xc0, 0xc0, 0xc0,
    0xc0, 0xc0, 0x80, 0xe9, 0x80, 0xe9, 0x80, 0xe9, 0x80, 0xe9, 0x22, 0xfd, 0x09, 0xff, 0x09, 0xff,
    0x09, 0xff, 0x09, 0xff, 0x09, 0xff, 0x09, 0xff, 0x09, 0xff, 0x09, 0xff, 0x09, 0xff, 0x09, 0xff,
    0x09, 0xff, 0x22, 0xfd, 0x09, 0xff, 0x40, 0xfb, 0x80, 0xe9, 0x80, 0xe9, 0x80, 0xe9, 0xc0, 0xc0,
    0xc0, 0xc0, 0xc0, 0xc0, 0xc0, 0xc0, 0x41, 0x80, 0x02, 0x48, 0x02, 0x48, 0xe0, 0x07, 0xe0, 0x07,
    0xe0, 0x07, 0xe0, 0x07, 0xe0, 0x07, 0xe0, 0x07, 0xe0, 0x07, 0xe0, 0x07, 0xe0, 0x07, 0xe0, 0x07,
    0xe0, 0x07, 0xe0, 0x07, 0xe0, 0x07, 0xe0, 0x07, 0xe0, 0x07, 0xe0, 0x07, 0xe0, 0x07, 0xe0, 0x07,
    0xe0, 0x07, 0xe0, 0x07, 0xe0, 0x07, 0xe0, 0x07, 0xe0, 0x07, 0xe0, 0x07, 0xe0, 0x07, 0xe0, 0x07,
    0xe0, 0x07, 0xe0, 0x07, 0xe0, 0x07, 0xe0, 0x07, 0xe0, 0x07, 0xe0, 0x07, 0xe0, 0x07, 0xe0, 0x07,
    0xe0, 0x07, 0xe0, 0x07, 0xe0, 0x07, 0x41, 0x80, 0x41, 0x80, 0xc0, 0xc0, 0xc0, 0xc0, 0xc0, 0xc0,
    0x80, 0xe9, 0x80, 0xe9, 0x80, 0xe9, 0x80, 0xe9, 0x80, 0xe9, 0x22, 0xfd, 0x22, 0xfd, 0x09, 0xff,
    0x09, 0xff, 0x09, 0xff, 0x09, 0xff, 0x09, 0xff, 0x09, 0xff, 0x09, 0xff, 0x09, 0xff, 0x09, 0xff,
    0x09, 0xff, 0x09, 0xff, 0x09, 0xff, 0x09, 0xff, 0x40, 0xfb, 0x80, 0xe9, 0x80, 0xe9, 0x80, 0xe9,
    0x80, 0xe9, 0x80, 0xe9, 0xc0, 0xc0, 0x41, 0x80, 0x41, 0x80, 0x41, 0x80, 0xe0, 0x07, 0xe0, 0x07,
    0xe0, 0x07, 0xe0, 0x07, 0xe0, 0x07, 0xe0, 0x07, 0xe0, 0x07, 0xe0, 0x07, 0xe0, 0x07, 0xe0, 0x07,
    0xe0, 0x07, 0xe0, 0x07, 0xe0, 0x07, 0xe0, 0x07, 0xe0, 0x07, 0xe0, 0x07, 0xe0, 0x07, 0xe0, 0x07,
    0xe0, 0x07, 0xe0, 0x07, 0xe0, 0x07, 0xe0, 0x07, 0xe0, 0x07, 0xe0, 0x07, 0xe0, 0x07, 0xe0, 0x07,
    0xe0, 0x07, 0xe0, 0x07, 0xe0, 0x07, 0xe0, 0x07, 0xe0, 0x07, 0xe0, 0x07, 0xe0, 0x07, 0xe0, 0x07,
    0xe0, 0x07, 0xe0, 0x07, 0xe0, 0x07, 0x41, 0x80, 0x41, 0x80, 0xc0, 0xc0, 0xc0, 0xc0, 0xc0, 0xc0,
    0xc0, 0xc0, 0xc0, 0xc0, 0x80, 0xe9, 0xc0, 0xc0, 0x80, 0xe9, 0x80, 0xe9, 0x22, 0xfd, 0x22, 0xfd,
    0x09, 0xff, 0x09, 0xff, 0x09, 0xff, 0x09, 0xff, 0x09, 0xff, 0x09, 0xff, 0x09, 0xff, 0x09, 0xff,
    0x09, 0xff, 0x09, 0xff, 0x09, 0xff, 0x22, 0xfd, 0x09, 0xff, 0x22, 0xfd, 0x40, 0xfb, 0x80, 0xe9,
    0x80, 0xe9, 0x80, 0xe9, 0xc0, 0xc0, 0xc0, 0xc0, 0x41, 0x80, 0x41, 0x80, 0x41, 0x80, 0x02, 0x48,
    0x02, 0x48, 0xe0, 0x07, 0xe0, 0x07, 0xe0, 0x07, 0xe0, 0x07, 0xe0, 0x07, 0xe0, 0x07, 0xe0, 0x07,
    0xe0, 0x07, 0xe0, 0x07, 0xe0, 0x07, 0xe0, 0x07, 0xe0, 0x07, 0xe0, 0x07, 0xe0, 0x07, 0xe0, 0x07,
    0xe0, 0x07, 0xe0, 0x07, 0xe0, 0x07, 0xe0, 0x07, 0xe0, 0x07, 0xe0, 0x07, 0xe0, 0x07, 0xe0, 0x07,
    0xe0, 0x07, 0xe0, 0x07, 0xe0, 0x07, 0xe0, 0x07, 0xe0, 0x07, 0xe0, 0x07, 0xe0, 0x07, 0xe0, 0x07,
    0xe0, 0x07, 0xe0, 0x07, 0x41, 0x80, 0x41, 0x80, 0x41, 0x80, 0x41, 0x80, 0x41, 0x80, 0xc0, 0xc0,
    0xc0, 0xc0, 0xc0, 0xc0, 0xc0, 0xc0, 0xc0, 0xc0, 0xc0, 0xc0, 0xc0, 0xc0, 0x80, 0xe9, 0x22, 0xfd,
    0x22, 0xfd, 0x09, 0xff, 0x09, 0xff, 0x09, 0xff, 0x09, 0xff, 0x09, 0xff, 0x09, 0xff, 0x09, 0xff,
    0x09, 0xff, 0x09, 0xff, 0x09, 0xff, 0x09, 0xff, 0x09, 0xff, 0x09, 0xff, 0x09, 0xff, 0x80, 0xe9,
    0x80, 0xe9, 0x80, 0xe9, 0x80, 0xe9, 0x80, 0xe9, 0xc0, 0xc0, 0xc0, 0xc0, 0x41, 0x80, 0x41, 0x80,
    0x41, 0x80, 0x02, 0x48, 0x02, 0x48, 0xe0, 0x07, 0xe0, 0x07, 0xe0, 0x07, 0xe0, 0x07, 0xe0, 0x07,
    0xe0, 0x07, 0xe0, 0x07, 0xe0, 0x07, 0xe0, 0x07, 0xe0, 0x07, 0xe0, 0x07, 0xe0, 0x07, 0xe0, 0x07,
    0xe0, 0x07, 0xe0, 0x07, 0xe0, 0x07, 0xe0, 0x07, 0xe0, 0x07, 0xe0, 0x07, 0xe0, 0x07, 0xe0, 0x07,
    0xe0, 0x07, 0xe0, 0x07, 0xe0, 0x07, 0xe0, 0x07, 0xe0, 0x07, 0xe0, 0x07, 0xe0, 0x07, 0xe0, 0x07,
    0xe0, 0x07, 0x02, 0x48, 0x02, 0x48, 0x41, 0x80, 0x41, 0x80, 0x41, 0x80, 0xc0, 0xc0, 0xc0, 0xc0,
    0xc0, 0xc0, 0x41, 0x80, 0x41, 0x80, 0xc0, 0xc0, 0xc0, 0xc0, 0xc0, 0xc0, 0x80, 0xe9, 0x80, 0xe9,
    0x22, 0xfd, 0x22, 0xfd, 0x09, 0xff, 0x09, 0xff, 0x09, 0xff, 0x09, 0xff, 0x09, 0xff, 0x09, 0xff,
    0x09, 0xff, 0x09, 0xff, 0x09, 0xff, 0x09, 0xff, 0x09, 0xff, 0x09, 0xff, 0x09, 0xff, 0x09, 0xff,
    0x40, 0xfb, 0x80, 0xe9, 0x80, 0xe9, 0x80, 0xe9, 0xc0, 0xc0, 0xc0, 0xc0, 0x41, 0x80, 0x41, 0x80,
    0x41, 0x80, 0x02, 0x48, 0x02, 0x48, 0xe0, 0x07, 0xe0, 0x07, 0xe0, 0x07, 0xe0, 0x07, 0xe0, 0x07,
    0xe0, 0x07, 0xe0, 0x07, 0xe0, 0x07, 0xe0, 0x07, 0xe0, 0x07, 0xe0, 0x07, 0xe0, 0x07, 0xe0, 0x07,
    0xe0, 0x07, 0xe0, 0x07, 0xe0, 0x07, 0xe0, 0x07, 0xe0, 0x07, 0xe0, 0x07, 0xe0, 0x07, 0xe0, 0x07,
    0xe0, 0x07, 0xe0, 0x07, 0xe0, 0x07, 0xe0, 0x07, 0xe0, 0x07, 0xe0, 0x07, 0xe0, 0x07, 0xe0, 0x07,
    0xe0, 0x07, 0x02, 0x48, 0x02, 0x48, 0x41, 0x80, 0x41, 0x80, 0x41, 0x80, 0xc0, 0xc0, 0xc0, 0xc0,
    0xc0, 0xc0, 0x41, 0x80, 0xc0, 0xc0, 0xc0, 0xc0, 0xc0, 0xc0, 0x80, 0xe9, 0x80, 0xe9, 0x80, 0xe9,
    0x22, 0xfd, 0x22, 0xfd, 0x09, 0xff, 0x09, 0xff, 0x09, 0xff, 0x09, 0xff, 0x09, 0xff, 0x09, 0xff,
    0x09, 0xff, 0x09, 0xff, 0x09, 0xff, 0x09, 0xff, 0x09, 0xff, 0x09, 0xff, 0x09, 0xff, 0x09, 0xff,
    0x80, 0xe9, 0x40, 0xfb, 0x80, 0xe9, 0x80, 0xe9, 0x80, 0xe9, 0xc0, 0xc0, 0xc0, 0xc0, 0x41, 0x80,
    0x41, 0x80, 0x41, 0x80, 0x02, 0x48, 0xe0, 0x07, 0xe0, 0x07, 0xe0, 0x07, 0xe0, 0x07, 0xe0, 0x07,
    0xe0, 0x07, 0xe0, 0x07, 0xe0, 0x07, 0xe0, 0x07, 0xe0, 0x07, 0xe0, 0x07, 0xe0, 0x07, 0xe0, 0x07,
    0xe0, 0x07, 0xe0, 0x07, 0xe0, 0x07, 0xe0, 0x07, 0xe0, 0x07, 0xe0, 0x07, 0xe0, 0x07, 0xe0, 0x07,
    0xe0, 0x07, 0xe0, 0x07, 0xe0, 0x07, 0xe0, 0x07, 0xe0, 0x07, 0xe0, 0x07, 0xe0, 0x07, 0xe0, 0x07,
    0xe0, 0x07, 0x41, 0x80, 0x41, 0x80, 0x41, 0x80, 0x41, 0x80, 0xc0, 0xc0, 0xc0, 0xc0, 0xc0, 0xc0,
    0xc0, 0xc0, 0xc0, 0xc0, 0xc0, 0xc0, 0xc0, 0xc0, 0x80, 0xe9, 0x80, 0xe9, 0x80, 0xe9, 0x22, 0xfd,
    0x09, 0xff, 0x09, 0xff, 0x09, 0xff, 0x09, 0xff, 0x09, 0xff, 0x09, 0xff, 0x09, 0xff, 0x09, 0xff,
    0x09, 0xff, 0x09, 0xff, 0x09, 0xff, 0x09, 0xff, 0x09, 0xff, 0x22, 0xfd, 0x09, 0xff, 0x40, 0xfb,
    0x80, 0xe9, 0x80, 0xe9, 0x80, 0xe9, 0x80, 0xe9, 0xc0, 0xc0, 0xc0, 0xc0, 0x41, 0x80, 0x41, 0x80,
    0x41, 0x80, 0x02, 0x48, 0xe0, 0x07, 0xe0, 0x07, 0xe0, 0x07, 0xe0, 0x07, 0xe0, 0x07, 0xe0, 0x07,
    0xe0, 0x07, 0xe0, 0x07, 0xe0, 0x07, 0xe0, 0x07, 0xe0, 0x07, 0xe0, 0x07, 0xe0, 0x07, 0xe0, 0x07,
    0xe0, 0x07, 0xe0, 0x07, 0xe0, 0x07, 0xe0, 0x07, 0xe0, 0x07, 0xe0, 0x07, 0xe0, 0x07, 0xe0, 0x07,
    0xe0, 0x07, 0xe0, 0x07, 0xe0, 0x07, 0xe0, 0x07, 0xe0, 0x07, 0xe0, 0x07, 0xe0, 0x07, 0xe0, 0x07,
    0x41, 0x80, 0x41, 0x80, 0x41, 0x80, 0x41, 0x80, 0xc0, 0xc0, 0xc0, 0xc0, 0x80, 0xe9, 0x80, 0xe9,
    0xc0, 0xc0, 0xc0, 0xc0, 0xc0, 0xc0, 0xc0, 0xc0, 0x22, 0xfd, 0x22, 0xfd, 0x09, 0xff, 0x09, 0xff,
    0x09, 0xff, 0x09, 0xff, 0x09, 0xff, 0x09, 0xff, 0x09, 0xff, 0x09, 0xff, 0x09, 0xff, 0x09, 0xff,
    0x09, 0xff, 0x09, 0xff, 0x09, 0xff, 0x22, 0xfd, 0x22, 0xfd, 0x80, 0xe9, 0x80, 0xe9, 0x80, 0xe9,
    0x80, 0xe9, 0x80, 0xe9, 0xc0, 0xc0, 0xc0, 0xc0, 0xc0, 0xc0, 0xc0, 0xc0, 0xc0, 0xc0, 0x02, 0x48,
    0x02, 0x48, 0xe0, 0x07, 0xe0, 0x07, 0xe0, 0x07, 0xe0, 0x07, 0xe0, 0x07, 0xe0, 0x07, 0xe0, 0x07,
    0xe0, 0x07, 0xe0, 0x07, 0xe0, 0x07, 0xe0, 0x07, 0xe0, 0x07, 0xe0, 0x07, 0xe0, 0x07, 0xe0, 0x07,
    0xe0, 0x07, 0xe0, 0x07, 0xe0, 0x07, 0xe0, 0x07, 0xe0, 0x07, 0xe0, 0x07, 0xe0, 0x07, 0xe0, 0x07,
    0xe0, 0x07, 0xe0, 0x07, 0xe0, 0x07, 0xe0, 0x07, 0xe0, 0x07, 0xe0, 0x07, 0x02, 0x48, 0x02, 0x48,
    0x41, 0x80, 0xc0, 0xc0, 0xc0, 0xc0, 0xc0, 0xc0, 0xc0, 0xc0, 0xc0, 0xc0, 0x80, 0xe9, 0x80, 0xe9,
    0x80, 0xe9, 0x80, 0xe9, 0x80, 0xe9, 0x22, 0xfd, 0x09, 0xff, 0x09, 0xff, 0x09, 0xff, 0x09, 0xff,
    0x09, 0xff, 0x09, 0xff, 0x09, 0xff, 0x09, 0xff, 0x09, 0xff, 0x09, 0xff, 0x09, 0xff, 0x09, 0xff,
    0x09, 0xff, 0x22, 0xfd, 0x22, 0xfd, 0x80, 0xe9, 0xc0, 0xc0, 0xc0, 0xc0, 0x80, 0xe9, 0x80, 0xe9,
    0x80, 0xe9, 0xc0, 0xc0, 0xc0, 0xc0, 0xc0, 0xc0, 0xc0, 0xc0, 0xc0, 0xc0, 0x41, 0x80, 0x02, 0x48,
    0xe0, 0x07, 0xe0, 0x07, 0xe0, 0x07, 0xe0, 0x07, 0xe0, 0x07, 0xe0, 0x07, 0xe0, 0x07, 0xe0, 0x07,
    0xe0, 0x07, 0xe0, 0x07, 0xe0, 0x07, 0xe0, 0x07, 0xe0, 0x07, 0xe0, 0x07, 0xe0, 0x07, 0xe0, 0x07,
    0xe0, 0x07, 0xe0, 0x07, 0xe0, 0x07, 0xe0, 0x07, 0xe0, 0x07, 0xe0, 0x07, 0xe0, 0x07, 0xe0, 0x07,
    0xe0, 0x07, 0xe0, 0x07, 0xe0, 0x07, 0xe0, 0x07, 0xe0, 0x07, 0x41, 0x80, 0x41, 0x80, 0x41, 0x80,
    0xc0, 0xc0, 0xc0, 0xc0, 0xc0, 0xc0, 0x80, 0xe9, 0x80, 0xe9, 0x80, 0xe9, 0x80, 0xe9, 0x80, 0xe9,
    0x80, 0xe9, 0x22, 0xfd, 0x09, 0xff, 0x09, 0xff, 0x09, 0xff, 0x09, 0xff, 0x09, 0xff, 0x09, 0xff,
    0x09, 0xff, 0x09, 0xff, 0x09, 0xff, 0x09, 0xff, 0x09, 0xff, 0x09, 0xff, 0x09, 0xff, 0x09, 0xff,
    0x22, 0xfd, 0x22, 0xfd, 0x80, 0xe9, 0xc0, 0xc0, 0xc0, 0xc0, 0xc0, 0xc0, 0x80, 0xe9, 0x80, 0xe9,
    0xc0, 0xc0, 0xc0, 0xc0, 0xc0, 0xc0, 0xc0, 0xc0, 0xc0, 0xc0, 0x41, 0x80, 0x41, 0x80, 0xe0, 0x07,
    0xe0, 0x07, 0xe0, 0x07, 0xe0, 0x07, 0xe0, 0x07, 0xe0, 0x07, 0xe0, 0x07, 0xe0, 0x07, 0xe0, 0x07,
    0xe0, 0x07, 0xe0, 0x07, 0xe0, 0x07, 0xe0, 0x07, 0xe0, 0x07, 0xe0, 0x07, 0xe0, 0x07, 0xe0, 0x07,
    0xe0, 0x07, 0xe0, 0x07, 0xe0, 0x07, 0xe0, 0x07, 0xe0, 0x07, 0xe0, 0x07, 0xe0, 0x07, 0xe0, 0x07,
    0xe0, 0x07, 0xe0, 0x07, 0xe0, 0x07, 0xe0, 0x07, 0xe0, 0x07, 0x41, 0x80, 0x41, 0x80, 0x41, 0x80,
    0x41, 0x80, 0xc0, 0xc0, 0x80, 0xe9, 0x80, 0xe9, 0x80, 0xe9, 0x80, 0xe9, 0x80, 0xe9, 0x40, 0xfb,
    0x09, 0xff, 0x22, 0xfd, 0x09, 0xff, 0x09, 0xff, 0x09, 0xff, 0x09, 0xff, 0x09, 0xff, 0x09, 0xff,
    0x09, 0xff, 0x09, 0xff, 0x09, 0xff, 0x09, 0xff, 0x09, 0xff, 0x09, 0xff, 0x09, 0xff, 0x22, 0xfd,
    0x22, 0xfd, 0x22, 0xfd, 0x80, 0xe9, 0x80, 0xe9, 0xc0, 0xc0, 0xc0, 0xc0, 0x80, 0xe9, 0xc0, 0xc0,
    0xc0, 0xc0, 0xc0, 0xc0, 0xc0, 0xc0, 0xc0, 0xc0, 0x41, 0x80, 0x41, 0x80, 0xe0, 0x07, 0xe0, 0x07,
    0xe0, 0x07, 0xe0, 0x07, 0xe0, 0x07, 0xe0, 0x07, 0xe0, 0x07, 0xe0, 0x07, 0xe0, 0x07, 0xe0, 0x07,
    0xe0, 0x07, 0xe0, 0x07, 0xe0, 0x07, 0xe0, 0x07, 0xe0, 0x07, 0xe0, 0x07, 0xe0, 0x07, 0xe0, 0x07,
    0xe0, 0x07, 0xe0, 0x07, 0xe0, 0x07, 0xe0, 0x07, 0xe0, 0x07, 0xe0, 0x07, 0xe0, 0x07, 0xe0, 0x07,
    0xe0, 0x07, 0xe0, 0x07, 0xe0, 0x07, 0xe0, 0x07, 0x41, 0x80, 0x41, 0x80, 0x41, 0x80, 0x41, 0x80,
    0x41, 0x80, 0x80, 0xe9, 0x80, 0xe9, 0x80, 0xe9, 0x80, 0xe9, 0x80, 0xe9, 0x40, 0xfb, 0x40, 0xfb,
    0x09, 0xff, 0x22, 0xfd, 0x09, 0xff, 0x09, 0xff, 0x09, 0xff, 0x09, 0xff, 0x09, 0xff, 0x09, 0xff,
    0x09, 0xff, 0x09, 0xff, 0x09, 0xff, 0x09, 0xff, 0x09, 0xff, 0x09, 0xff, 0x09, 0xff, 0x22, 0xfd,
    0x22, 0xfd, 0x22, 0xfd, 0x80, 0xe9, 0x80, 0xe9, 0xc0, 0xc0, 0x80, 0xe9, 0x80, 0xe9, 0xc0, 0xc0,
    0x80, 0xe9, 0xc0, 0xc0, 0xc0, 0xc0, 0xc0, 0xc0, 0x41, 0x80, 0xc0, 0xc0, 0xe0, 0x07, 0xe0, 0x07,
    0xe0, 0x07, 0xe0, 0x07, 0xe0, 0x07, 0xe0, 0x07, 0xe0, 0x07, 0xe0, 0x07, 0xe0, 0x07, 0xe0, 0x07,
    0xe0, 0x07, 0xe0, 0x07, 0xe0, 0x07, 0xe0, 0x07, 0xe0, 0x07, 0xe0, 0x07, 0xe0, 0x07, 0xe0, 0x07,
    0xe0, 0x07, 0xe0, 0x07, 0xe0, 0x07, 0xe0, 0x07, 0xe0, 0x07, 0xe0, 0x07, 0xe0, 0x07, 0xe0, 0x07,
    0xe0, 0x07, 0xe0, 0x07, 0xe0, 0x07, 0x02, 0x48, 0x02, 0x48, 0x02, 0x48, 0x41, 0x80, 0x41, 0x80,
    0x41, 0x80, 0x41, 0x80, 0xc0, 0xc0, 0x80, 0xe9, 0x80, 0xe9, 0x80, 0xe9, 0x80, 0xe9, 0x80, 0xe9,
    0x40, 0xfb, 0x40, 0xfb, 0x80, 0xe9, 0x40, 0xfb, 0x40, 0xfb, 0x40, 0xfb, 0x40, 0xfb, 0x40, 0xfb,
    0x40, 0xfb, 0x40, 0xfb, 0x40, 0xfb, 0x40, 0xfb, 0x40, 0xfb, 0x40, 0xfb, 0x40, 0xfb, 0x80, 0xe9,
    0x80, 0xe9, 0x80, 0xe9, 0x80, 0xe9, 0x80, 0xe9, 0x80, 0xe9, 0x80, 0xe9, 0x80, 0xe9, 0x80, 0xe9,
    0x80, 0xe9, 0xc0, 0xc0, 0xc0, 0xc0, 0xc0, 0xc0, 0xc0, 0xc0, 0x41, 0x80, 0xe0, 0x07, 0x02, 0x48,
    0xe0, 0x07, 0xe0, 0x07, 0xe0, 0x07, 0xe0, 0x07, 0xe0, 0x07, 0xe0, 0x07, 0xe0, 0x07, 0xe0, 0x07,
    0xe0, 0x07, 0xe0, 0x07, 0xe0, 0x07, 0xe0, 0x07, 0xe0, 0x07, 0xe0, 0x07, 0xe0, 0x07, 0xe0, 0x07,
    0xe0, 0x07, 0xe0, 0x07, 0xe0, 0x07, 0xe0, 0x07, 0xe0, 0x07, 0xe0, 0x07, 0xe0, 0x07, 0xe0, 0x07,
    0xe0, 0x07, 0xe0, 0x07, 0xe0, 0x07, 0xe0, 0x07, 0xe0, 0x07, 0x41, 0x80, 0x41, 0x80, 0x41, 0x80,
    0x41, 0x80, 0x41, 0x80, 0xc0, 0xc0, 0x80, 0xe9, 0x80, 0xe9, 0x80, 0xe9, 0x80, 0xe9, 0x80, 0xe9,
    0x40, 0xfb, 0x40, 0xfb, 0x40, 0xfb, 0x80, 0xe9, 0x80, 0xe9, 0x40, 0xfb, 0x40, 0xfb, 0x40, 0xfb,
    0x40, 0xfb, 0x40, 0xfb, 0x40, 0xfb, 0x40, 0xfb, 0x40, 0xfb, 0x40, 0xfb, 0x40, 0xfb, 0x40, 0xfb,
    0x80, 0xe9, 0x40, 0xfb, 0x80, 0xe9, 0x40, 0xfb, 0x40, 0xfb, 0x80, 0xe9, 0x80, 0xe9, 0x80, 0xe9,
    0x80, 0xe9, 0x80, 0xe9, 0xc0, 0xc0, 0xc0, 0xc0, 0x41, 0x80, 0x41, 0x80, 0x41, 0x80, 0x02, 0x48,
    0xe0, 0x07, 0xe0, 0x07, 0xe0, 0x07, 0xe0, 0x07, 0xe0, 0x07, 0xe0, 0x07, 0xe0, 0x07, 0xe0, 0x07,
    0xe0, 0x07, 0xe0, 0x07, 0xe0, 0x07, 0xe0, 0x07, 0xe0, 0x07, 0xe0, 0x07, 0xe0, 0x07, 0xe0, 0x07,
    0xe0, 0x07, 0xe0, 0x07, 0xe0, 0x07, 0xe0, 0x07, 0xe0, 0x07, 0xe0, 0x07, 0xe0, 0x07, 0xe0, 0x07,
    0xe0, 0x07, 0xe0, 0x07, 0xe0, 0x07, 0xe0, 0x07, 0xe0, 0x07, 0x02, 0x48, 0x02, 0x48, 0x41, 0x80,
    0x41, 0x80, 0x41, 0x80, 0x41, 0x80, 0xc0, 0xc0, 0x80, 0xe9, 0x80, 0xe9, 0x80, 0xe9, 0x80, 0xe9,
    0x80, 0xe9, 0x40, 0xfb, 0x40, 0xfb, 0x40, 0xfb, 0x40, 0xfb, 0x40, 0xfb, 0x40, 0xfb, 0x40, 0xfb,
    0x40, 0xfb, 0x40, 0xfb, 0x40, 0xfb, 0x40, 0xfb, 0x40, 0xfb, 0x40, 0xfb, 0x40, 0xfb, 0x40, 0xfb,
    0x80, 0xe9, 0x40, 0xfb, 0x40, 0xfb, 0x40, 0xfb, 0x40, 0xfb, 0x80, 0xe9, 0x40, 0xfb, 0x80, 0xe9,
    0x80, 0xe9, 0x80, 0xe9, 0xc0, 0xc0, 0xc0, 0xc0, 0x41, 0x80, 0x41, 0x80, 0x41, 0x80, 0x02, 0x48,
    0x41, 0x80, 0xe0, 0x07, 0xe0, 0x07, 0xe0, 0x07, 0xe0, 0x07, 0xe0, 0x07, 0xe0, 0x07, 0xe0, 0x07,
    0xe0, 0x07, 0xe0, 0x07, 0xe0, 0x07, 0xe0, 0x07, 0xe0, 0x07, 0xe0, 0x07, 0xe0, 0x07, 0xe0, 0x07,
};

const lv_img_dsc_t bongo_fire_4 = {
    .header.cf = LV_IMG_CF_TRUE_COLOR_CHROMA_KEYED,
    .header.always_zero = 0,
    .header.reserved = 0,
    .header.w = 72,
    .header.h = 52,
    .data_size = sizeof(bongo_fire_4_map),
    .data = bongo_fire_4_map,
};

static const uint8_t bongo_fire_5_map[] = {
    0xe0, 0x07, 0xe0, 0x07, 0xe0, 0x07, 0xe0, 0x07, 0xe0, 0x07, 0xe0, 0x07, 0xe0, 0x07, 0xe0, 0x07,
    0xe0, 0x07, 0xe0, 0x07, 0xe0, 0x07, 0xe0, 0x07, 0xe0, 0x07, 0xe0, 0x07, 0xe0, 0x07, 0xe0, 0x07,
    0xe0, 0x07, 0xe0, 0x07, 0xe0, 0x07, 0xe0, 0x07, 0xe0, 0x07, 0xe0, 0x07, 0xe0, 0x07, 0xe0, 0x07,
    0xe0, 0x07, 0xe0, 0x07, 0xe0, 0x07, 0xe0, 0x07, 0xe0, 0x07, 0xe0, 0x07, 0xe0, 0x07, 0xe0, 0x07,
    0xe0, 0x07, 0xe0, 0x07, 0xe0, 0x07, 0xe0, 0x07, 0xc0, 0xc0, 0xe0, 0x07, 0xe0, 0x07, 0xe0, 0x07,
    0xe0, 0x07, 0xe0, 0x07, 0xe0, 0x07, 0xe0, 0x07, 0xe0, 0x07, 0xe0, 0x07, 0xe0, 0x07, 0xe0, 0x07,
    0xe0, 0x07, 0xe0, 0x07, 0xe0, 0x07, 0xe0, 0x07, 0xe0, 0x07, 0xe0, 0x07, 0xe0, 0x07, 0xe0, 0x07,
    0xe0, 0x07, 0xe0, 0x07, 0xe0, 0x07, 0xe0, 0x07, 0xe0, 0x07, 0xe0, 0x07, 0xe0, 0x07, 0xe0, 0x07,
    0xe0, 0x07, 0xe0, 0x07, 0xe0, 0x07, 0xe0, 0x07, 0xe0, 0x07, 0xe0, 0x07, 0xe0, 0x07, 0xe0, 0x07,
    0xe0, 0x07, 0xe0, 0x07, 0xe0, 0x07, 0xe0, 0x07, 0xe0, 0x07, 0xe0, 0x07, 0xe0, 0x07, 0xe0, 0x07,
    0xe0, 0x07, 0xe0, 0x07, 0xe0, 0x07, 0xe0, 0x07, 0xe0, 0x07, 0xe0, 0x07, 0xe0, 0x07, 0xe0, 0x07,
    0xe0, 0x07, 0xe0, 0x07, 0xe0, 0x07, 0xe0, 0x07, 0xe0, 0x07, 0xe0, 0x07, 0xe0, 0x07, 0xe0, 0x07,
    0xe0, 0x07, 0xe0, 0x07, 0xe0, 0x07, 0xe0, 0x07, 0xe0, 0x07, 0xe0, 0x07, 0xe0, 0x07, 0xe0, 0x07,
    0xe0, 0x07, 0xe0, 0x07, 0xe0, 0x07, 0xe0, 0x07, 0xc0, 0xc0, 0x80, 0xe9, 0x41, 0x80, 0xe0, 0x07,
    0xe0, 0x07, 0xe0, 0x07, 0xe0, 0x07, 0xe0, 0x07, 0xe0, 0x07, 0xe0, 0x07, 0xe0, 0x07, 0xe0, 0x07,
    0xe0, 0x07, 0xe0, 0x07, 0xe0, 0x07, 0xe0, 0x07, 0xe0, 0x07, 0xe0, 0x07, 0xe0, 0x07, 0xe0, 0x07,
    0xe0, 0x07, 0xe0, 0x07, 0xe0, 0x07, 0xe0, 0x07, 0xe0, 0x07, 0xe0, 0x07, 0xe0, 0x07, 0xe0, 0x07,
    0xe0, 0x07, 0xe0, 0x07, 0xe0, 0x07, 0xe0, 0x07, 0xe0, 0x07, 0xe0, 0x07, 0xe0, 0x07, 0xe0, 0x07,
    0xe0, 0x07, 0xe0, 0x07, 0xe0, 0x07, 0xe0, 0x07, 0xe0, 0x07, 0xe0, 0x07, 0xe0, 0x07, 0xe0, 0x07,
    0xe0, 0x07, 0xe0, 0x07, 0xe0, 0x07, 0xe0, 0x07, 0xe0, 0x07, 0xe0, 0x07, 0xe0, 0x07, 0xe0, 0x07,
    0xe0, 0x07, 0xe0, 0x07, 0xe0, 0x07, 0xe0, 0x07, 0xe0, 0x07, 0xe0, 0x07, 0xe0, 0x07, 0xe0, 0x07,
    0xe0, 0x07, 0xe0, 0x07, 0xe0, 0x07, 0xe0, 0x07, 0xe0, 0x07, 0xe0, 0x07, 0xe0, 0x07, 0xe0, 0x07,
    0xe0, 0x07, 0xe0, 0x07, 0xe0, 0x07, 0x41, 0x80, 0x41, 0x80, 0x80, 0xe9, 0x80, 0xe9, 0xc0, 0xc0,
    0xe0, 0x07, 0xe0, 0x07, 0xe0, 0x07, 0xe0, 0x07, 0xe0, 0x07, 0xe0, 0x07, 0xe0, 0x07, 0xe0, 0x07,
    0xe0, 0x07, 0xe0, 0x07, 0xe0, 0x07, 0xe0, 0x07, 0xe0, 0x07, 0xe0, 0x07, 0xe0, 0x07, 0xe0, 0x07,
    0xe0, 0x07, 0xe0, 0x07, 0xe0, 0x07, 0xe0, 0x07, 0xe0, 0x07, 0xe0, 0x07, 0xe0, 0x07, 0xe0, 0x07,
    0xe0, 0x07, 0xe0, 0x07, 0xe0, 0x07, 0xe0, 0x07, 0xe0, 0x07, 0xe0, 0x07, 0xe0, 0x07, 0xe0, 0x07,
    0xe0, 0x07, 0xe0, 0x07, 0xe0, 0x07, 0xe0, 0x07, 0xe0, 0x07, 0xe0, 0x07, 0xe0, 0x07, 0xe0, 0x07,
    0xe0, 0x07, 0xe0, 0x07, 0xe0, 0x07, 0xe0, 0x07, 0xe0, 0x07, 0xe0, 0x07, 0xe0, 0x07, 0xe0, 0x07,
    0xe0, 0x07, 0xe0, 0x07, 0xe0, 0x07, 0xe0, 0x07, 0xe0, 0x07, 0xe0, 0x07, 0xe0, 0x07, 0xe0, 0x07,
    0xe0, 0x07, 0xe0, 0x07, 0xe0, 0x07, 0xe0, 0x07, 0xe0, 0x07, 0xe0, 0x07, 0xe0, 0x07, 0xe0, 0x07,
    0xe0, 0x07, 0xe0, 0x07, 0xe0, 0x07, 0x41, 0x80, 0xc0, 0xc0, 0xc0, 0xc0, 0x80, 0xe9, 0x80, 0xe9,
    0xc0, 0xc0, 0x41, 0x80, 0xe0, 0x07, 0xe0, 0x07, 0xe0, 0x07, 0xe0, 0x07, 0xe0, 0x07, 0xe0, 0x07,
    0xe0, 0x07, 0xe0, 0x07, 0xe0, 0x07, 0xe0, 0x07, 0xe0, 0x07, 0xe0, 0x07, 0xe0, 0x07, 0xe0, 0x07,
    0xe0, 0x07, 0xe0, 0x07, 0xe0, 0x07, 0xe0, 0x07, 0xe0, 0x07, 0xe0, 0x07, 0xe0, 0x07, 0xe0, 0x07,
    0xe0, 0x07, 0xe0, 0x07, 0xe0, 0x07, 0xe0, 0x07, 0xe0, 0x07, 0xe0, 0x07, 0xe0, 0x07, 0xe0, 0x07,
    0xe0, 0x07, 0xe0, 0x07, 0xe0, 0x07, 0xe0, 0x07, 0xe0, 0x07, 0xe0, 0x07, 0xe0, 0x07, 0xe0, 0x07,
    0xe0, 0x07, 0xe0, 0x07, 0xe0, 0x07, 0xe0, 0x07, 0xe0, 0x07, 0xe0, 0x07, 0xe0, 0x07, 0xe0, 0x07,
    0xe0, 0x07, 0xe0, 0x07, 0xe0, 0x07, 0xe0, 0x07, 0xe0, 0x07, 0xe0, 0x07, 0xe0, 0x07, 0xe0, 0x07,
    0xe0, 0x07, 0xe0, 0x07, 0xe0, 0x07, 0xe0, 0x07, 0xe0, 0x07, 0xe0, 0x07, 0xe0, 0x07, 0xe0, 0x07,
    0xe0, 0x07, 0xe0, 0x07, 0xe0, 0x07, 0x41, 0x80, 0xc0, 0xc0, 0x80, 0xe9, 0x80, 0xe9, 0x80, 0xe9,
    0x80, 0xe9, 0x41, 0x80, 0x41, 0x80, 0xe0, 0x07, 0xe0, 0x07, 0xe0, 0x07, 0xe0, 0x07, 0xe0, 0x07,
    0xe0, 0x07, 0xe0, 0x07, 0xe0, 0x07, 0xe0, 0x07, 0xe0, 0x07, 0xe0, 0x07, 0xe0, 0x07, 0xe0, 0x07,
    0xe0, 0x07, 0xe0, 0x07, 0xe0, 0x07, 0xe0, 0x07, 0xe0, 0x07, 0xe0, 0x07, 0xe0, 0x07, 0xe0, 0x07,
    0xe0, 0x07, 0xe0, 0x07, 0xe0, 0x07, 0xe0, 0x07, 0xe0, 0x07, 0xe0, 0x07, 0xe0, 0x07, 0xe0, 0x07,
    0xe0, 0x07, 0xe0, 0x07, 0xe0, 0x07, 0xe0, 0x07, 0xe0, 0x07, 0xe0, 0x07, 0xe0, 0x07, 0xe0, 0x07,
    0xe0, 0x07, 0xe0, 0x07, 0xe0, 0x07, 0xe0, 0x07, 0xe0, 0x07, 0xe0, 0x07, 0xe0, 0x07, 0xe0, 0x07,
    0xe0, 0x07, 0xe0, 0x07, 0xe0, 0x07, 0xe0, 0x07, 0xe0, 0x07, 0xe0, 0x07, 0xe0, 0x07, 0xe0, 0x07,
    0xe0, 0x07, 0xe0, 0x07, 0xe0, 0x07, 0xe0, 0x07, 0xe0, 0x07, 0xe0, 0x07, 0xe0, 0x07, 0xe0, 0x07,
    0xe0, 0x07, 0xe0, 0x07, 0x41, 0x80, 0xc0, 0xc0, 0x80, 0xe9, 0x40, 0xfb, 0x40, 0xfb, 0x80, 0xe9,
    0xc0, 0xc0, 0x41, 0x80, 0x41, 0x80, 0xe0, 0x07, 0xe0, 0x07, 0xe0, 0x07, 0xe0, 0x07, 0xe0, 0x07,
    0xe0, 0x07, 0xe0, 0x07, 0xe0, 0x07, 0xe0, 0x07, 0xe0, 0x07, 0xe0, 0x07, 0xe0, 0x07, 0xe0, 0x07,
    0xe0, 0x07, 0xe0, 0x07, 0xe0, 0x07, 0xe0, 0x07, 0xe0, 0x07, 0xe0, 0x07, 0xe0, 0x07, 0xe0, 0x07,
    0xe0, 0x07, 0xe0, 0x07, 0xe0, 0x07, 0xe0, 0x07, 0xe0, 0x07, 0xe0, 0x07, 0xe0, 0x07, 0xe0, 0x07,
    0xe0, 0x07, 0xe0, 0x07, 0xe0, 0x07, 0xe0, 0x07, 0xe0, 0x07, 0xe0, 0x07, 0xe0, 0x07, 0xe0, 0x07,
    0xe0, 0x07, 0xe0, 0x07, 0xe0, 0x07, 0xe0, 0x07, 0xe0, 0x07, 0xe0, 0x07, 0xe0, 0x07, 0xe0, 0x07,
    0xe0, 0x07, 0xe0, 0x07, 0xe0, 0x07, 0xe0, 0x07, 0xe0, 0x07, 0xe0, 0x07, 0xe0, 0x07, 0xe0, 0x07,
    0xe0, 0x07, 0xe0, 0x07, 0xe0, 0x07, 0xe0, 0x07, 0xe0, 0x07, 0xe0, 0x07, 0xe0, 0x07, 0xe0, 0x07,
    0x41, 0x80, 0xc0, 0xc0, 0xc0, 0xc0, 0x80, 0xe9, 0x40, 0xfb, 0x40, 0xfb, 0x40, 0xfb, 0x80, 0xe9,
    0x41, 0x80, 0x41, 0x80, 0xe0, 0x07, 0xe0, 0x07, 0xe0, 0x07, 0xe0, 0x07, 0xe0, 0x07, 0xe0, 0x07,
    0xe0, 0x07, 0xe0, 0x07, 0xe0, 0x07, 0xe0, 0x07, 0xe0, 0x07, 0xe0, 0x07, 0xe0, 0x07, 0xe0, 0x07,
    0xe0, 0x07, 0xe0, 0x07, 0xe0, 0x07, 0xe0, 0x07, 0xe0, 0x07, 0xe0, 0x07, 0xe0, 0x07, 0xe0, 0x07,
    0xe0, 0x07, 0xe0, 0x07, 0xe0, 0x07, 0xe0, 0x07, 0xe0, 0x07, 0xe0, 0x07, 0xe0, 0x07, 0xe0, 0x07,
    0xe0, 0x07, 0xe0, 0x07, 0xe0, 0x07, 0xe0, 0x07, 0xe0, 0x07, 0xe0, 0x07, 0xe0, 0x07, 0xe0, 0x07,
    0xe0, 0x07, 0xe0, 0x07, 0xe0, 0x07, 0xe0, 0x07, 0xe0, 0x07, 0xe0, 0x07, 0xe0, 0x07, 0xe0, 0x07,
    0xe0, 0x07, 0xe0, 0x07, 0xe0, 0x07, 0xe0, 0x07, 0xe0, 0x07, 0xe0, 0x07, 0xe0, 0x07, 0xe0, 0x07,
    0xe0, 0x07, 0xe0, 0x07, 0xe0, 0x07, 0xe0, 0x07, 0xe0, 0x07, 0xe0, 0x07, 0x41, 0x80, 0xc0, 0xc0,
    0x80, 0xe9, 0x80, 0xe9, 0x40, 0xfb, 0x40, 0xfb, 0x40, 0xfb, 0x80, 0xe9, 0x80, 0xe9, 0xc0, 0xc0,
    0x41, 0x80, 0xe0, 0x07, 0xe0, 0x07, 0xe0, 0x07, 0xe0, 0x07, 0xe0, 0x07, 0xe0, 0x07, 0xe0, 0x07,
    0xe0, 0x07, 0xe0, 0x07, 0xe0, 0x07, 0xe0, 0x07, 0xe0, 0x07, 0xe0, 0x07, 0xe0, 0x07, 0xe0, 0x07,
    0xe0, 0x07, 0xe0, 0x07, 0xe0, 0x07, 0xe0, 0x07, 0xe0, 0x07, 0xe0, 0x07, 0xe0, 0x07, 0xe0, 0x07,
    0xe0, 0x07, 0xe0, 0x07, 0xe0, 0x07, 0xe0, 0x07, 0xe0, 0x07, 0xe0, 0x07, 0xe0, 0x07, 0xe0, 0x07,
    0xe0, 0x07, 0xe0, 0x07, 0xe0, 0x07, 0xe0, 0x07, 0xe0, 0x07, 0xe0, 0x07, 0xe0, 0x07, 0xe0, 0x07,
    0xe0, 0x07, 0xe0, 0x07, 0xe0, 0x07, 0xe0, 0x07, 0xe0, 0x07, 0xe0, 0x07, 0xe0, 0x07, 0xe0, 0x07,
    0xe0, 0x07, 0xe0, 0x07, 0xe0, 0x07, 0xe0, 0x07, 0xe0, 0x07, 0xe0, 0x07, 0xe0, 0x07, 0xe0, 0x07,
    0xe0, 0x07, 0xe0, 0x07, 0xe0, 0x07, 0xe0, 0x07, 0x41, 0x80, 0xc0, 0xc0, 0x80, 0xe9, 0x80, 0xe9,
    0x40, 0xfb, 0x40, 0xfb, 0x40, 0xfb, 0x40, 0xfb, 0x80, 0xe9, 0xc0, 0xc0, 0x41, 0x80, 0x41, 0x80,
    0xe0, 0x07, 0xe0, 0x07, 0xe0, 0x07, 0xe0, 0x07, 0xe0, 0x07, 0xe0, 0x07, 0xe0, 0x07, 0xe0, 0x07,
    0xe0, 0x07, 0xe0, 0x07, 0xe0, 0x07, 0xe0, 0x07, 0xe0, 0x07, 0xe0, 0x07, 0xe0, 0x07, 0xe0, 0x07,
    0xe0, 0x07, 0xe0, 0x07, 0xe0, 0x07, 0xe0, 0x07, 0xe0, 0x07, 0xe0, 0x07, 0xe0, 0x07, 0xe0, 0x07,
    0xe0, 0x07, 0xe0, 0x07, 0xe0, 0x07, 0xe0, 0x07, 0xe0, 0x07, 0xe0, 0x07, 0xe0, 0x07, 0xe0, 0x07,
    0xe0, 0x07, 0xe0, 0x07, 0xe0, 0x07, 0xe0, 0x07, 0xe0, 0x07, 0xe0, 0x07, 0xe0, 0x07, 0xe0, 0x07,
    0xe0, 0x07, 0xe0, 0x07, 0xe0, 0x07, 0xe0, 0x07, 0xe0, 0x07, 0xe0, 0x07, 0xe0, 0x07, 0xe0, 0x07,
    0xe0, 0x07, 0xe0, 0x07, 0xe0, 0x07, 0xe0, 0x07, 0xe0, 0x07, 0xe0, 0x07, 0xe0, 0x07, 0xe0, 0x07,
    0xe0, 0x07, 0xe0, 0x07, 0x41, 0x80, 0x41, 0x80, 0xc0, 0xc0, 0x80, 0xe9, 0x80, 0xe9, 0x40, 0xfb,
    0x40, 0xfb, 0x40, 0xfb, 0x80, 0xe9, 0x80, 0xe9, 0xc0, 0xc0, 0x41, 0x80, 0x41, 0x80, 0xe0, 0x07,
    0xe0, 0x07, 0xe0, 0x07, 0xe0, 0x07, 0xe0, 0x07, 0xe0, 0x07, 0xe0, 0x07, 0xe0, 0x07, 0xe0, 0x07,
    0xe0, 0x07, 0xe0, 0x07, 0xe0, 0x07, 0xe0, 0x07, 0xe0, 0x07, 0xe0, 0x07, 0xe0, 0x07, 0xe0, 0x07,
    0xe0, 0x07, 0xe0, 0x07, 0xe0, 0x07, 0xe0, 0x07, 0xe0, 0x07, 0xe0, 0x07, 0xe0, 0x07, 0xe0, 0x07,
    0xe0, 0x07, 0xe0, 0x07, 0xe0, 0x07, 0xe0, 0x07, 0xe0, 0x07, 0xe0, 0x07, 0xe0, 0x07, 0xe0, 0x07,
    0xe0, 0x07, 0xe0, 0x07, 0xe0, 0x07, 0xe0, 0x07, 0xe0, 0x07, 0xe0, 0x07, 0xe0, 0x07, 0xe0, 0x07,
    0xe0, 0x07, 0xe0, 0x07, 0xe0, 0x07, 0xe0, 0x07, 0xe0, 0x07, 0xe0, 0x07, 0xe0, 0x07, 0xe0, 0x07,
    0xe0, 0x07, 0xe0, 0x07, 0xe0, 0x07, 0xe0, 0x07, 0xe0, 0x07, 0xe0, 0x07, 0xe0, 0x07, 0xe0, 0x07,
    0xe0, 0x07, 0xe0, 0x07, 0x41, 0x80, 0xc0, 0xc0, 0x80, 0xe9, 0x80, 0xe9, 0x40, 0xfb, 0x40, 0xfb,
    0x40, 0xfb, 0x40, 0xfb, 0x80, 0xe9, 0x80, 0xe9, 0xc0, 0xc0, 0x41, 0x80, 0x41, 0x80, 0xe0, 0x07,
    0xe0, 0x07, 0xe0, 0x07, 0xe0, 0x07, 0xe0, 0x07, 0xe0, 0x07, 0xe0, 0x07, 0xe0, 0x07, 0xe0, 0x07,
    0xe0, 0x07, 0xe0, 0x07, 0xe0, 0x07, 0xe0, 0x07, 0xe0, 0x07, 0xe0, 0x07, 0xe0, 0x07, 0xe0, 0x07,
    0xe0, 0x07, 0xe0, 0x07, 0xe0, 0x07, 0xe0, 0x07, 0xe0, 0x07, 0xe0, 0x07, 0xe0, 0x07, 0xe0, 0x07,
    0xe0, 0x07, 0xe0, 0x07, 0xe0, 0x07, 0xe0, 0x07, 0xe0, 0x07, 0xe0, 0x07, 0xe0, 0x07, 0xe0, 0x07,
    0xe0, 0x07, 0xe0, 0x07, 0xe0, 0x07, 0xe0, 0x07, 0xe0, 0x07, 0xe0, 0x07, 0xe0, 0x07, 0xe0, 0x07,
    0xe0, 0x07, 0xe0, 0x07, 0xe0, 0x07, 0xe0, 0x07, 0xe0, 0x07, 0xe0, 0x07, 0xe0, 0x07, 0xe0, 0x07,
    0xe0, 0x07, 0xe0, 0x07, 0xe0, 0x07, 0xe0, 0x07, 0xe0, 0x07, 0xe0, 0x07, 0xe0, 0x07, 0xe0, 0x07,
    0xe0, 0x07, 0xe0, 0x07, 0xe0, 0x07, 0xc0, 0xc0, 0xc0, 0xc0, 0x80, 0xe9, 0x40, 0xfb, 0x40, 0xfb,
    0x40, 0xfb, 0x40, 0xfb, 0x40, 0xfb, 0x80, 0xe9, 0x80, 0xe9, 0xc0, 0xc0, 0x41, 0x80, 0x41, 0x80,
    0xe0, 0x07, 0xe0, 0x07, 0xe0, 0x07, 0xe0, 0x07, 0xe0, 0x07, 0xe0, 0x07, 0xe0, 0x07, 0xe0, 0x07,
    0xe0, 0x07, 0xe0, 0x07, 0xe0, 0x07, 0xe0, 0x07, 0xe0, 0x07, 0xe0, 0x07, 0xe0, 0x07, 0xe0, 0x07,
    0xe0, 0x07, 0xe0, 0x07, 0xe0, 0x07, 0xe0, 0x07, 0xe0, 0x07, 0xe0, 0x07, 0xe0, 0x07, 0xe0, 0x07,
    0xe0, 0x07, 0xe0, 0x07, 0xe0, 0x07, 0xe0, 0x07, 0xe0, 0x07, 0xe0, 0x07, 0xe0, 0x07, 0xe0, 0x07,
    0xe0, 0x07, 0xe0, 0x07, 0xe0, 0x07, 0xe0, 0x07, 0xe0, 0x07, 0xe0, 0x07, 0xe0, 0x07, 0xe0, 0x07,
    0xe0, 0x07, 0xe0, 0x07, 0xe0, 0x07, 0xe0, 0x07, 0xe0, 0x07, 0xe0, 0x07, 0xe0, 0x07, 0xe0, 0x07,
    0xe0, 0x07, 0xe0, 0x07, 0xe0, 0x07, 0xe0, 0x07, 0xe0, 0x07, 0xe0, 0x07, 0xe0, 0x07, 0xe0, 0x07,
    0xe0, 0x07, 0xe0, 0x07, 0xe0, 0x07, 0xe0, 0x07, 0xc0, 0xc0, 0xc0, 0xc0, 0x80, 0xe9, 0x80, 0xe9,
    0x40, 0xfb, 0x40, 0xfb, 0x40, 0xfb, 0x40, 0xfb, 0x80, 0xe9, 0x80, 0xe9, 0xc0, 0xc0, 0xc0, 0xc0,
    0x41, 0x80, 0xe0, 0x07, 0xe0, 0x07, 0xe0, 0x07, 0xe0, 0x07, 0xe0, 0x07, 0xe0, 0x07, 0xe0, 0x07,
    0xe0, 0x07, 0xe0, 0x07, 0xe0, 0x07, 0xe0, 0x07, 0xe0, 0x07, 0xe0, 0x07, 0xe0, 0x07, 0xe0, 0x07,
    0xe0, 0x07, 0xe0, 0x07, 0xe0, 0x07, 0xe0, 0x07, 0xe0, 0x07, 0xe0, 0x07, 0xe0, 0x07, 0xe0, 0x07,
    0xe0, 0x07, 0xe0, 0x07, 0xe0, 0x07, 0xe0, 0x07, 0xe0, 0x07, 0xe0, 0x07, 0xe0, 0x07, 0xe0, 0x07,
    0xe0, 0x07, 0xe0, 0x07, 0xe0, 0x07, 0xe0, 0x07, 0xe0, 0x07, 0xe0, 0x07, 0xe0, 0x07, 0xe0, 0x07,
    0xe0, 0x07, 0xe0, 0x07, 0xe0, 0x07, 0xe0, 0x07, 0xe0, 0x07, 0xe0, 0x07, 0xe0, 0x07, 0xe0, 0x07,
    0xe0, 0x07, 0xe0, 0x07, 0xe0, 0x07, 0xe0, 0x07, 0xe0, 0x07, 0xe0, 0x07, 0xe0, 0x07, 0xe0, 0x07,
    0xe0, 0x07, 0xe0, 0x07, 0xe0, 0x07, 0xe0, 0x07, 0x02, 0x48, 0xc0, 0xc0, 0xc0, 0xc0, 0x80, 0xe9,
    0x80, 0xe9, 0x40, 0xfb, 0x40, 0xfb, 0x40, 0xfb, 0x40, 0xfb, 0x40, 0xfb, 0x80, 0xe9, 0x80, 0xe9,
    0xc0, 0xc0, 0x41, 0x80, 0x41, 0x80, 0xe0, 0x07, 0xe0, 0x07, 0xe0, 0x07, 0xe0, 0x07, 0xe0, 0x07,
    0xe0, 0x07, 0xe0, 0x07, 0xe0, 0x07, 0xe0, 0x07, 0xe0, 0x07, 0xe0, 0x07, 0xe0, 0x07, 0xe0, 0x07,
    0xe0, 0x07, 0xe0, 0x07, 0xe0, 0x07, 0xe0, 0x07, 0xe0, 0x07, 0xe0, 0x07, 0xe0, 0x07, 0xe0, 0x07,
    0xe0, 0x07, 0xe0, 0x07, 0xe0, 0x07, 0xe0, 0x07, 0xe0, 0x07, 0xe0, 0x07, 0xe0, 0x07, 0xe0, 0x07,
    0xe0, 0x07, 0xe0, 0x07, 0xe0, 0x07, 0xe0, 0x07, 0xe0, 0x07, 0xe0, 0x07, 0xe0, 0x07, 0xe0, 0x07,
    0xe0, 0x07, 0xe0, 0x07, 0xe0, 0x07, 0xe0, 0x07, 0xe0, 0x07, 0xe0, 0x07, 0xe0, 0x07, 0xe0, 0x07,
    0xe0, 0x07, 0xe0, 0x07, 0xe0, 0x07, 0xe0, 0x07, 0xe0, 0x07, 0xe0, 0x07, 0xe0, 0x07, 0xe0, 0x07,
    0xe0, 0x07, 0xe0, 0x07, 0xe0, 0x07, 0xe0, 0x07, 0xe0, 0x07, 0x02, 0x48, 0x41, 0x80, 0xc0, 0xc0,
    0x80, 0xe9, 0x40, 0xfb, 0x40, 0xfb, 0x40, 0xfb, 0x40, 0xfb, 0x40, 0xfb, 0x40, 0xfb, 0x80, 0xe9,
    0xc0, 0xc0, 0xc0, 0xc0, 0x41, 0x80, 0x41, 0x80, 0xe0, 0x07, 0xe0, 0x07, 0xe0, 0x07, 0xe0, 0x07,
    0xe0, 0x07, 0xe0, 0x07, 0xe0, 0x07, 0xe0, 0x07, 0xe0, 0x07, 0xe0, 0x07, 0xe0, 0x07, 0xe0, 0x07,
    0xe0, 0x07, 0xe0, 0x07, 0xe0, 0x07, 0xe0, 0x07, 0xe0, 0x07, 0xe0, 0x07, 0xe0, 0x07, 0xe0, 0x07,
    0xe0, 0x07, 0xe0, 0x07, 0xe0, 0x07, 0xe0, 0x07, 0xe0, 0x07, 0xe0, 0x07, 0xe0, 0x07, 0xe0, 0x07,
    0xe0, 0x07, 0xe0, 0x07, 0xe0, 0x07, 0xe0, 0x07, 0xe0, 0x07, 0xe0, 0x07, 0xe0, 0x07, 0xe0, 0x07,
    0xe0, 0x07, 0xe0, 0x07, 0xe0, 0x07, 0xe0, 0x07, 0xe0, 0x07, 0xe0, 0x07, 0xe0, 0x07, 0xe0, 0x07,
    0xe0, 0x07, 0xe0, 0x07, 0xe0, 0x07, 0xe0, 0x07, 0xe0, 0x07, 0xe0, 0x07, 0xe0, 0x07, 0xe0, 0x07,
    0xe0, 0x07, 0xe0, 0x07, 0xe0, 0x07, 0xe0, 0x07, 0xe0, 0x07, 0x02, 0x48, 0x41, 0x80, 0xc0, 0xc0,
    0xc0, 0xc0, 0x80, 0xe9, 0x80, 0xe9, 0x40, 0xfb, 0x40, 0xfb, 0x40, 0xfb, 0x40, 0xfb, 0x80, 0xe9,
    0x80, 0xe9, 0xc0, 0xc0, 0xc0, 0xc0, 0x41, 0x80, 0xe0, 0x07, 0xe0, 0x07, 0xe0, 0x07, 0xe0, 0x07,
    0xe0, 0x07, 0xe0, 0x07, 0xe0, 0x07, 0xe0, 0x07, 0xe0, 0x07, 0xe0, 0x07, 0xe0, 0x07, 0xe0, 0x07,
    0xe0, 0x07, 0xe0, 0x07, 0xe0, 0x07, 0xe0, 0x07, 0xe0, 0x07, 0xe0, 0x07, 0xe0, 0x07, 0xe0, 0x07,
    0xe0, 0x07, 0xe0, 0x07, 0xe0, 0x07, 0xe0, 0x07, 0xe0, 0x07, 0xe0, 0x07, 0xe0, 0x07, 0xe0, 0x07,
    0xe0, 0x07, 0xe0, 0x07, 0xe0, 0x07, 0xe0, 0x07, 0xe0, 0x07, 0xe0, 0x07, 0xe0, 0x07, 0xe0, 0x07,
    0xe0, 0x07, 0xe0, 0x07, 0xe0, 0x07, 0xe0, 0x07, 0xe0, 0x07, 0xe0, 0x07, 0xe0, 0x07, 0xe0, 0x07,
    0xe0, 0x07, 0xe0, 0x07, 0xe0, 0x07, 0xe0, 0x07, 0xe0, 0x07, 0xe0, 0x07, 0xe0, 0x07, 0xe0, 0x07,
    0xe0, 0x07, 0xe0, 0x07, 0xe0, 0x07, 0xe0, 0x07, 0x02, 0x48, 0x41, 0x80, 0x41, 0x80, 0xc0, 0xc0,
    0xc0, 0xc0, 0x80, 0xe9, 0x80, 0xe9, 0x40, 0xfb, 0x40, 0xfb, 0x80, 0xe9, 0x80, 0xe9, 0x40, 0xfb,
    0x80, 0xe9, 0xc0, 0xc0, 0xc0, 0xc0, 0xc0, 0xc0, 0x41, 0x80, 0x41, 0x80, 0xe0, 0x07, 0xe0, 0x07,
    0xe0, 0x07, 0xe0, 0x07, 0xe0, 0x07, 0xe0, 0x07, 0xe0, 0x07, 0xe0, 0x07, 0xe0, 0x07, 0xe0, 0x07,
    0xe0, 0x07, 0xe0, 0x07, 0xe0, 0x07, 0xe0, 0x07, 0xe0, 0x07, 0xe0, 0x07, 0xe0, 0x07, 0xe0, 0x07,
    0xe0, 0x07, 0xe0, 0x07, 0xe0, 0x07, 0xe0, 0x07, 0xe0, 0x07, 0xe0, 0x07, 0xe0, 0x07, 0xe0, 0x07,
    0xe0, 0x07, 0xe0, 0x07, 0xe0, 0x07, 0xe0, 0x07, 0xe0, 0x07, 0xe0, 0x07, 0xe0, 0x07, 0xe0, 0x07,
    0xe0, 0x07, 0xe0, 0x07, 0xe0, 0x07, 0xe0, 0x07, 0xe0, 0x07, 0xe0, 0x07, 0xe0, 0x07, 0xe0, 0x07,
    0xe0, 0x07, 0xe0, 0x07, 0xe0, 0x07, 0xe0, 0x07, 0xe0, 0x07, 0xe0, 0x07, 0xe0, 0x07, 0xe0, 0x07,
    0xe0, 0x07, 0xe0, 0x07, 0x41, 0x80, 0xe0, 0x07, 0x41, 0x80, 0x41, 0x80, 0x41, 0x80, 0xc0, 0xc0,
    0xc0, 0xc0, 0x80, 0xe9, 0x80, 0xe9, 0x80, 0xe9, 0x40, 0xfb, 0x80, 0xe9, 0x80, 0xe9, 0x80, 0xe9,
    0x80, 0xe9, 0x80, 0xe9, 0xc0, 0xc0, 0xc0, 0xc0, 0x41, 0x80, 0x41, 0x80, 0x41, 0x80, 0xe0, 0x07,
    0xe0, 0x07, 0xe0, 0x07, 0xe0, 0x07, 0xe0, 0x07, 0xe0, 0x07, 0xe0, 0x07, 0xe0, 0x07, 0xe0, 0x07,
    0xe0, 0x07, 0xe0, 0x07, 0xe0, 0x07, 0xe0, 0x07, 0xe0, 0x07, 0xe0, 0x07, 0xe0, 0x07, 0xe0, 0x07,
    0xe0, 0x07, 0xe0, 0x07, 0xe0, 0x07, 0xe0, 0x07, 0xe0, 0x07, 0xe0, 0x07, 0xe0, 0x07, 0xe0, 0x07,
    0xe0, 0x07, 0xe0, 0x07, 0xe0, 0x07, 0xe0, 0x07, 0xe0, 0x07, 0xe0, 0x07, 0xe0, 0x07, 0xe0, 0x07,
    0xe0, 0x07, 0xe0, 0x07, 0xe0, 0x07, 0xe0, 0x07, 0xe0, 0x07, 0xe0, 0x07, 0xe0, 0x07, 0xe0, 0x07,
    0xe0, 0x07, 0xe0, 0x07, 0xe0, 0x07, 0xe0, 0x07, 0xe0, 0x07, 0xe0, 0x07, 0xe0, 0x07, 0xe0, 0x07,
    0xe0, 0x07, 0x02, 0x48, 0x41, 0x80, 0x41, 0x80, 0x41, 0x80, 0x41, 0x80, 0xc0, 0xc0, 0xc0, 0xc0,
    0xc0, 0xc0, 0x22, 0xfd, 0x09, 0xff, 0x09, 0xff, 0x09, 0xff, 0x09, 0xff, 0x09, 0xff, 0x22, 0xfd,
    0x22, 0xfd, 0x80, 0xe9, 0xc0, 0xc0, 0xc0, 0xc0, 0xc0, 0xc0, 0x41, 0x80, 0x41, 0x80, 0x02, 0x48,
    0xe0, 0x07, 0xe0, 0x07, 0xe0, 0x07, 0xe0, 0x07, 0xe0, 0x07, 0xe0, 0x07, 0xe0, 0x07, 0xe0, 0x07,
    0xe0, 0x07, 0xe0, 0x07, 0xe0, 0x07, 0xe0, 0x07, 0xe0, 0x07, 0xe0, 0x07, 0xe0, 0x07, 0xe0, 0x07,
    0xe0, 0x07, 0xe0, 0x07, 0xe0, 0x07, 0xe0, 0x07, 0xe0, 0x07, 0xe0, 0x07, 0xe0, 0x07, 0xe0, 0x07,
    0xe0, 0x07, 0xe0, 0x07, 0xe0, 0x07, 0xe0, 0x07, 0xe0, 0x07, 0xe0, 0x07, 0xe0, 0x07, 0xe0, 0x07,
    0xe0, 0x07, 0xe0, 0x07, 0xe0, 0x07, 0xe0, 0x07, 0xe0, 0x07, 0xe0, 0x07, 0xe0, 0x07, 0xe0, 0x07,
    0xe0, 0x07, 0xe0, 0x07, 0xe0, 0x07, 0xe0, 0x07, 0xe0, 0x07, 0xe0, 0x07, 0xe0, 0x07, 0xe0, 0x07,
    0xe0, 0x07, 0xe0, 0x07, 0xe0, 0x07, 0x41, 0x80, 0x41, 0x80, 0x41, 0x80, 0x41, 0x80, 0xc0, 0xc0,
    0xc0, 0xc0, 0x80, 0xe9, 0x22, 0xfd, 0x09, 0xff, 0x09, 0xff, 0x09, 0xff, 0x09, 0xff, 0x09, 0xff,
    0x22, 0xfd, 0x80, 0xe9, 0x80, 0xe9, 0xc0, 0xc0, 0xc0, 0xc0, 0xc0, 0xc0, 0x41, 0x80, 0x41, 0x80,
    0x41, 0x80, 0xe0, 0x07, 0xe0, 0x07, 0xe0, 0x07, 0xe0, 0x07, 0xe0, 0x07, 0xe0, 0x07, 0xe0, 0x07,
    0xe0, 0x07, 0xe0, 0x07, 0xe0, 0x07, 0xe0, 0x07, 0xe0, 0x07, 0xe0, 0x07, 0xe0, 0x07, 0xe0, 0x07,
    0xe0, 0x07, 0xe0, 0x07, 0xe0, 0x07, 0xe0, 0x07, 0xe0, 0x07, 0xe0, 0x07, 0xe0, 0x07, 0xe0, 0x07,
    0xe0, 0x07, 0xe0, 0x07, 0xe0, 0x07, 0xe0, 0x07, 0xe0, 0x07, 0xe0, 0x07, 0xe0, 0x07, 0xe0, 0x07,
    0xe0, 0x07, 0xe0, 0x07, 0xe0, 0x07, 0xe0, 0x07, 0xe0, 0x07, 0xe0, 0x07, 0xe0, 0x07, 0xe0, 0x07,
    0xe0, 0x07, 0xe0, 0x07, 0xe0, 0x07, 0xe0, 0x07, 0xe0, 0x07, 0xe0, 0x07, 0xe0, 0x07, 0xe0, 0x07,
    0xe0, 0x07, 0xe0, 0x07, 0x02, 0x48, 0x41, 0x80, 0x41, 0x80, 0x41, 0x80, 0x41, 0x80, 0xc0, 0xc0,
    0xc0, 0xc0, 0xc0, 0xc0, 0x22, 0xfd, 0x22, 0xfd, 0x09, 0xff, 0x09, 0xff, 0x09, 0xff, 0x09, 0xff,
    0x09, 0xff, 0x22, 0xfd, 0x22, 0xfd, 0x80, 0xe9, 0x80, 0xe9, 0xc0, 0xc0, 0xc0, 0xc0, 0xc0, 0xc0,
    0x41, 0x80, 0x41, 0x80, 0x02, 0x48, 0xe0, 0x07, 0xe0, 0x07, 0xe0, 0x07, 0xe0, 0x07, 0xe0, 0x07,
    0xe0, 0x07, 0xe0, 0x07, 0xe0, 0x07, 0xe0, 0x07, 0xe0, 0x07, 0xe0, 0x07, 0xe0, 0x07, 0xe0, 0x07,
    0xe0, 0x07, 0xe0, 0x07, 0xe0, 0x07, 0xe0, 0x07, 0xe0, 0x07, 0xe0, 0x07, 0xe0, 0x07, 0xe0, 0x07,
    0xe0, 0x07, 0xe0, 0x07, 0xe0, 0x07, 0xe0, 0x07, 0xe0, 0x07, 0xe0, 0x07, 0xe0, 0x07, 0xe0, 0x07,
    0xe0, 0x07, 0xe0, 0x07, 0xe0, 0x07, 0xe0, 0x07, 0xe0, 0x07, 0xe0, 0x07, 0xe0, 0x07, 0xe0, 0x07,
    0xe0, 0x07, 0xe0, 0x07, 0xe0, 0x07, 0xe0, 0x07, 0xe0, 0x07, 0xe0, 0x07, 0xe0, 0x07, 0xe0, 0x07,
    0xe0, 0x07, 0xe0, 0x07, 0xe0, 0x07, 0xe0, 0x07, 0x41, 0x80, 0x41, 0x80, 0x41, 0x80, 0x41, 0x80,
    0x41, 0x80, 0xc0, 0xc0, 0xc0, 0xc0, 0x80, 0xe9, 0x09, 0xff, 0x09, 0xff, 0x09, 0xff, 0x09, 0xff,
    0x09, 0xff, 0x09, 0xff, 0x22, 0xfd, 0x80, 0xe9, 0x80, 0xe9, 0xc0, 0xc0, 0xc0, 0xc0, 0xc0, 0xc0,
    0x41, 0x80, 0x41, 0x80, 0x41, 0x80, 0x41, 0x80, 0xe0, 0x07, 0xe0, 0x07, 0xe0, 0x07, 0xe0, 0x07,
    0xe0, 0x07, 0xe0, 0x07, 0xe0, 0x07, 0xe0, 0x07, 0xe0, 0x07, 0xe0, 0x07, 0xe0, 0x07, 0xe0, 0x07,
    0xe0, 0x07, 0xe0, 0x07, 0xe0, 0x07, 0xe0, 0x07, 0xe0, 0x07, 0xe0, 0x07, 0xe0, 0x07, 0xe0, 0x07,
    0xe0, 0x07, 0xe0, 0x07, 0xe0, 0x07, 0xe0, 0x07, 0xe0, 0x07, 0xe0, 0x07, 0xe0, 0x07, 0xe0, 0x07,
    0xe0, 0x07, 0xe0, 0x07, 0xe0, 0x07, 0xe0, 0x07, 0xe0, 0x07, 0xe0, 0x07, 0xe0, 0x07, 0xe0, 0x07,
    0xe0, 0x07, 0xe0, 0x07, 0xe0, 0x07, 0xe0, 0x07, 0xe0, 0x07, 0xe0, 0x07, 0xe0, 0x07, 0xe0, 0x07,
    0xe0, 0x07, 0x02, 0x48, 0x02, 0x48, 0x41, 0x80, 0x41, 0x80, 0x41, 0x80, 0xc0, 0xc0, 0xc0, 0xc0,
    0x41, 0x80, 0xc0, 0xc0, 0xc0, 0xc0, 0x22, 0xfd, 0x22, 0xfd, 0x09, 0xff, 0x09, 0xff, 0x09, 0xff,
    0x09, 0xff, 0x09, 0xff, 0x22, 0xfd, 0x22, 0xfd, 0xc0, 0xc0, 0x80, 0xe9, 0xc0, 0xc0, 0xc0, 0xc0,
    0xc0, 0xc0, 0x41, 0x80, 0x41, 0x80, 0x41, 0x80, 0xe0, 0x07, 0xe0, 0x07, 0xe0, 0x07, 0xe0, 0x07,
    0xe0, 0x07, 0xe0, 0x07, 0xe0, 0x07, 0xe0, 0x07, 0xe0, 0x07, 0xe0, 0x07, 0xe0, 0x07, 0xe0, 0x07,
    0xe0, 0x07, 0xe0, 0x07, 0xe0, 0x07, 0xe0, 0x07, 0xe0, 0x07, 0xe0, 0x07, 0xe0, 0x07, 0xe0, 0x07,
    0xe0, 0x07, 0xe0, 0x07, 0xe0, 0x07, 0xe0, 0x07, 0xe0, 0x07, 0xe0, 0x07, 0xe0, 0x07, 0xe0, 0x07,
    0xe0, 0x07, 0xe0, 0x07, 0xe0, 0x07, 0xe0, 0x07, 0xe0, 0x07, 0xe0, 0x07, 0xe0, 0x07, 0xe0, 0x07,
    0xe0, 0x07, 0xe0, 0x07, 0xe0, 0x07, 0xe0, 0x07, 0xe0, 0x07, 0xe0, 0x07, 0xe0, 0x07, 0xe0, 0x07,
    0x41, 0x80, 0x41, 0x80, 0x41, 0x80, 0x41, 0x80, 0xc0, 0xc0, 0xc0, 0xc0, 0xc0, 0xc0, 0xc0, 0xc0,
    0x80, 0xe9, 0xc0, 0xc0, 0x22, 0xfd, 0x09, 0xff, 0x09, 0xff, 0x09, 0xff, 0x09, 0xff, 0x09, 0xff,
    0x09, 0xff, 0x09, 0xff, 0x09, 0xff, 0x22, 0xfd, 0xc0, 0xc0, 0xc0, 0xc0, 0xc0, 0xc0, 0xc0, 0xc0,
    0xc0, 0xc0, 0x41, 0x80, 0x41, 0x80, 0xe0, 0x07, 0xe0, 0x07, 0xe0, 0x07, 0xe0, 0x07, 0xe0, 0x07,
    0xe0, 0x07, 0xe0, 0x07, 0xe0, 0x07, 0xe0, 0x07, 0xe0, 0x07, 0xe0, 0x07, 0xe0, 0x07, 0xe0, 0x07,
    0xe0, 0x07, 0xe0, 0x07, 0xe0, 0x07, 0xe0, 0x07, 0xe0, 0x07, 0xe0, 0x07, 0xe0, 0x07, 0xe0, 0x07,
    0xe0, 0x07, 0xe0, 0x07, 0xe0, 0x07, 0xe0, 0x07, 0xe0, 0x07, 0xe0, 0x07, 0xe0, 0x07, 0xe0, 0x07,
    0xe0, 0x07, 0xe0, 0x07, 0xe0, 0x07, 0xe0, 0x07, 0xe0, 0x07, 0xe0, 0x07, 0xe0, 0x07, 0xe0, 0x07,
    0xe0, 0x07, 0xe0, 0x07, 0xe0, 0x07, 0xe0, 0x07, 0xe0, 0x07, 0xe0, 0x07, 0x02, 0x48, 0x02, 0x48,
    0x41, 0x80, 0x41, 0x80, 0xc0, 0xc0, 0xc0, 0xc0, 0xc0, 0xc0, 0xc0, 0xc0, 0xc0, 0xc0, 0x80, 0xe9,
    0x22, 0xfd, 0x09, 0xff, 0x09, 0xff, 0x09, 0xff, 0x09, 0xff, 0x09, 0xff, 0x09, 0xff, 0x09, 0xff,
    0x22, 0xfd, 0x22, 0xfd, 0x80, 0xe9, 0xc0, 0xc0, 0xc0, 0xc0, 0xc0, 0xc0, 0x41, 0x80, 0x41, 0x80,
    0x41, 0x80, 0xe0, 0x07, 0xe0, 0x07, 0xe0, 0x07, 0xe0, 0x07, 0xe0, 0x07, 0xe0, 0x07, 0xe0, 0x07,
    0xe0, 0x07, 0xe0, 0x07, 0xe0, 0x07, 0xe0, 0x07, 0xe0, 0x07, 0xe0, 0x07, 0xe0, 0x07, 0xe0, 0x07,
    0xe0, 0x07, 0xe0, 0x07, 0xe0, 0x07, 0xe0, 0x07, 0xe0, 0x07, 0xe0, 0x07, 0xe0, 0x07, 0xe0, 0x07,
    0xe0, 0x07, 0xe0, 0x07, 0xe0, 0x07, 0xe0, 0x07, 0xe0, 0x07, 0xe0, 0x07, 0xe0, 0x07, 0xe0, 0x07,
    0xe0, 0x07, 0xe0, 0x07, 0xe0, 0x07, 0xe0, 0x07, 0xe0, 0x07, 0xe0, 0x07, 0xe0, 0x07, 0xe0, 0x07,
    0xe0, 0x07, 0xe0, 0x07, 0xe0, 0x07, 0xe0, 0x07, 0x02, 0x48, 0x02, 0x48, 0x41, 0x80, 0xc0, 0xc0,
    0xc0, 0xc0, 0xc0, 0xc0, 0xc0, 0xc0, 0x80, 0xe9, 0x80, 0xe9, 0x22, 0xfd, 0x22, 0xfd, 0x09, 0xff,
    0x09, 0xff, 0x09, 0xff, 0x09, 0xff, 0x09, 0xff, 0x09, 0xff, 0x09, 0xff, 0x09, 0xff, 0x22, 0xfd,
    0xc0, 0xc0, 0x80, 0xe9, 0xc0, 0xc0, 0xc0, 0xc0, 0xc0, 0xc0, 0x41, 0x80, 0x41, 0x80, 0x41, 0x80,
    0xe0, 0x07, 0xe0, 0x07, 0xe0, 0x07, 0xe0, 0x07, 0xe0, 0x07, 0xe0, 0x07, 0xe0, 0x07, 0xe0, 0x07,
    0xe0, 0x07, 0xe0, 0x07, 0xe0, 0x07, 0xe0, 0x07, 0xe0, 0x07, 0xe0, 0x07, 0xe0, 0x07, 0xe0, 0x07,
    0xe0, 0x07, 0xe0, 0x07, 0xe0, 0x07, 0xe0, 0x07, 0xe0, 0x07, 0xe0, 0x07, 0xe0, 0x07, 0xe0, 0x07,
    0xe0, 0x07, 0xe0, 0x07, 0xe0, 0x07, 0xe0, 0x07, 0xe0, 0x07, 0xe0, 0x07, 0xe0, 0x07, 0xe0, 0x07,
    0xe0, 0x07, 0xe0, 0x07, 0xe0, 0x07, 0xe0, 0x07, 0xe0, 0x07, 0xe0, 0x07, 0xe0, 0x07, 0xe0, 0x07,
    0xe0, 0x07, 0xe0, 0x07, 0xe0, 0x07, 0xe0, 0x07, 0x41, 0x80, 0x41, 0x80, 0xc0, 0xc0, 0xc0, 0xc0,
    0xc0, 0xc0, 0x80, 0xe9, 0x80, 0xe9, 0x40, 0xfb, 0x09, 0xff, 0x09, 0xff, 0x09, 0xff, 0x09, 0xff,
    0x09, 0xff, 0x09, 0xff, 0x09, 0xff, 0x09, 0xff, 0x09, 0xff, 0x22, 0xfd, 0x22, 0xfd, 0x80, 0xe9,
    0x80, 0xe9, 0x80, 0xe9, 0xc0, 0xc0, 0xc0, 0xc0, 0xc0, 0xc0, 0xc0, 0xc0, 0x41, 0x80, 0x41, 0x80,
    0x41, 0x80, 0xe0, 0x07, 0xe0, 0x07, 0xe0, 0x07, 0xe0, 0x07, 0xe0, 0x07, 0xe0, 0x07, 0xe0, 0x07,
    0xe0, 0x07, 0xe0, 0x07, 0xe0, 0x07, 0xe0, 0x07, 0xe0, 0x07, 0xe0, 0x07, 0xe0, 0x07, 0xe0, 0x07,
    0xe0, 0x07, 0xe0, 0x07, 0xe0, 0x07, 0xe0, 0x07, 0xe0, 0x07, 0xe0, 0x07, 0xe0, 0x07, 0xe0, 0x07,
    0xe0, 0x07, 0xe0, 0x07, 0xe0, 0x07, 0xe0, 0x07, 0xe0, 0x07, 0xe0, 0x07, 0xe0, 0x07, 0xe0, 0x07,
    0xe0, 0x07, 0xe0, 0x07, 0xe0, 0x07, 0xe0, 0x07, 0xe0, 0x07, 0xe0, 0x07, 0xe0, 0x07, 0xe0, 0x07,
    0xe0, 0x07, 0xe0, 0x07, 0x02, 0x48, 0x41, 0x80, 0x41, 0x80, 0x41, 0x80, 0xc0, 0xc0, 0xc0, 0xc0,
    0x80, 0xe9, 0x80, 0xe9, 0x80, 0xe9, 0x09, 0xff, 0x09, 0xff, 0x09, 0xff, 0x09, 0xff, 0x09, 0xff,
    0x09, 0xff, 0x09, 0xff, 0x09, 0xff, 0x09, 0xff, 0x09, 0xff, 0x22, 0xfd, 0x80, 0xe9, 0xc0, 0xc0,
    0xc0, 0xc0, 0xc0, 0xc0, 0xc0, 0xc0, 0xc0, 0xc0, 0x41, 0x80, 0x41, 0x80, 0x41, 0x80, 0x41, 0x80,
    0x02, 0x48, 0xe0, 0x07, 0xe0, 0x07, 0xe0, 0x07, 0xe0, 0x07, 0xe0, 0x07, 0xe0, 0x07, 0xe0, 0x07,
    0xe0, 0x07, 0xe0, 0x07, 0xe0, 0x07, 0xe0, 0x07, 0xe0, 0x07, 0xe0, 0x07, 0xe0, 0x07, 0xe0, 0x07,
    0xe0, 0x07, 0xe0, 0x07, 0xe0, 0x07, 0xe0, 0x07, 0xe0, 0x07, 0xe0, 0x07, 0xe0, 0x07, 0xe0, 0x07,
    0xe0, 0x07, 0xe0, 0x07, 0xe0, 0x07, 0xe0, 0x07, 0xe0, 0x07, 0xe0, 0x07, 0xe0, 0x07, 0xe0, 0x07,
    0xe0, 0x07, 0xe0, 0x07, 0xe0, 0x07, 0xe0, 0x07, 0xe0, 0x07, 0xe0, 0x07, 0xe0, 0x07, 0xe0, 0x07,
    0xe0, 0x07, 0xe0, 0x07, 0x41, 0x80, 0x41, 0x80, 0x41, 0x80, 0xc0, 0xc0, 0xc0, 0xc0, 0xc0, 0xc0,
    0x80, 0xe9, 0x80, 0xe9, 0x22, 0xfd, 0x09, 0xff, 0x09, 0xff, 0x09, 0xff, 0x09, 0xff, 0x09, 0xff,
    0x09, 0xff, 0x09, 0xff, 0x09, 0xff, 0x09, 0xff, 0x09, 0xff, 0x22, 0xfd, 0x80, 0xe9, 0x80, 0xe9,
    0xc0, 0xc0, 0x80, 0xe9, 0xc0, 0xc0, 0xc0, 0xc0, 0xc0, 0xc0, 0x41, 0x80, 0x41, 0x80, 0x41, 0x80,
    0x02, 0x48, 0xe0, 0x07, 0xe0, 0x07, 0xe0, 0x07, 0xe0, 0x07, 0xe0, 0x07, 0xe0, 0x07, 0xe0, 0x07,
    0xe0, 0x07, 0xe0, 0x07, 0xe0, 0x07, 0xe0, 0x07, 0xe0, 0x07, 0xe0, 0x07, 0xe0, 0x07, 0xe0, 0x07,
    0xe0, 0x07, 0xe0, 0x07, 0xe0, 0x07, 0xe0, 0x07, 0xe0, 0x07, 0xe0, 0x07, 0xe0, 0x07, 0xe0, 0x07,
    0xe0, 0x07, 0xe0, 0x07, 0xe0, 0x07, 0xe0, 0x07, 0xe0, 0x07, 0xe0, 0x07, 0xe0, 0x07, 0xe0, 0x07,
    0xe0, 0x07, 0xe0, 0x07, 0xe0, 0x07, 0xe0, 0x07, 0xe0, 0x07, 0xe0, 0x07, 0xe0, 0x07, 0xe0, 0x07,
    0xe0, 0x07, 0xe0, 0x07, 0x02, 0x48, 0x41, 0x80, 0x41, 0x80, 0x41, 0x80, 0xc0, 0xc0, 0xc0, 0xc0,
    0x80, 0xe9, 0x80, 0xe9, 0x80, 0xe9, 0x22, 0xfd, 0x09, 0xff, 0x09, 0xff, 0x09, 0xff, 0x09, 0xff,
    0x09, 0xff, 0x09, 0xff, 0x09, 0xff, 0x09, 0xff, 0x09, 0xff, 0x09, 0xff, 0x22, 0xfd, 0x80, 0xe9,
    0xc0, 0xc0, 0x80, 0xe9, 0x80, 0xe9, 0x80, 0xe9, 0xc0, 0xc0, 0xc0, 0xc0, 0xc0, 0xc0, 0x41, 0x80,
    0x41, 0x80, 0xe0, 0x07, 0xe0, 0x07, 0xe0, 0x07, 0xe0, 0x07, 0xe0, 0x07, 0xe0, 0x07, 0xe0, 0x07,
    0xe0, 0x07, 0xe0, 0x07, 0xe0, 0x07, 0xe0, 0x07, 0xe0, 0x07, 0xe0, 0x07, 0xe0, 0x07, 0xe0, 0x07,
    0xe0, 0x07, 0xe0, 0x07, 0xe0, 0x07, 0xe0, 0x07, 0xe0, 0x07, 0xe0, 0x07, 0xe0, 0x07, 0xe0, 0x07,
    0xe0, 0x07, 0xe0, 0x07, 0xe0, 0x07, 0xe0, 0x07, 0xe0, 0x07, 0xe0, 0x07, 0xe0, 0x07, 0xe0, 0x07,
    0xe0, 0x07, 0xe0, 0x07, 0xe0, 0x07, 0xe0, 0x07, 0xe0, 0x07, 0xe0, 0x07, 0xe0, 0x07, 0xe0, 0x07,
    0xe0, 0x07, 0xe0, 0x07, 0xe0, 0x07, 0xe0, 0x07, 0x41, 0x80, 0x41, 0x80, 0xc0, 0xc0, 0xc0, 0xc0,
    0xc0, 0xc0, 0x80, 0xe9, 0x80, 0xe9, 0x80, 0xe9, 0x09, 0xff, 0x22, 0xfd, 0x09, 0xff, 0x09, 0xff,
    0x09, 0xff, 0x09, 0xff, 0x09, 0xff, 0x09, 0xff, 0x09, 0xff, 0x09, 0xff, 0x09, 0xff, 0x22, 0xfd,
    0x22, 0xfd, 0x80, 0xe9, 0x80, 0xe9, 0x80, 0xe9, 0xc0, 0xc0, 0xc0, 0xc0, 0xc0, 0xc0, 0x41, 0x80,
    0x41, 0x80, 0x41, 0x80, 0x02, 0x48, 0xe0, 0x07, 0xe0, 0x07, 0xe0, 0x07, 0xe0, 0x07, 0xe0, 0x07,
    0xe0, 0x07, 0xe0, 0x07, 0xe0, 0x07, 0xe0, 0x07, 0xe0, 0x07, 0xe0, 0x07, 0xe0, 0x07, 0xe0, 0x07,
    0xe0, 0x07, 0xe0, 0x07, 0xe0, 0x07, 0xe0, 0x07, 0xe0, 0x07, 0xe0, 0x07, 0xe0, 0x07, 0xe0, 0x07,
    0xe0, 0x07, 0xe0, 0x07, 0xe0, 0x07, 0xe0, 0x07, 0xe0, 0x07, 0xe0, 0x07, 0xe0, 0x07, 0xe0, 0x07,
    0xe0, 0x07, 0xe0, 0x07, 0xe0, 0x07, 0xe0, 0x07, 0xe0, 0x07, 0xe0, 0x07, 0xe0, 0x07, 0xe0, 0x07,
    0xe0, 0x07, 0xe0, 0x07, 0xe0, 0x07, 0x02, 0x48, 0x41, 0x80, 0x41, 0x80, 0xc0, 0xc0, 0xc0, 0xc0,
    0xc0, 0xc0, 0xc0, 0xc0, 0x80, 0xe9, 0x80, 0xe9, 0x80, 0xe9, 0x22, 0xfd, 0x09, 0xff, 0x09, 0xff,
    0x09, 0xff, 0x09, 0xff, 0x09, 0xff, 0x09, 0xff, 0x09, 0xff, 0x09, 0xff, 0x09, 0xff, 0x09, 0xff,
    0x22, 0xfd, 0x22, 0xfd, 0x80, 0xe9, 0x80, 0xe9, 0xc0, 0xc0, 0x80, 0xe9, 0xc0, 0xc0, 0xc0, 0xc0,
    0xc0, 0xc0, 0x41, 0x80, 0x41, 0x80, 0xe0, 0x07, 0xe0, 0x07, 0xe0, 0x07, 0xe0, 0x07, 0xe0, 0x07,
    0xe0, 0x07, 0xe0, 0x07, 0xe0, 0x07, 0xe0, 0x07, 0xe0, 0x07, 0xe0, 0x07, 0xe0, 0x07, 0xe0, 0x07,
    0xe0, 0x07, 0xe0, 0x07, 0xe0, 0x07, 0xe0, 0x07, 0xe0, 0x07, 0xe0, 0x07, 0xe0, 0x07, 0xe0, 0x07,
    0xe0, 0x07, 0xe0, 0x07, 0xe0, 0x07, 0xe0, 0x07, 0xe0, 0x07, 0xe0, 0x07, 0xe0, 0x07, 0xe0, 0x07,
    0xe0, 0x07, 0xe0, 0x07, 0xe0, 0x07, 0xe0, 0x07, 0xe0, 0x07, 0xe0, 0x07, 0xe0, 0x07, 0xe0, 0x07,
    0xe0, 0x07, 0xe0, 0x07, 0xe0, 0x07, 0x02, 0x48, 0x02, 0x48, 0xc0, 0xc0, 0xc0, 0xc0, 0xc0, 0xc0,
    0xc0, 0xc0, 0xc0, 0xc0, 0x80, 0xe9, 0x80, 0xe9, 0xc0, 0xc0, 0x22, 0xfd, 0x22, 0xfd, 0x09, 0xff,
    0x09, 0xff, 0x09, 0xff, 0x09, 0xff, 0x09, 0xff, 0x09, 0xff, 0x09, 0xff, 0x09, 0xff, 0x09, 0xff,
    0x09, 0xff, 0x22, 0xfd, 0x40, 0xfb, 0x80, 0xe9, 0x80, 0xe9, 0x80, 0xe9, 0x80, 0xe9, 0xc0, 0xc0,
    0xc0, 0xc0, 0xc0, 0xc0, 0x41, 0x80, 0xe0, 0x07, 0xe0, 0x07, 0xe0, 0x07, 0xe0, 0x07, 0xe0, 0x07,
    0xe0, 0x07, 0xe0, 0x07, 0xe0, 0x07, 0xe0, 0x07, 0xe0, 0x07, 0xe0, 0x07, 0xe0, 0x07, 0xe0, 0x07,
    0xe0, 0x07, 0xe0, 0x07, 0xe0, 0x07, 0xe0, 0x07, 0xe0, 0x07, 0xe0, 0x07, 0xe0, 0x07, 0xe0, 0x07,
    0xe0, 0x07, 0xe0, 0x07, 0xe0, 0x07, 0xe0, 0x07, 0xe0, 0x07, 0xe0, 0x07, 0xe0, 0x07, 0xe0, 0x07,
    0xe0, 0x07, 0xe0, 0x07, 0xe0, 0x07, 0xe0, 0x07, 0xe0, 0x07, 0xe0, 0x07, 0xe0, 0x07, 0xe0, 0x07,
    0xe0, 0x07, 0xe0, 0x07, 0xe0, 0x07, 0xe0, 0x07, 0x41, 0x80, 0x41, 0x80, 0xc0, 0xc0, 0xc0, 0xc0,
    0xc0, 0xc0, 0x80, 0xe9, 0x80, 0xe9, 0x80, 0xe9, 0x80, 0xe9, 0x22, 0xfd, 0x09, 0xff, 0x09, 0xff,
    0x09, 0xff, 0x09, 0xff, 0x09, 0xff, 0x09, 0xff, 0x09, 0xff, 0x09, 0xff, 0x09, 0xff, 0x09, 0xff,
    0x09, 0xff, 0x22, 0xfd, 0x22, 0xfd, 0x80, 0xe9, 0x80, 0xe9, 0x80, 0xe9, 0x80, 0xe9, 0xc0, 0xc0,
    0xc0, 0xc0, 0xc0, 0xc0, 0x41, 0x80, 0x41, 0x80, 0xe0, 0x07, 0xe0, 0x07, 0xe0, 0x07, 0xe0, 0x07,
    0xe0, 0x07, 0xe0, 0x07, 0xe0, 0x07, 0xe0, 0x07, 0xe0, 0x07, 0xe0, 0x07, 0xe0, 0x07, 0xe0, 0x07,
    0xe0, 0x07, 0xe0, 0x07, 0xe0, 0x07, 0xe0, 0x07, 0xe0, 0x07, 0xe0, 0x07, 0xe0, 0x07, 0xe0, 0x07,
    0xe0, 0x07, 0xe0, 0x07, 0xe0, 0x07, 0xe0, 0x07, 0xe0, 0x07, 0xe0, 0x07, 0xe0, 0x07, 0xe0, 0x07,
    0xe0, 0x07, 0xe0, 0x07, 0xe0, 0x07, 0xe0, 0x07, 0xe0, 0x07, 0xe0, 0x07, 0xe0, 0x07, 0xe0, 0x07,
    0xe0, 0x07, 0xe0, 0x07, 0xe0, 0x07, 0x41, 0x80, 0x41, 0x80, 0x41, 0x80, 0xc0, 0xc0, 0xc0, 0xc0,
    0xc0, 0xc0, 0x80, 0xe9, 0x80, 0xe9, 0x80, 0xe9, 0x80, 0xe9, 0x22, 0xfd, 0x09, 0xff, 0x09, 0xff,
    0x09, 0xff, 0x09, 0xff, 0x09, 0xff, 0x09, 0xff, 0x09, 0xff, 0x09, 0xff, 0x09, 0xff, 0x09, 0xff,
    0x09, 0xff, 0x22, 0xfd, 0x80, 0xe9, 0x80, 0xe9, 0x80, 0xe9, 0x80, 0xe9, 0x80, 0xe9, 0xc0, 0xc0,
    0xc0, 0xc0, 0xc0, 0xc0, 0xc0, 0xc0, 0x41, 0x80, 0xe0, 0x07, 0xe0, 0x07, 0xe0, 0x07, 0xe0, 0x07,
    0xe0, 0x07, 0xe0, 0x07, 0xe0, 0x07, 0xe0, 0x07, 0xe0, 0x07, 0xe0, 0x07, 0xe0, 0x07, 0xe0, 0x07,
    0xe0, 0x07, 0xe0, 0x07, 0xe0, 0x07, 0xe0, 0x07, 0xe0, 0x07, 0xe0, 0x07, 0xe0, 0x07, 0xe0, 0x07,
    0xe0, 0x07, 0xe0, 0x07, 0xe0, 0x07, 0xe0, 0x07, 0xe0, 0x07, 0xe0, 0x07, 0xe0, 0x07, 0xe0, 0x07,
    0xe0, 0x07, 0xe0, 0x07, 0xe0, 0x07, 0xe0, 0x07, 0xe0, 0x07, 0xe0, 0x07, 0xe0, 0x07, 0xe0, 0x07,
    0xe0, 0x07, 0xe0, 0x07, 0xe0, 0x07, 0x41, 0x80, 0x41, 0x80, 0xc0, 0xc0, 0xc0, 0xc0, 0xc0, 0xc0,
    0xc0, 0xc0, 0x80, 0xe9, 0x80, 0xe9, 0x80, 0xe9, 0x80, 0xe9, 0x22, 0xfd, 0x22, 0xfd, 0x09, 0xff,
    0x09, 0xff, 0x09, 0xff, 0x09, 0xff, 0x09, 0xff, 0x09, 0xff, 0x09, 0xff, 0x09, 0xff, 0x09, 0xff,
    0x09, 0xff, 0x22, 0xfd, 0x22, 0xfd, 0x80, 0xe9, 0x80, 0xe9, 0x80, 0xe9, 0x80, 0xe9, 0x80, 0xe9,
    0xc0, 0xc0, 0xc0, 0xc0, 0xc0, 0xc0, 0x41, 0x80, 0x41, 0x80, 0xe0, 0x07, 0xe0, 0x07, 0xe0, 0x07,
    0xe0, 0x07, 0xe0, 0x07, 0xe0, 0x07, 0xe0, 0x07, 0xe0, 0x07, 0xe0, 0x07, 0xe0, 0x07, 0xe0, 0x07,
    0xe0, 0x07, 0xe0, 0x07, 0xe0, 0x07, 0xe0, 0x07, 0xe0, 0x07, 0xe0, 0x07, 0xe0, 0x07, 0xe0, 0x07,
    0xe0, 0x07, 0xe0, 0x07, 0xe0, 0x07, 0xe0, 0x07, 0xe0, 0x07, 0xe0, 0x07, 0xe0, 0x07, 0xe0, 0x07,
    0xe0, 0x07, 0xe0, 0x07, 0xe0, 0x07, 0xe0, 0x07, 0xe0, 0x07, 0xe0, 0x07, 0xe0, 0x07, 0xe0, 0x07,
    0xe0, 0x07, 0xe0, 0x07, 0x41, 0x80, 0x41, 0x80, 0x41, 0x80, 0xc0, 0xc0, 0xc0, 0xc0, 0xc0, 0xc0,
    0xc0, 0xc0, 0xc0, 0xc0, 0xc0, 0xc0, 0xc0, 0xc0, 0x80, 0xe9, 0x80, 0xe9, 0x22, 0xfd, 0x09, 0xff,
    0x09, 0xff, 0x09, 0xff, 0x09, 0xff, 0x09, 0xff, 0x09, 0xff, 0x09, 0xff, 0x09, 0xff, 0x09, 0xff,
    0x09, 0xff, 0x09, 0xff, 0x22, 0xfd, 0x22, 0xfd, 0x40, 0xfb, 0x80, 0xe9, 0x80, 0xe9, 0x80, 0xe9,
    0xc0, 0xc0, 0xc0, 0xc0, 0xc0, 0xc0, 0xc0, 0xc0, 0xc0, 0xc0, 0x02, 0x48, 0x02, 0x48, 0xe0, 0x07,
    0xe0, 0x07, 0xe0, 0x07, 0xe0, 0x07, 0xe0, 0x07, 0xe0, 0x07, 0xe0, 0x07, 0xe0, 0x07, 0xe0, 0x07,
    0xe0, 0x07, 0xe0, 0x07, 0xe0, 0x07, 0xe0, 0x07, 0xe0, 0x07, 0xe0, 0x07, 0xe0, 0x07, 0xe0, 0x07,
    0xe0, 0x07, 0xe0, 0x07, 0xe0, 0x07, 0xe0, 0x07, 0xe0, 0x07, 0xe0, 0x07, 0xe0, 0x07, 0xe0, 0x07,
    0xe0, 0x07, 0xe0, 0x07, 0xe0, 0x07, 0xe0, 0x07, 0xe0, 0x07, 0xe0, 0x07, 0xe0, 0x07, 0xe0, 0x07,
    0xe0, 0x07, 0xe0, 0x07, 0x41, 0x80, 0x41, 0x80, 0x41, 0x80, 0x41, 0x80, 0x41, 0x80, 0xc0, 0xc0,
    0xc0, 0xc0, 0xc0, 0xc0, 0xc0, 0xc0, 0xc0, 0xc0, 0xc0, 0xc0, 0xc0, 0xc0, 0x80, 0xe9, 0x22, 0xfd,
    0x22, 0xfd, 0x09, 0xff, 0x09, 0xff, 0x09, 0xff, 0x09, 0xff, 0x09, 0xff, 0x09, 0xff, 0x09, 0xff,
    0x09, 0xff, 0x09, 0xff, 0x09, 0xff, 0x09, 0xff, 0x22, 0xfd, 0x80, 0xe9, 0x80, 0xe9, 0x80, 0xe9,
    0x80, 0xe9, 0x80, 0xe9, 0xc0, 0xc0, 0xc0, 0xc0, 0xc0, 0xc0, 0x41, 0x80, 0x41, 0x80, 0xe0, 0x07,
    0xe0, 0x07, 0xe0, 0x07, 0xe0, 0x07, 0xe0, 0x07, 0xe0, 0x07, 0xe0, 0x07, 0xe0, 0x07, 0xe0, 0x07,
    0xe0, 0x07, 0xe0, 0x07, 0xe0, 0x07, 0xe0, 0x07, 0xe0, 0x07, 0xe0, 0x07, 0xe0, 0x07, 0xe0, 0x07,
    0xe0, 0x07, 0xe0, 0x07, 0xe0, 0x07, 0xe0, 0x07, 0xe0, 0x07, 0xe0, 0x07, 0xe0, 0x07, 0xe0, 0x07,
    0xe0, 0x07, 0xe0, 0x07, 0xe0, 0x07, 0xe0, 0x07, 0xe0, 0x07, 0xe0, 0x07, 0xe0, 0x07, 0xe0, 0x07,
    0xe0, 0x07, 0xe0, 0x07, 0xe0, 0x07, 0x41, 0x80, 0x41, 0x80, 0x41, 0x80, 0x41, 0x80, 0x41, 0x80,
    0xc0, 0xc0, 0x41, 0x80, 0x41, 0x80, 0xc0, 0xc0, 0xc0, 0xc0, 0xc0, 0xc0, 0x80, 0xe9, 0x80, 0xe9,
    0x22, 0xfd, 0x22, 0xfd, 0x09, 0xff, 0x09, 0xff, 0x09, 0xff, 0x09, 0xff, 0x09, 0xff, 0x09, 0xff,
    0x09, 0xff, 0x09, 0xff, 0x09, 0xff, 0x09, 0xff, 0x09, 0xff, 0x09, 0xff, 0x09, 0xff, 0x80, 0xe9,
    0x80, 0xe9, 0x80, 0xe9, 0x80, 0xe9, 0xc0, 0xc0, 0xc0, 0xc0, 0xc0, 0xc0, 0x41, 0x80, 0x41, 0x80,
    0x02, 0x48, 0xe0, 0x07, 0xe0, 0x07, 0xe0, 0x07, 0xe0, 0x07, 0xe0, 0x07, 0xe0, 0x07, 0xe0, 0x07,
    0xe0, 0x07, 0xe0, 0x07, 0xe0, 0x07, 0xe0, 0x07, 0xe0, 0x07, 0xe0, 0x07, 0xe0, 0x07, 0xe0, 0x07,
    0xe0, 0x07, 0xe0, 0x07, 0xe0, 0x07, 0xe0, 0x07, 0xe0, 0x07, 0xe0, 0x07, 0xe0, 0x07, 0xe0, 0x07,
    0xe0, 0x07, 0xe0, 0x07, 0xe0, 0x07, 0xe0, 0x07, 0xe0, 0x07, 0xe0, 0x07, 0xe0, 0x07, 0xe0, 0x07,
    0xe0, 0x07, 0xe0, 0x07, 0xe0, 0x07, 0x41, 0x80, 0x41, 0x80, 0x41, 0x80, 0x41, 0x80, 0x41, 0x80,
    0xc0, 0xc0, 0x41, 0x80, 0xc0, 0xc0, 0xc0, 0xc0, 0xc0, 0xc0, 0xc0, 0xc0, 0xc0, 0xc0, 0xc0, 0xc0,
    0x22, 0xfd, 0x22, 0xfd, 0x09, 0xff, 0x09, 0xff, 0x09, 0xff, 0x09, 0xff, 0x09, 0xff, 0x09, 0xff,
    0x09, 0xff, 0x09, 0xff, 0x09, 0xff, 0x09, 0xff, 0x09, 0xff, 0x09, 0xff, 0x09, 0xff, 0x09, 0xff,
    0x80, 0xe9, 0x80, 0xe9, 0x80, 0xe9, 0x80, 0xe9, 0x80, 0xe9, 0xc0, 0xc0, 0x41, 0x80, 0x41, 0x80,
    0x41, 0x80, 0x41, 0x80, 0xe0, 0x07, 0xe0, 0x07, 0xe0, 0x07, 0xe0, 0x07, 0xe0, 0x07, 0xe0, 0x07,
    0xe0, 0x07, 0xe0, 0x07, 0xe0, 0x07, 0xe0, 0x07, 0xe0, 0x07, 0xe0, 0x07, 0xe0, 0x07, 0xe0, 0x07,
    0xe0, 0x07, 0xe0, 0x07, 0xe0, 0x07, 0xe0, 0x07, 0xe0, 0x07, 0xe0, 0x07, 0xe0, 0x07, 0xe0, 0x07,
    0xe0, 0x07, 0xe0, 0x07, 0xe0, 0x07, 0xe0, 0x07, 0xe0, 0x07, 0xe0, 0x07, 0xe0, 0x07, 0xe0, 0x07,
    0xe0, 0x07, 0xe0, 0x07, 0x41, 0x80, 0x41, 0x80, 0x41, 0x80, 0x41, 0x80, 0x41, 0x80, 0xc0, 0xc0,
    0xc0, 0xc0, 0x41, 0x80, 0xc0, 0xc0, 0xc0, 0xc0, 0xc0, 0xc0, 0xc0, 0xc0, 0xc0, 0xc0, 0x80, 0xe9,
    0x22, 0xfd, 0x09, 0xff, 0x09, 0xff, 0x09, 0xff, 0x09, 0xff, 0x09, 0xff, 0x09, 0xff, 0x09, 0xff,
    0x09, 0xff, 0x09, 0xff, 0x09, 0xff, 0x09, 0xff, 0x09, 0xff, 0x22, 0xfd, 0x09, 0xff, 0x40, 0xfb,
    0x80, 0xe9, 0x80, 0xe9, 0x80, 0xe9, 0x80, 0xe9, 0xc0, 0xc0, 0xc0, 0xc0, 0x41, 0x80, 0x41, 0x80,
    0x41, 0x80, 0x41, 0x80, 0xe0, 0x07, 0xe0, 0x07, 0xe0, 0x07, 0xe0, 0x07, 0xe0, 0x07, 0xe0, 0x07,
    0xe0, 0x07, 0xe0, 0x07, 0xe0, 0x07, 0xe0, 0x07, 0xe0, 0x07, 0xe0, 0x07, 0xe0, 0x07, 0xe0, 0x07,
    0xe0, 0x07, 0xe0, 0x07, 0xe0, 0x07, 0xe0, 0x07, 0xe0, 0x07, 0xe0, 0x07, 0xe0, 0x07, 0xe0, 0x07,
    0xe0, 0x07, 0xe0, 0x07, 0xe0, 0x07, 0xe0, 0x07, 0xe0, 0x07, 0xe0, 0x07, 0xe0, 0x07, 0xe0, 0x07,
    0xe0, 0x07, 0x41, 0x80, 0x41, 0x80, 0x41, 0x80, 0x41, 0x80, 0x41, 0x80, 0xc0, 0xc0, 0xc0, 0xc0,
    0xc0, 0xc0, 0xc0, 0xc0, 0xc0, 0xc0, 0xc0, 0xc0, 0x80, 0xe9, 0x80, 0xe9, 0x22, 0xfd, 0x22, 0xfd,
    0x22, 0xfd, 0x09, 0xff, 0x09, 0xff, 0x09, 0xff, 0x09, 0xff, 0x09, 0xff, 0x09, 0xff, 0x09, 0xff,
    0x09, 0xff, 0x09, 0xff, 0x09, 0xff, 0x09, 0xff, 0x22, 0xfd, 0x22, 0xfd, 0x40, 0xfb, 0x80, 0xe9,
    0x80, 0xe9, 0x80, 0xe9, 0xc0, 0xc0, 0x80, 0xe9, 0xc0, 0xc0, 0xc0, 0xc0, 0x41, 0x80, 0x41, 0x80,
    0x41, 0x80, 0xe0, 0x07, 0xe0, 0x07, 0xe0, 0x07, 0xe0, 0x07, 0xe0, 0x07, 0xe0, 0x07, 0xe0, 0x07,
    0xe0, 0x07, 0xe0, 0x07, 0xe0, 0x07, 0xe0, 0x07, 0xe0, 0x07, 0xe0, 0x07, 0xe0, 0x07, 0xe0, 0x07,
    0xe0, 0x07, 0xe0, 0x07, 0xe0, 0x07, 0xe0, 0x07, 0xe0, 0x07, 0xe0, 0x07, 0xe0, 0x07, 0xe0, 0x07,
    0xe0, 0x07, 0xe0, 0x07, 0xe0, 0x07, 0xe0, 0x07, 0xe0, 0x07, 0xe0, 0x07, 0xe0, 0x07, 0xe0, 0x07,
    0xe0, 0x07, 0x41, 0x80, 0x41, 0x80, 0xc0, 0xc0, 0xc0, 0xc0, 0xc0, 0xc0, 0xc0, 0xc0, 0xc0, 0xc0,
    0x80, 0xe9, 0xc0, 0xc0, 0xc0, 0xc0, 0x80, 0xe9, 0x22, 0xfd, 0x22, 0xfd, 0x09, 0xff, 0x09, 0xff,
    0x09, 0xff, 0x09, 0xff, 0x09, 0xff, 0x09, 0xff, 0x09, 0xff, 0x09, 0xff, 0x09, 0xff, 0x09, 0xff,
    0x09, 0xff, 0x09, 0xff, 0x09, 0xff, 0x22, 0xfd, 0x80, 0xe9, 0x40, 0xfb, 0x80, 0xe9, 0x80, 0xe9,
    0x80, 0xe9, 0xc0, 0xc0, 0xc0, 0xc0, 0xc0, 0xc0, 0xc0, 0xc0, 0xc0, 0xc0, 0x02, 0x48, 0x41, 0x80,
    0xe0, 0x07, 0xe0, 0x07, 0xe0, 0x07, 0xe0, 0x07, 0xe0, 0x07, 0xe0, 0x07, 0xe0, 0x07, 0xe0, 0x07,
    0xe0, 0x07, 0xe0, 0x07, 0xe0, 0x07, 0xe0, 0x07, 0xe0, 0x07, 0xe0, 0x07, 0xe0, 0x07, 0xe0, 0x07,
    0xe0, 0x07, 0xe0, 0x07, 0xe0, 0x07, 0xe0, 0x07, 0xe0, 0x07, 0xe0, 0x07, 0xe0, 0x07, 0xe0, 0x07,
    0xe0, 0x07, 0xe0, 0x07, 0xe0, 0x07, 0xe0, 0x07, 0xe0, 0x07, 0xe0, 0x07, 0x02, 0x48, 0x02, 0x48,
    0x41, 0x80, 0xc0, 0xc0, 0xc0, 0xc0, 0xc0, 0xc0, 0xc0, 0xc0, 0x80, 0xe9, 0x80, 0xe9, 0x80, 0xe9,
    0x80, 0xe9, 0x80, 0xe9, 0x22, 0xfd, 0x22, 0xfd, 0x22, 0xfd, 0x09, 0xff, 0x09, 0xff, 0x09, 0xff,
    0x09, 0xff, 0x09, 0xff, 0x09, 0xff, 0x09, 0xff, 0x09, 0xff, 0x09, 0xff, 0x09, 0xff, 0x09, 0xff,
    0x09, 0xff, 0x22, 0xfd, 0x22, 0xfd, 0x80, 0xe9, 0x80, 0xe9, 0x80, 0xe9, 0x80, 0xe9, 0x80, 0xe9,
    0xc0, 0xc0, 0xc0, 0xc0, 0xc0, 0xc0, 0xc0, 0xc0, 0xc0, 0xc0, 0x41, 0x80, 0x02, 0x48, 0xe0, 0x07,
    0xe0, 0x07, 0xe0, 0x07, 0xe0, 0x07, 0xe0, 0x07, 0xe0, 0x07, 0xe0, 0x07, 0xe0, 0x07, 0xe0, 0x07,
    0xe0, 0x07, 0xe0, 0x07, 0xe0, 0x07, 0xe0, 0x07, 0xe0, 0x07, 0xe0, 0x07, 0xe0, 0x07, 0xe0, 0x07,
    0xe0, 0x07, 0xe0, 0x07, 0xe0, 0x07, 0xe0, 0x07, 0xe0, 0x07, 0xe0, 0x07, 0xe0, 0x07, 0xe0, 0x07,
    0xe0, 0x07, 0xe0, 0x07, 0xe0, 0x07, 0xe0, 0x07, 0xe0, 0x07, 0x02, 0x48, 0x41, 0x80, 0x41, 0x80,
    0x41, 0x80, 0x41, 0x80, 0xc0, 0xc0, 0xc0, 0xc0, 0xc0, 0xc0, 0x80, 0xe9, 0x80, 0xe9, 0x40, 0xfb,
    0x40, 0xfb, 0x09, 0xff, 0x22, 0xfd, 0x09, 0xff, 0x09, 0xff, 0x09, 0xff, 0x09, 0xff, 0x09, 0xff,
    0x09, 0xff, 0x09, 0xff, 0x09, 0xff, 0x09, 0xff, 0x09, 0xff, 0x09, 0xff, 0x09, 0xff, 0x09, 0xff,
    0x22, 0xfd, 0x22, 0xfd, 0x80, 0xe9, 0xc0, 0xc0, 0x80, 0xe9, 0x80, 0xe9, 0x80, 0xe9, 0xc0, 0xc0,
    0xc0, 0xc0, 0xc0, 0xc0, 0xc0, 0xc0, 0xc0, 0xc0, 0x41, 0x80, 0xe0, 0x07, 0xe0, 0x07, 0xe0, 0x07,
    0xe0, 0x07, 0xe0, 0x07, 0xe0, 0x07, 0xe0, 0x07, 0xe0, 0x07, 0xe0, 0x07, 0xe0, 0x07, 0xe0, 0x07,
    0xe0, 0x07, 0xe0, 0x07, 0xe0, 0x07, 0xe0, 0x07, 0xe0, 0x07, 0xe0, 0x07, 0xe0, 0x07, 0xe0, 0x07,
    0xe0, 0x07, 0xe0, 0x07, 0xe0, 0x07, 0xe0, 0x07, 0xe0, 0x07, 0xe0, 0x07, 0xe0, 0x07, 0xe0, 0x07,
    0xe0, 0x07, 0xe0, 0x07, 0xe0, 0x07, 0xe0, 0x07, 0x41, 0x80, 0x41, 0x80, 0x41, 0x80, 0x41, 0x80,
    0x41, 0x80, 0xc0, 0xc0, 0xc0, 0xc0, 0xc0, 0xc0, 0x80, 0xe9, 0x80, 0xe9, 0x40, 0xfb, 0x40, 0xfb,
    0x22, 0xfd, 0x09, 0xff, 0x09, 0xff, 0x09, 0xff, 0x09, 0xff, 0x09, 0xff, 0x09, 0xff, 0x09, 0xff,
    0x09, 0xff, 0x09, 0xff, 0x09, 0xff, 0x09, 0xff, 0x09, 0xff, 0x09, 0xff, 0x09, 0xff, 0x22, 0xfd,
    0x22, 0xfd, 0x80, 0xe9, 0xc0, 0xc0, 0xc0, 0xc0, 0x80, 0xe9, 0x80, 0xe9, 0x80, 0xe9, 0xc0, 0xc0,
    0xc0, 0xc0, 0xc0, 0xc0, 0x41, 0x80, 0xc0, 0xc0, 0xe0, 0x07, 0x02, 0x48, 0xe0, 0x07, 0xe0, 0x07,
    0xe0, 0x07, 0xe0, 0x07, 0xe0, 0x07, 0xe0, 0x07, 0xe0, 0x07, 0xe0, 0x07, 0xe0, 0x07, 0xe0, 0x07,
    0xe0, 0x07, 0xe0, 0x07, 0xe0, 0x07, 0xe0, 0x07, 0xe0, 0x07, 0xe0, 0x07, 0xe0, 0x07, 0xe0, 0x07,
    0xe0, 0x07, 0xe0, 0x07, 0xe0, 0x07, 0xe0, 0x07, 0xe0, 0x07, 0xe0, 0x07, 0xe0, 0x07, 0xe0, 0x07,
    0xe0, 0x07, 0xe0, 0x07, 0xe0, 0x07, 0xe0, 0x07, 0x02, 0x48, 0x02, 0x48, 0x41, 0x80, 0x41, 0x80,
    0x41, 0x80, 0x41, 0x80, 0x41, 0x80, 0xc0, 0xc0, 0x80, 0xe9, 0x80, 0xe9, 0x80, 0xe9, 0x80, 0xe9,
    0x09, 0xff, 0x09, 0xff, 0x09, 0xff, 0x09, 0xff, 0x09, 0xff, 0x09, 0xff, 0x09, 0xff, 0x09, 0xff,
    0x09, 0xff, 0x09, 0xff, 0x09, 0xff, 0x09, 0xff, 0x09, 0xff, 0x09, 0xff, 0x09, 0xff, 0x22, 0xfd,
    0x22, 0xfd, 0x22, 0xfd, 0x80, 0xe9, 0x80, 0xe9, 0x80, 0xe9, 0x80, 0xe9, 0x80, 0xe9, 0x80, 0xe9,
    0xc0, 0xc0, 0xc0, 0xc0, 0xc0, 0xc0, 0x41, 0x80, 0x41, 0x80, 0x02, 0x48, 0xe0, 0x07, 0xe0, 0x07,
    0xe0, 0x07, 0xe0, 0x07, 0xe0, 0x07, 0xe0, 0x07, 0xe0, 0x07, 0xe0, 0x07, 0xe0, 0x07, 0xe0, 0x07,
    0xe0, 0x07, 0xe0, 0x07, 0xe0, 0x07, 0xe0, 0x07, 0xe0, 0x07, 0xe0, 0x07, 0xe0, 0x07, 0xe0, 0x07,
    0xe0, 0x07, 0xe0, 0x07, 0xe0, 0x07, 0xe0, 0x07, 0xe0, 0x07, 0xe0, 0x07, 0xe0, 0x07, 0xe0, 0x07,
    0xe0, 0x07, 0xe0, 0x07, 0xe0, 0x07, 0xe0, 0x07, 0xe0, 0x07, 0x41, 0x80, 0x41, 0x80, 0x41, 0x80,
    0x41, 0x80, 0x41, 0x80, 0x41, 0x80, 0xc0, 0xc0, 0x80, 0xe9, 0x80, 0xe9, 0x80, 0xe9, 0x80, 0xe9,
    0x40, 0xfb, 0x09, 0xff, 0x09, 0xff, 0x09, 0xff, 0x09, 0xff, 0x09, 0xff, 0x09, 0xff, 0x09, 0xff,
    0x09, 0xff, 0x09, 0xff, 0x09, 0xff, 0x09, 0xff, 0x09, 0xff, 0x09, 0xff, 0x09, 0xff, 0x09, 0xff,
    0x22, 0xfd, 0x22, 0xfd, 0x09, 0xff, 0x80, 0xe9, 0x40, 0xfb, 0x80, 0xe9, 0x80, 0xe9, 0x80, 0xe9,
    0xc0, 0xc0, 0x80, 0xe9, 0x41, 0x80, 0x41, 0x80, 0x41, 0x80, 0x02, 0x48, 0x41, 0x80, 0xe0, 0x07,
    0xe0, 0x07, 0xe0, 0x07, 0xe0, 0x07, 0xe0, 0x07, 0xe0, 0x07, 0xe0, 0x07, 0xe0, 0x07, 0xe0, 0x07,
    0xe0, 0x07, 0xe0, 0x07, 0xe0, 0x07, 0xe0, 0x07, 0xe0, 0x07, 0xe0, 0x07, 0xe0, 0x07, 0xe0, 0x07,
    0xe0, 0x07, 0xe0, 0x07, 0xe0, 0x07, 0xe0, 0x07, 0xe0, 0x07, 0xe0, 0x07, 0xe0, 0x07, 0xe0, 0x07,
    0xe0, 0x07, 0xe0, 0x07, 0xe0, 0x07, 0xe0, 0x07, 0xe0, 0x07, 0x02, 0x48, 0x02, 0x48, 0x41, 0x80,
    0x41, 0x80, 0x41, 0x80, 0x41, 0x80, 0x41, 0x80, 0xc0, 0xc0, 0x80, 0xe9, 0x80, 0xe9, 0x80, 0xe9,
    0x80, 0xe9, 0x80, 0xe9, 0x09, 0xff, 0x09, 0xff, 0x09, 0xff, 0x09, 0xff, 0x09, 0xff, 0x09, 0xff,
    0x09, 0xff, 0x09, 0xff, 0x09, 0xff, 0x09, 0xff, 0x09, 0xff, 0x09, 0xff, 0x09, 0xff, 0x09, 0xff,
    0x09, 0xff, 0x09, 0xff, 0x09, 0xff, 0x09, 0xff, 0x40, 0xfb, 0x80, 0xe9, 0x80, 0xe9, 0x80, 0xe9,
    0x80, 0xe9, 0x80, 0xe9, 0x41, 0x80, 0x41, 0x80, 0x41, 0x80, 0x41, 0x80, 0x41, 0x80, 0xe0, 0x07,
    0x02, 0x48, 0xe0, 0x07, 0xe0, 0x07, 0xe0, 0x07, 0xe0, 0x07, 0xe0, 0x07, 0xe0, 0x07, 0xe0, 0x07,
    0xe0, 0x07, 0xe0, 0x07, 0xe0, 0x07, 0xe0, 0x07, 0xe0, 0x07, 0xe0, 0x07, 0xe0, 0x07, 0xe0, 0x07,
    0xe0, 0x07, 0xe0, 0x07, 0xe0, 0x07, 0xe0, 0x07, 0xe0, 0x07, 0xe0, 0x07, 0xe0, 0x07, 0xe0, 0x07,
    0xe0, 0x07, 0xe0, 0x07, 0xe0, 0x07, 0xe0, 0x07, 0xe0, 0x07, 0xe0, 0x07, 0xe0, 0x07, 0x41, 0x80,
    0x41, 0x80, 0x41, 0x80, 0x41, 0x80, 0x41, 0x80, 0xc0, 0xc0, 0xc0, 0xc0, 0x80, 0xe9, 0x80, 0xe9,
    0x80, 0xe9, 0x40, 0xfb, 0x40, 0xfb, 0x40, 0xfb, 0x40, 0xfb, 0x40, 0xfb, 0x40, 0xfb, 0x40, 0xfb,
    0x40, 0xfb, 0x40, 0xfb, 0x40, 0xfb, 0x40, 0xfb, 0x40, 0xfb, 0x40, 0xfb, 0x40, 0xfb, 0x40, 0xfb,
    0x40, 0xfb, 0x40, 0xfb, 0x40, 0xfb, 0x40, 0xfb, 0x40, 0xfb, 0x40, 0xfb, 0x80, 0xe9, 0x80, 0xe9,
    0x80, 0xe9, 0xc0, 0xc0, 0xc0, 0xc0, 0x41, 0x80, 0x41, 0x80, 0x41, 0x80, 0x41, 0x80, 0x02, 0x48,
    0x02, 0x48, 0xe0, 0x07, 0xe0, 0x07, 0xe0, 0x07, 0xe0, 0x07, 0xe0, 0x07, 0xe0, 0x07, 0xe0, 0x07,
    0xe0, 0x07, 0xe0, 0x07, 0xe0, 0x07, 0xe0, 0x07, 0xe0, 0x07, 0xe0, 0x07, 0xe0, 0x07, 0xe0, 0x07,
    0xe0, 0x07, 0xe0, 0x07, 0xe0, 0x07, 0xe0, 0x07, 0xe0, 0x07, 0xe0, 0x07, 0xe0, 0x07, 0xe0, 0x07,
    0xe0, 0x07, 0xe0, 0x07, 0xe0, 0x07, 0xe0, 0x07, 0xe0, 0x07, 0xe0, 0x07, 0x41, 0x80, 0x41, 0x80,
    0x41, 0x80, 0x41, 0x80, 0x41, 0x80, 0xc0, 0xc0, 0xc0, 0xc0, 0xc0, 0xc0, 0xc0, 0xc0, 0x80, 0xe9,
    0x40, 0xfb, 0x40, 0xfb, 0x40, 0xfb, 0x40, 0xfb, 0x40, 0xfb, 0x40, 0xfb, 0x40, 0xfb, 0x40, 0xfb,
    0x40, 0xfb, 0x40, 0xfb, 0x40, 0xfb, 0x40, 0xfb, 0x40, 0xfb, 0x40, 0xfb, 0x40, 0xfb, 0x40, 0xfb,
    0x40, 0xfb, 0x40, 0xfb, 0x40, 0xfb, 0x40, 0xfb, 0x40, 0xfb, 0x40, 0xfb, 0x80, 0xe9, 0x80, 0xe9,
    0xc0, 0xc0, 0xc0, 0xc0, 0xc0, 0xc0, 0x41, 0x80, 0x41, 0x80, 0x41, 0x80, 0x41, 0x80, 0x41, 0x80,
    0x02, 0x48, 0x02, 0x48, 0xe0, 0x07, 0xe0, 0x07, 0xe0, 0x07, 0xe0, 0x07, 0xe0, 0x07, 0xe0, 0x07,
    0xe0, 0x07, 0xe0, 0x07, 0xe0, 0x07, 0xe0, 0x07, 0xe0, 0x07, 0xe0, 0x07, 0xe0, 0x07, 0xe0, 0x07,
    0xe0, 0x07, 0xe0, 0x07, 0xe0, 0x07, 0xe0, 0x07, 0xe0, 0x07, 0xe0, 0x07, 0xe0, 0x07, 0xe0, 0x07,
    0xe0, 0x07, 0xe0, 0x07, 0xe0, 0x07, 0xe0, 0x07, 0xe0, 0x07, 0x41, 0x80, 0x41, 0x80, 0x41, 0x80,
    0x41, 0x80, 0x41, 0x80, 0xc0, 0xc0, 0xc0, 0xc0, 0xc0, 0xc0, 0xc0, 0xc0, 0xc0, 0xc0, 0xc0, 0xc0,
    0x40, 0xfb, 0x40, 0xfb, 0x40, 0xfb, 0x40, 0xfb, 0x40, 0xfb, 0x40, 0xfb, 0x40, 0xfb, 0x40, 0xfb,
    0x40, 0xfb, 0x40, 0xfb, 0x40, 0xfb, 0x40, 0xfb, 0x40, 0xfb, 0x40, 0xfb, 0x40, 0xfb, 0x40, 0xfb,
    0x40, 0xfb, 0x40, 0xfb, 0x40, 0xfb, 0x40, 0xfb, 0x40, 0xfb, 0x40, 0xfb, 0x80, 0xe9, 0xc0, 0xc0,
    0xc0, 0xc0, 0xc0, 0xc0, 0xc0, 0xc0, 0x41, 0x80, 0x41, 0x80, 0x41, 0x80, 0x41, 0x80, 0x41, 0x80,
    0xe0, 0x07, 0x02, 0x48, 0xe0, 0x07, 0xe0, 0x07, 0xe0, 0x07, 0xe0, 0x07, 0xe0, 0x07, 0xe0, 0x07,
    0xe0, 0x07, 0xe0, 0x07, 0xe0, 0x07, 0xe0, 0x07, 0xe0, 0x07, 0xe0, 0x07, 0xe0, 0x07, 0xe0, 0x07,
};

const lv_img_dsc_t bongo_fire_5 = {
    .header.cf = LV_IMG_CF_TRUE_COLOR_CHROMA_KEYED,
    .header.always_zero = 0,
    .header.reserved = 0,
    .header.w = 72,
    .header.h = 52,
    .data_size = sizeof(bongo_fire_5_map),
    .data = bongo_fire_5_map,
};

static const uint8_t bongo_fire_6_map[] = {
    0xe0, 0x07, 0xe0, 0x07, 0xe0, 0x07, 0xe0, 0x07, 0xe0, 0x07, 0xe0, 0x07, 0xe0, 0x07, 0xe0, 0x07,
    0xe0, 0x07, 0xe0, 0x07, 0xe0, 0x07, 0xe0, 0x07, 0xe0, 0x07, 0xe0, 0x07, 0xe0, 0x07, 0xe0, 0x07,
    0xe0, 0x07, 0xe0, 0x07, 0xe0, 0x07, 0xe0, 0x07, 0xe0, 0x07, 0xe0, 0x07, 0xe0, 0x07, 0xe0, 0x07,
    0xe0, 0x07, 0xe0, 0x07, 0xe0, 0x07, 0xe0, 0x07, 0xe0, 0x07, 0xe0, 0x07, 0xe0, 0x07, 0xe0, 0x07,
    0xe0, 0x07, 0xe0, 0x07, 0xe0, 0x07, 0xe0, 0x07, 0xe0, 0x07, 0x41, 0x80, 0x80, 0xe9, 0xe0, 0x07,
    0xe0, 0x07, 0xe0, 0x07, 0xe0, 0x07, 0xe0, 0x07, 0xe0, 0x07, 0xe0, 0x07, 0xe0, 0x07, 0xe0, 0x07,
    0xe0, 0x07, 0xe0, 0x07, 0xe0, 0x07, 0xe0, 0x07, 0xe0, 0x07, 0xe0, 0x07, 0xe0, 0x07, 0xe0, 0x07,
    0xe0, 0x07, 0xe0, 0x07, 0xe0, 0x07, 0xe0, 0x07, 0xe0, 0x07, 0xe0, 0x07, 0xe0, 0x07, 0xe0, 0x07,
    0xe0, 0x07, 0xe0, 0x07, 0xe0, 0x07, 0xe0, 0x07, 0xe0, 0x07, 0xe0, 0x07, 0xe0, 0x07, 0xe0, 0x07,
    0xe0, 0x07, 0xe0, 0x07, 0xe0, 0x07, 0xe0, 0x07, 0xe0, 0x07, 0xe0, 0x07, 0xe0, 0x07, 0xe0, 0x07,
    0xe0, 0x07, 0xe0, 0x07, 0xe0, 0x07, 0xe0, 0x07, 0xe0, 0x07, 0xe0, 0x07, 0xe0, 0x07, 0xe0, 0x07,
    0xe0, 0x07, 0xe0, 0x07, 0xe0, 0x07, 0xe0, 0x07, 0xe0, 0x07, 0xe0, 0x07, 0xe0, 0x07, 0xe0, 0x07,
    0xe0, 0x07, 0xe0, 0x07, 0xe0, 0x07, 0xe0, 0x07, 0xe0, 0x07, 0xe0, 0x07, 0xe0, 0x07, 0xe0, 0x07,
    0xe0, 0x07, 0xe0, 0x07, 0xe0, 0x07, 0xe0, 0x07, 0xe0, 0x07, 0x41, 0x80, 0x80, 0xe9, 0x40, 0xfb,
    0xc0, 0xc0, 0xe0, 0x07, 0xe0, 0x07, 0xe0, 0x07, 0xe0, 0x07, 0xe0, 0x07, 0xe0, 0x07, 0xe0, 0x07,
    0xe0, 0x07, 0xe0, 0x07, 0xe0, 0x07, 0xe0, 0x07, 0xe0, 0x07, 0xe0, 0x07, 0xe0, 0x07, 0xe0, 0x07,
    0xe0, 0x07, 0xe0, 0x07, 0xe0, 0x07, 0xe0, 0x07, 0xe0, 0x07, 0xe0, 0x07, 0xe0, 0x07, 0xe0, 0x07,
    0xe0, 0x07, 0xe0, 0x07, 0xe0, 0x07, 0xe0, 0x07, 0xe0, 0x07, 0xe0, 0x07, 0xe0, 0x07, 0xe0, 0x07,
    0xe0, 0x07, 0xe0, 0x07, 0xe0, 0x07, 0xe0, 0x07, 0xe0, 0x07, 0xe0, 0x07, 0xe0, 0x07, 0xe0, 0x07,
    0xe0, 0x07, 0xe0, 0x07, 0xe0, 0x07, 0xe0, 0x07, 0xe0, 0x07, 0xe0, 0x07, 0xe0, 0x07, 0xe0, 0x07,
    0xe0, 0x07, 0xe0, 0x07, 0xe0, 0x07, 0xe0, 0x07, 0xe0, 0x07, 0xe0, 0x07, 0xe0, 0x07, 0xe0, 0x07,
    0xe0, 0x07, 0xe0, 0x07, 0xe0, 0x07, 0xe0, 0x07, 0xe0, 0x07, 0xe0, 0x07, 0xe0, 0x07, 0xe0, 0x07,
    0xe0, 0x07, 0xe0, 0x07, 0xe0, 0x07, 0xe0, 0x07, 0xe0, 0x07, 0x41, 0x80, 0x80, 0xe9, 0x80, 0xe9,
    0xc0, 0xc0, 0xe0, 0x07, 0xe0, 0x07, 0xe0, 0x07, 0xe0, 0x07, 0xe0, 0x07, 0xe0, 0x07, 0xe0, 0x07,
    0xe0, 0x07, 0xe0, 0x07, 0xe0, 0x07, 0xe0, 0x07, 0xe0, 0x07, 0xe0, 0x07, 0xe0, 0x07, 0xe0, 0x07,
    0xe0, 0x07, 0xe0, 0x07, 0xe0, 0x07, 0xe0, 0x07, 0xe0, 0x07, 0xe0, 0x07, 0xe0, 0x07, 0xe0, 0x07,
    0xe0, 0x07, 0xe0, 0x07, 0xe0, 0x07, 0xe0, 0x07, 0xe0, 0x07, 0xe0, 0x07, 0xe0, 0x07, 0xe0, 0x07,
    0xe0, 0x07, 0xe0, 0x07, 0xe0, 0x07, 0xe0, 0x07, 0xe0, 0x07, 0xe0, 0x07, 0xe0, 0x07, 0xe0, 0x07,
    0xe0, 0x07, 0xe0, 0x07, 0xe0, 0x07, 0xe0, 0x07, 0xe0, 0x07, 0xe0, 0x07, 0xe0, 0x07, 0xe0, 0x07,
    0xe0, 0x07, 0xe0, 0x07, 0xe0, 0x07, 0xe0, 0x07, 0xe0, 0x07, 0xe0, 0x07, 0xe0, 0x07, 0xe0, 0x07,
    0xe0, 0x07, 0xe0, 0x07, 0xe0, 0x07, 0xe0, 0x07, 0xe0, 0x07, 0xe0, 0x07, 0xe0, 0x07, 0xe0, 0x07,
    0xe0, 0x07, 0xe0, 0x07, 0xe0, 0x07, 0xe0, 0x07, 0x41, 0x80, 0xc0, 0xc0, 0x40, 0xfb, 0x80, 0xe9,
    0x41, 0x80, 0x02, 0x48, 0xe0, 0x07, 0xe0, 0x07, 0xe0, 0x07, 0xe0, 0x07, 0xe0, 0x07, 0xe0, 0x07,
    0xe0, 0x07, 0xe0, 0x07, 0xe0, 0x07, 0xe0, 0x07, 0xe0, 0x07, 0xe0, 0x07, 0xe0, 0x07, 0xe0, 0x07,
    0xe0, 0x07, 0xe0, 0x07, 0xe0, 0x07, 0xe0, 0x07, 0xe0, 0x07, 0xe0, 0x07, 0xe0, 0x07, 0xe0, 0x07,
    0xe0, 0x07, 0xe0, 0x07, 0xe0, 0x07, 0xe0, 0x07, 0xe0, 0x07, 0xe0, 0x07, 0xe0, 0x07, 0xe0, 0x07,
    0xe0, 0x07, 0xe0, 0x07, 0xe0, 0x07, 0xe0, 0x07, 0xe0, 0x07, 0xe0, 0x07, 0xe0, 0x07, 0xe0, 0x07,
    0xe0, 0x07, 0xe0, 0x07, 0xe0, 0x07, 0xe0, 0x07, 0xe0, 0x07, 0xe0, 0x07, 0xe0, 0x07, 0xe0, 0x07,
    0xe0, 0x07, 0xe0, 0x07, 0xe0, 0x07, 0xe0, 0x07, 0xe0, 0x07, 0xe0, 0x07, 0xe0, 0x07, 0xe0, 0x07,
    0xe0, 0x07, 0xe0, 0x07, 0xe0, 0x07, 0xe0, 0x07, 0xe0, 0x07, 0xe0, 0x07, 0xe0, 0x07, 0xe0, 0x07,
    0xe0, 0x07, 0x41, 0x80, 0xc0, 0xc0, 0xc0, 0xc0, 0x80, 0xe9, 0x80, 0xe9, 0xc0, 0xc0, 0x41, 0x80,
    0x02, 0x48, 0xe0, 0x07, 0xe0, 0x07, 0xe0, 0x07, 0xe0, 0x07, 0xe0, 0x07, 0xe0, 0x07, 0xe0, 0x07,
    0xe0, 0x07, 0xe0, 0x07, 0xe0, 0x07, 0xe0, 0x07, 0xe0, 0x07, 0xe0, 0x07, 0xe0, 0x07, 0xe0, 0x07,
    0xe0, 0x07, 0xe0, 0x07, 0xe0, 0x07, 0xe0, 0x07, 0xe0, 0x07, 0xe0, 0x07, 0xe0, 0x07, 0xe0, 0x07,
    0xe0, 0x07, 0xe0, 0x07, 0xe0, 0x07, 0xe0, 0x07, 0xe0, 0x07, 0xe0, 0x07, 0xe0, 0x07, 0xe0, 0x07,
    0xe0, 0x07, 0xe0, 0x07, 0xe0, 0x07, 0xe0, 0x07, 0xe0, 0x07, 0xe0, 0x07, 0xe0, 0x07, 0xe0, 0x07,
    0xe0, 0x07, 0xe0, 0x07, 0xe0, 0x07, 0xe0, 0x07, 0xe0, 0x07, 0xe0, 0x07, 0xe0, 0x07, 0xe0, 0x07,
    0xe0, 0x07, 0xe0, 0x07, 0xe0, 0x07, 0xe0, 0x07, 0xe0, 0x07, 0xe0, 0x07, 0xe0, 0x07, 0xe0, 0x07,
    0xe0, 0x07, 0xe0, 0x07, 0xe0, 0x07, 0xe0, 0x07, 0xe0, 0x07, 0xe0, 0x07, 0x02, 0x48, 0x41, 0x80,
    0xc0, 0xc0, 0x80, 0xe9, 0x40, 0xfb, 0x40, 0xfb, 0x80, 0xe9, 0xc0, 0xc0, 0x41, 0x80, 0xe0, 0x07,
    0xe0, 0x07, 0xe0, 0x07, 0xe0, 0x07, 0xe0, 0x07, 0xe0, 0x07, 0xe0, 0x07, 0xe0, 0x07, 0xe0, 0x07,
    0xe0, 0x07, 0xe0, 0x07, 0xe0, 0x07, 0xe0, 0x07, 0xe0, 0x07, 0xe0, 0x07, 0xe0, 0x07, 0xe0, 0x07,
    0xe0, 0x07, 0xe0, 0x07, 0xe0, 0x07, 0xe0, 0x07, 0xe0, 0x07, 0xe0, 0x07, 0xe0, 0x07, 0xe0, 0x07,
    0xe0, 0x07, 0xe0, 0x07, 0xe0, 0x07, 0xe0, 0x07, 0xe0, 0x07, 0xe0, 0x07, 0xe0, 0x07, 0xe0, 0x07,
    0xe0, 0x07, 0xe0, 0x07, 0xe0, 0x07, 0xe0, 0x07, 0xe0, 0x07, 0xe0, 0x07, 0xe0, 0x07, 0xe0, 0x07,
    0xe0, 0x07, 0xe0, 0x07, 0xe0, 0x07, 0xe0, 0x07, 0xe0, 0x07, 0xe0, 0x07, 0xe0, 0x07, 0xe0, 0x07,
    0xe0, 0x07, 0xe0, 0x07, 0xe0, 0x07, 0xe0, 0x07, 0xe0, 0x07, 0xe0, 0x07, 0xe0, 0x07, 0xe0, 0x07,
    0xe0, 0x07, 0xe0, 0x07, 0xe0, 0x07, 0xe0, 0x07, 0x41, 0x80, 0xc0, 0xc0, 0xc0, 0xc0, 0x80, 0xe9,
    0x40, 0xfb, 0x40, 0xfb, 0x40, 0xfb, 0x80, 0xe9, 0xc0, 0xc0, 0x02, 0x48, 0xe0, 0x07, 0xe0, 0x07,
    0xe0, 0x07, 0xe0, 0x07, 0xe0, 0x07, 0xe0, 0x07, 0xe0, 0x07, 0xe0, 0x07, 0xe0, 0x07, 0xe0, 0x07,
    0xe0, 0x07, 0xe0, 0x07, 0xe0, 0x07, 0xe0, 0x07, 0xe0, 0x07, 0xe0, 0x07, 0xe0, 0x07, 0xe0, 0x07,
    0xe0, 0x07, 0xe0, 0x07, 0xe0, 0x07, 0xe0, 0x07, 0xe0, 0x07, 0xe0, 0x07, 0xe0, 0x07, 0xe0, 0x07,
    0xe0, 0x07, 0xe0, 0x07, 0xe0, 0x07, 0xe0, 0x07, 0xe0, 0x07, 0xe0, 0x07, 0xe0, 0x07, 0xe0, 0x07,
    0xe0, 0x07, 0xe0, 0x07, 0xe0, 0x07, 0xe0, 0x07, 0xe0, 0x07, 0xe0, 0x07, 0xe0, 0x07, 0xe0, 0x07,
    0xe0, 0x07, 0xe0, 0x07, 0xe0, 0x07, 0xe0, 0x07, 0xe0, 0x07, 0xe0, 0x07, 0xe0, 0x07, 0xe0, 0x07,
    0xe0, 0x07, 0xe0, 0x07, 0xe0, 0x07, 0xe0, 0x07, 0xe0, 0x07, 0xe0, 0x07, 0xe0, 0x07, 0xe0, 0x07,
    0xe0, 0x07, 0xe0, 0x07, 0x02, 0x48, 0x41, 0x80, 0xc0, 0xc0, 0x80, 0xe9, 0x80, 0xe9, 0x40, 0xfb,
    0x40, 0xfb, 0x40, 0xfb, 0x80, 0xe9, 0xc0, 0xc0, 0xc0, 0xc0, 0x41, 0x80, 0xe0, 0x07, 0xe0, 0x07,
    0xe0, 0x07, 0xe0, 0x07, 0xe0, 0x07, 0xe0, 0x07, 0xe0, 0x07, 0xe0, 0x07, 0xe0, 0x07, 0xe0, 0x07,
    0xe0, 0x07, 0xe0, 0x07, 0xe0, 0x07, 0xe0, 0x07, 0xe0, 0x07, 0xe0, 0x07, 0xe0, 0x07, 0xe0, 0x07,
    0xe0, 0x07, 0xe0, 0x07, 0xe0, 0x07, 0xe0, 0x07, 0xe0, 0x07, 0xe0, 0x07, 0xe0, 0x07, 0xe0, 0x07,
    0xe0, 0x07, 0xe0, 0x07, 0xe0, 0x07, 0xe0, 0x07, 0xe0, 0x07, 0xe0, 0x07, 0xe0, 0x07, 0xe0, 0x07,
    0xe0, 0x07, 0xe0, 0x07, 0xe0, 0x07, 0xe0, 0x07, 0xe0, 0x07, 0xe0, 0x07, 0xe0, 0x07, 0xe0, 0x07,
    0xe0, 0x07, 0xe0, 0x07, 0xe0, 0x07, 0xe0, 0x07, 0xe0, 0x07, 0xe0, 0x07, 0xe0, 0x07, 0xe0, 0x07,
    0xe0, 0x07, 0xe0, 0x07, 0xe0, 0x07, 0xe0, 0x07, 0xe0, 0x07, 0xe0, 0x07, 0xe0, 0x07, 0xe0, 0x07,
    0xe0, 0x07, 0xe0, 0x07, 0x41, 0x80, 0xc0, 0xc0, 0xc0, 0xc0, 0x80, 0xe9, 0x40, 0xfb, 0x40, 0xfb,
    0x40, 0xfb, 0x40, 0xfb, 0x80, 0xe9, 0x80, 0xe9, 0xc0, 0xc0, 0x41, 0x80, 0xe0, 0x07, 0xe0, 0x07,
    0xe0, 0x07, 0xe0, 0x07, 0xe0, 0x07, 0xe0, 0x07, 0xe0, 0x07, 0xe0, 0x07, 0xe0, 0x07, 0xe0, 0x07,
    0xe0, 0x07, 0xe0, 0x07, 0xe0, 0x07, 0xe0, 0x07, 0xe0, 0x07, 0xe0, 0x07, 0xe0, 0x07, 0xe0, 0x07,
    0xe0, 0x07, 0xe0, 0x07, 0xe0, 0x07, 0xe0, 0x07, 0xe0, 0x07, 0xe0, 0x07, 0xe0, 0x07, 0xe0, 0x07,
    0xe0, 0x07, 0xe0, 0x07, 0xe0, 0x07, 0xe0, 0x07, 0xe0, 0x07, 0xe0, 0x07, 0xe0, 0x07, 0xe0, 0x07,
    0xe0, 0x07, 0xe0, 0x07, 0xe0, 0x07, 0xe0, 0x07, 0xe0, 0x07, 0xe0, 0x07, 0xe0, 0x07, 0xe0, 0x07,
    0xe0, 0x07, 0xe0, 0x07, 0xe0, 0x07, 0xe0, 0x07, 0xe0, 0x07, 0xe0, 0x07, 0xe0, 0x07, 0xe0, 0x07,
    0xe0, 0x07, 0xe0, 0x07, 0xe0, 0x07, 0xe0, 0x07, 0xe0, 0x07, 0xe0, 0x07, 0xe0, 0x07, 0xe0, 0x07,
    0xe0, 0x07, 0xe0, 0x07, 0x02, 0x48, 0x41, 0x80, 0xc0, 0xc0, 0x80, 0xe9, 0x80, 0xe9, 0x40, 0xfb,
    0x40, 0xfb, 0x40, 0xfb, 0x40, 0xfb, 0x80, 0xe9, 0xc0, 0xc0, 0xc0, 0xc0, 0x41, 0x80, 0xe0, 0x07,
    0xe0, 0x07, 0xe0, 0x07, 0xe0, 0x07, 0xe0, 0x07, 0xe0, 0x07, 0xe0, 0x07, 0xe0, 0x07, 0xe0, 0x07,
    0xe0, 0x07, 0xe0, 0x07, 0xe0, 0x07, 0xe0, 0x07, 0xe0, 0x07, 0xe0, 0x07, 0xe0, 0x07, 0xe0, 0x07,
    0xe0, 0x07, 0xe0, 0x07, 0xe0, 0x07, 0xe0, 0x07, 0xe0, 0x07, 0xe0, 0x07, 0xe0, 0x07, 0xe0, 0x07,
    0xe0, 0x07, 0xe0, 0x07, 0xe0, 0x07, 0xe0, 0x07, 0xe0, 0x07, 0xe0, 0x07, 0xe0, 0x07, 0xe0, 0x07,
    0xe0, 0x07, 0xe0, 0x07, 0xe0, 0x07, 0xe0, 0x07, 0xe0, 0x07, 0xe0, 0x07, 0xe0, 0x07, 0xe0, 0x07,
    0xe0, 0x07, 0xe0, 0x07, 0xe0, 0x07, 0xe0, 0x07, 0xe0, 0x07, 0xe0, 0x07, 0xe0, 0x07, 0xe0, 0x07,
    0xe0, 0x07, 0xe0, 0x07, 0xe0, 0x07, 0xe0, 0x07, 0xe0, 0x07, 0xe0, 0x07, 0xe0, 0x07, 0xe0, 0x07,
    0xe0, 0x07, 0xe0, 0x07, 0xe0, 0x07, 0x02, 0x48, 0x41, 0x80, 0xc0, 0xc0, 0x80, 0xe9, 0x80, 0xe9,
    0x40, 0xfb, 0x40, 0xfb, 0x40, 0xfb, 0x40, 0xfb, 0x80, 0xe9, 0x80, 0xe9, 0xc0, 0xc0, 0x41, 0x80,
    0x41, 0x80, 0xe0, 0x07, 0xe0, 0x07, 0xe0, 0x07, 0xe0, 0x07, 0xe0, 0x07, 0xe0, 0x07, 0xe0, 0x07,
    0xe0, 0x07, 0xe0, 0x07, 0xe0, 0x07, 0xe0, 0x07, 0xe0, 0x07, 0xe0, 0x07, 0xe0, 0x07, 0xe0, 0x07,
    0xe0, 0x07, 0xe0, 0x07, 0xe0, 0x07, 0xe0, 0x07, 0xe0, 0x07, 0xe0, 0x07, 0xe0, 0x07, 0xe0, 0x07,
    0xe0, 0x07, 0xe0, 0x07, 0xe0, 0x07, 0xe0, 0x07, 0xe0, 0x07, 0xe0, 0x07, 0xe0, 0x07, 0xe0, 0x07,
    0xe0, 0x07, 0xe0, 0x07, 0xe0, 0x07, 0xe0, 0x07, 0xe0, 0x07, 0xe0, 0x07, 0xe0, 0x07, 0xe0, 0x07,
    0xe0, 0x07, 0xe0, 0x07, 0xe0, 0x07, 0xe0, 0x07, 0xe0, 0x07, 0xe0, 0x07, 0xe0, 0x07, 0xe0, 0x07,
    0xe0, 0x07, 0xe0, 0x07, 0xe0, 0x07, 0xe0, 0x07, 0xe0, 0x07, 0xe0, 0x07, 0xe0, 0x07, 0xe0, 0x07,
    0xe0, 0x07, 0xe0, 0x07, 0xe0, 0x07, 0xe0, 0x07, 0x41, 0x80, 0x41, 0x80, 0xc0, 0xc0, 0x80, 0xe9,
    0x80, 0xe9, 0x40, 0xfb, 0x40, 0xfb, 0x40, 0xfb, 0x40, 0xfb, 0x80, 0xe9, 0x80, 0xe9, 0xc0, 0xc0,
    0xc0, 0xc0, 0x41, 0x80, 0xe0, 0x07, 0xe0, 0x07, 0xe0, 0x07, 0xe0, 0x07, 0xe0, 0x07, 0xe0, 0x07,
    0xe0, 0x07, 0xe0, 0x07, 0xe0, 0x07, 0xe0, 0x07, 0xe0, 0x07, 0xe0, 0x07, 0xe0, 0x07, 0xe0, 0x07,
    0xe0, 0x07, 0xe0, 0x07, 0xe0, 0x07, 0xe0, 0x07, 0xe0, 0x07, 0xe0, 0x07, 0xe0, 0x07, 0xe0, 0x07,
    0xe0, 0x07, 0xe0, 0x07, 0xe0, 0x07, 0xe0, 0x07, 0xe0, 0x07, 0xe0, 0x07, 0xe0, 0x07, 0xe0, 0x07,
    0xe0, 0x07, 0xe0, 0x07, 0xe0, 0x07, 0xe0, 0x07, 0xe0, 0x07, 0xe0, 0x07, 0xe0, 0x07, 0xe0, 0x07,
    0xe0, 0x07, 0xe0, 0x07, 0xe0, 0x07, 0xe0, 0x07, 0xe0, 0x07, 0xe0, 0x07, 0xe0, 0x07, 0xe0, 0x07,
    0xe0, 0x07, 0xe0, 0x07, 0xe0, 0x07, 0xe0, 0x07, 0xe0, 0x07, 0xe0, 0x07, 0xe0, 0x07, 0xe0, 0x07,
    0xe0, 0x07, 0xe0, 0x07, 0xe0, 0x07, 0xe0, 0x07, 0xe0, 0x07, 0x41, 0x80, 0xc0, 0xc0, 0xc0, 0xc0,
    0x80, 0xe9, 0x80, 0xe9, 0x40, 0xfb, 0x40, 0xfb, 0x40, 0xfb, 0x40, 0xfb, 0x40, 0xfb, 0x80, 0xe9,
    0xc0, 0xc0, 0xc0, 0xc0, 0x41, 0x80, 0x02, 0x48, 0xe0, 0x07, 0xe0, 0x07, 0xe0, 0x07, 0xe0, 0x07,
    0xe0, 0x07, 0xe0, 0x07, 0xe0, 0x07, 0xe0, 0x07, 0xe0, 0x07, 0xe0, 0x07, 0xe0, 0x07, 0xe0, 0x07,
    0xe0, 0x07, 0xe0, 0x07, 0xe0, 0x07, 0xe0, 0x07, 0xe0, 0x07, 0xe0, 0x07, 0xe0, 0x07, 0xe0, 0x07,
    0xe0, 0x07, 0xe0, 0x07, 0xe0, 0x07, 0xe0, 0x07, 0xe0, 0x07, 0xe0, 0x07, 0xe0, 0x07, 0xe0, 0x07,
    0xe0, 0x07, 0xe0, 0x07, 0xe0, 0x07, 0xe0, 0x07, 0xe0, 0x07, 0xe0, 0x07, 0xe0, 0x07, 0xe0, 0x07,
    0xe0, 0x07, 0xe0, 0x07, 0xe0, 0x07, 0xe0, 0x07, 0xe0, 0x07, 0xe0, 0x07, 0xe0, 0x07, 0xe0, 0x07,
    0xe0, 0x07, 0xe0, 0x07, 0xe0, 0x07, 0xe0, 0x07, 0xe0, 0x07, 0xe0, 0x07, 0xe0, 0x07, 0xe0, 0x07,
    0xe0, 0x07, 0xe0, 0x07, 0xe0, 0x07, 0xe0, 0x07, 0xe0, 0x07, 0x41, 0x80, 0x41, 0x80, 0xc0, 0xc0,
    0x80, 0xe9, 0x80, 0xe9, 0x40, 0xfb, 0x40, 0xfb, 0x40, 0xfb, 0x40, 0xfb, 0x40, 0xfb, 0x80, 0xe9,
    0x80, 0xe9, 0xc0, 0xc0, 0x41, 0x80, 0x41, 0x80, 0xe0, 0x07, 0xe0, 0x07, 0xe0, 0x07, 0xe0, 0x07,
    0xe0, 0x07, 0xe0, 0x07, 0xe0, 0x07, 0xe0, 0x07, 0xe0, 0x07, 0xe0, 0x07, 0xe0, 0x07, 0xe0, 0x07,
    0xe0, 0x07, 0xe0, 0x07, 0xe0, 0x07, 0xe0, 0x07, 0xe0, 0x07, 0xe0, 0x07, 0xe0, 0x07, 0xe0, 0x07,
    0xe0, 0x07, 0xe0, 0x07, 0xe0, 0x07, 0xe0, 0x07, 0xe0, 0x07, 0xe0, 0x07, 0xe0, 0x07, 0xe0, 0x07,
    0xe0, 0x07, 0xe0, 0x07, 0xe0, 0x07, 0xe0, 0x07, 0xe0, 0x07, 0xe0, 0x07, 0xe0, 0x07, 0xe0, 0x07,
    0xe0, 0x07, 0xe0, 0x07, 0xe0, 0x07, 0xe0, 0x07, 0xe0, 0x07, 0xe0, 0x07, 0xe0, 0x07, 0xe0, 0x07,
    0xe0, 0x07, 0xe0, 0x07, 0xe0, 0x07, 0xe0, 0x07, 0xe0, 0x07, 0xe0, 0x07, 0xe0, 0x07, 0xe0, 0x07,
    0xe0, 0x07, 0xe0, 0x07, 0xe0, 0x07, 0xe0, 0x07, 0x02, 0x48, 0x41, 0x80, 0xc0, 0xc0, 0xc0, 0xc0,
    0x80, 0xe9, 0x80, 0xe9, 0x40, 0xfb, 0x40, 0xfb, 0x40, 0xfb, 0x40, 0xfb, 0x40, 0xfb, 0x80, 0xe9,
    0x80, 0xe9, 0xc0, 0xc0, 0xc0, 0xc0, 0x41, 0x80, 0x02, 0x48, 0xe0, 0x07, 0xe0, 0x07, 0xe0, 0x07,
    0xe0, 0x07, 0xe0, 0x07, 0xe0, 0x07, 0xe0, 0x07, 0xe0, 0x07, 0xe0, 0x07, 0xe0, 0x07, 0xe0, 0x07,
    0xe0, 0x07, 0xe0, 0x07, 0xe0, 0x07, 0xe0, 0x07, 0xe0, 0x07, 0xe0, 0x07, 0xe0, 0x07, 0xe0, 0x07,
    0xe0, 0x07, 0xe0, 0x07, 0xe0, 0x07, 0xe0, 0x07, 0xe0, 0x07, 0xe0, 0x07, 0xe0, 0x07, 0xe0, 0x07,
    0xe0, 0x07, 0xe0, 0x07, 0xe0, 0x07, 0xe0, 0x07, 0xe0, 0x07, 0xe0, 0x07, 0xe0, 0x07, 0xe0, 0x07,
    0xe0, 0x07, 0xe0, 0x07, 0xe0, 0x07, 0xe0, 0x07, 0xe0, 0x07, 0xe0, 0x07, 0xe0, 0x07, 0xe0, 0x07,
    0xe0, 0x07, 0xe0, 0x07, 0xe0, 0x07, 0xe0, 0x07, 0xe0, 0x07, 0xe0, 0x07, 0xe0, 0x07, 0xe0, 0x07,
    0xe0, 0x07, 0xe0, 0x07, 0xe0, 0x07, 0xe0, 0x07, 0x41, 0x80, 0x41, 0x80, 0xc0, 0xc0, 0xc0, 0xc0,
    0x80, 0xe9, 0x80, 0xe9, 0x40, 0xfb, 0x40, 0xfb, 0x40, 0xfb, 0x40, 0xfb, 0x40, 0xfb, 0x80, 0xe9,
    0x80, 0xe9, 0xc0, 0xc0, 0xc0, 0xc0, 0x41, 0x80, 0x02, 0x48, 0xe0, 0x07, 0xe0, 0x07, 0xe0, 0x07,
    0xe0, 0x07, 0xe0, 0x07, 0xe0, 0x07, 0xe0, 0x07, 0xe0, 0x07, 0xe0, 0x07, 0xe0, 0x07, 0xe0, 0x07,
    0xe0, 0x07, 0xe0, 0x07, 0xe0, 0x07, 0xe0, 0x07, 0xe0, 0x07, 0xe0, 0x07, 0xe0, 0x07, 0xe0, 0x07,
    0xe0, 0x07, 0xe0, 0x07, 0xe0, 0x07, 0xe0, 0x07, 0xe0, 0x07, 0xe0, 0x07, 0xe0, 0x07, 0xe0, 0x07,
    0xe0, 0x07, 0xe0, 0x07, 0xe0, 0x07, 0xe0, 0x07, 0xe0, 0x07, 0xe0, 0x07, 0xe0, 0x07, 0xe0, 0x07,
    0xe0, 0x07, 0xe0, 0x07, 0xe0, 0x07, 0xe0, 0x07, 0xe0, 0x07, 0xe0, 0x07, 0xe0, 0x07, 0xe0, 0x07,
    0xe0, 0x07, 0xe0, 0x07, 0xe0, 0x07, 0xe0, 0x07, 0xe0, 0x07, 0xe0, 0x07, 0xe0, 0x07, 0xe0, 0x07,
    0xe0, 0x07, 0xe0, 0x07, 0xe0, 0x07, 0xe0, 0x07, 0x02, 0x48, 0x41, 0x80, 0xc0, 0xc0, 0xc0, 0xc0,
    0x80, 0xe9, 0x80, 0xe9, 0x80, 0xe9, 0x40, 0xfb, 0x40, 0xfb, 0x40, 0xfb, 0x40, 0xfb, 0x80, 0xe9,
    0x80, 0xe9, 0x80, 0xe9, 0x80, 0xe9, 0xc0, 0xc0, 0x41, 0x80, 0x41, 0x80, 0x41, 0x80, 0xe0, 0x07,
    0xe0, 0x07, 0xe0, 0x07, 0xe0, 0x07, 0xe0, 0x07, 0xe0, 0x07, 0xe0, 0x07, 0xe0, 0x07, 0xe0, 0x07,
    0xe0, 0x07, 0xe0, 0x07, 0xe0, 0x07, 0xe0, 0x07, 0xe0, 0x07, 0xe0, 0x07, 0xe0, 0x07, 0xe0, 0x07,
    0xe0, 0x07, 0xe0, 0x07, 0xe0, 0x07, 0xe0, 0x07, 0xe0, 0x07, 0xe0, 0x07, 0xe0, 0x07, 0xe0, 0x07,
    0xe0, 0x07, 0xe0, 0x07, 0xe0, 0x07, 0xe0, 0x07, 0xe0, 0x07, 0xe0, 0x07, 0xe0, 0x07, 0xe0, 0x07,
    0xe0, 0x07, 0xe0, 0x07, 0xe0, 0x07, 0xe0, 0x07, 0xe0, 0x07, 0xe0, 0x07, 0xe0, 0x07, 0xe0, 0x07,
    0xe0, 0x07, 0xe0, 0x07, 0xe0, 0x07, 0xe0, 0x07, 0xe0, 0x07, 0xe0, 0x07, 0xe0, 0x07, 0xe0, 0x07,
    0xe0, 0x07, 0xe0, 0x07, 0xe0, 0x07, 0xe0, 0x07, 0xe0, 0x07, 0x41, 0x80, 0x41, 0x80, 0x41, 0x80,
    0x80, 0xe9, 0x80, 0xe9, 0x40, 0xfb, 0x40, 0xfb, 0x40, 0xfb, 0x40, 0xfb, 0x40, 0xfb, 0x40, 0xfb,
    0x40, 0xfb, 0x80, 0xe9, 0x80, 0xe9, 0xc0, 0xc0, 0xc0, 0xc0, 0xc0, 0xc0, 0x41, 0x80, 0x41, 0x80,
    0xe0, 0x07, 0xe0, 0x07, 0xe0, 0x07, 0xe0, 0x07, 0xe0, 0x07, 0xe0, 0x07, 0xe0, 0x07, 0xe0, 0x07,
    0xe0, 0x07, 0xe0, 0x07, 0xe0, 0x07, 0xe0, 0x07, 0xe0, 0x07, 0xe0, 0x07, 0xe0, 0x07, 0xe0, 0x07,
    0xe0, 0x07, 0xe0, 0x07, 0xe0, 0x07, 0xe0, 0x07, 0xe0, 0x07, 0xe0, 0x07, 0xe0, 0x07, 0xe0, 0x07,
    0xe0, 0x07, 0xe0, 0x07, 0xe0, 0x07, 0xe0, 0x07, 0xe0, 0x07, 0xe0, 0x07, 0xe0, 0x07, 0xe0, 0x07,
    0xe0, 0x07, 0xe0, 0x07, 0xe0, 0x07, 0xe0, 0x07, 0xe0, 0x07, 0xe0, 0x07, 0xe0, 0x07, 0xe0, 0x07,
    0xe0, 0x07, 0xe0, 0x07, 0xe0, 0x07, 0xe0, 0x07, 0xe0, 0x07, 0xe0, 0x07, 0xe0, 0x07, 0xe0, 0x07,
    0xe0, 0x07, 0xe0, 0x07, 0xe0, 0x07, 0xe0, 0x07, 0xe0, 0x07, 0x02, 0x48, 0x41, 0x80, 0x41, 0x80,
    0x41, 0x80, 0xc0, 0xc0, 0xc0, 0xc0, 0x22, 0xfd, 0x09, 0xff, 0x09, 0xff, 0x09, 0xff, 0x09, 0xff,
    0x09, 0xff, 0x09, 0xff, 0x22, 0xfd, 0x80, 0xe9, 0x80, 0xe9, 0xc0, 0xc0, 0xc0, 0xc0, 0x41, 0x80,
    0x41, 0x80, 0x41, 0x80, 0xe0, 0x07, 0xe0, 0x07, 0xe0, 0x07, 0xe0, 0x07, 0xe0, 0x07, 0xe0, 0x07,
    0xe0, 0x07, 0xe0, 0x07, 0xe0, 0x07, 0xe0, 0x07, 0xe0, 0x07, 0xe0, 0x07, 0xe0, 0x07, 0xe0, 0x07,
    0xe0, 0x07, 0xe0, 0x07, 0xe0, 0x07, 0xe0, 0x07, 0xe0, 0x07, 0xe0, 0x07, 0xe0, 0x07, 0xe0, 0x07,
    0xe0, 0x07, 0xe0, 0x07, 0xe0, 0x07, 0xe0, 0x07, 0xe0, 0x07, 0xe0, 0x07, 0xe0, 0x07, 0xe0, 0x07,
    0xe0, 0x07, 0xe0, 0x07, 0xe0, 0x07, 0xe0, 0x07, 0xe0, 0x07, 0xe0, 0x07, 0xe0, 0x07, 0xe0, 0x07,
    0xe0, 0x07, 0xe0, 0x07, 0xe0, 0x07, 0xe0, 0x07, 0xe0, 0x07, 0xe0, 0x07, 0xe0, 0x07, 0xe0, 0x07,
    0xe0, 0x07, 0xe0, 0x07, 0xe0, 0x07, 0xe0, 0x07, 0xe0, 0x07, 0xe0, 0x07, 0x41, 0x80, 0x41, 0x80,
    0x41, 0x80, 0xc0, 0xc0, 0xc0, 0xc0, 0x22, 0xfd, 0x22, 0xfd, 0x09, 0xff, 0x09, 0xff, 0x09, 0xff,
    0x09, 0xff, 0x09, 0xff, 0x09, 0xff, 0x22, 0xfd, 0x80, 0xe9, 0xc0, 0xc0, 0xc0, 0xc0, 0x41, 0x80,
    0x41, 0x80, 0x41, 0x80, 0xe0, 0x07, 0xe0, 0x07, 0xe0, 0x07, 0xe0, 0x07, 0xe0, 0x07, 0xe0, 0x07,
    0xe0, 0x07, 0xe0, 0x07, 0xe0, 0x07, 0xe0, 0x07, 0xe0, 0x07, 0xe0, 0x07, 0xe0, 0x07, 0xe0, 0x07,
    0xe0, 0x07, 0xe0, 0x07, 0xe0, 0x07, 0xe0, 0x07, 0xe0, 0x07, 0xe0, 0x07, 0xe0, 0x07, 0xe0, 0x07,
    0xe0, 0x07, 0xe0, 0x07, 0xe0, 0x07, 0xe0, 0x07, 0xe0, 0x07, 0xe0, 0x07, 0xe0, 0x07, 0xe0, 0x07,
    0xe0, 0x07, 0xe0, 0x07, 0xe0, 0x07, 0xe0, 0x07, 0xe0, 0x07, 0xe0, 0x07, 0xe0, 0x07, 0xe0, 0x07,
    0xe0, 0x07, 0xe0, 0x07, 0xe0, 0x07, 0xe0, 0x07, 0xe0, 0x07, 0xe0, 0x07, 0xe0, 0x07, 0xe0, 0x07,
    0xe0, 0x07, 0xe0, 0x07, 0xe0, 0x07, 0x02, 0x48, 0xe0, 0x07, 0xe0, 0x07, 0x41, 0x80, 0x41, 0x80,
    0xc0, 0xc0, 0xc0, 0xc0, 0xc0, 0xc0, 0x22, 0xfd, 0x22, 0xfd, 0x09, 0xff, 0x09, 0xff, 0x09, 0xff,
    0x09, 0xff, 0x09, 0xff, 0x09, 0xff, 0x22, 0xfd, 0x80, 0xe9, 0x80, 0xe9, 0xc0, 0xc0, 0xc0, 0xc0,
    0x41, 0x80, 0x41, 0x80, 0x41, 0x80, 0xe0, 0x07, 0xe0, 0x07, 0xe0, 0x07, 0xe0, 0x07, 0xe0, 0x07,
    0xe0, 0x07, 0xe0, 0x07, 0xe0, 0x07, 0xe0, 0x07, 0xe0, 0x07, 0xe0, 0x07, 0xe0, 0x07, 0xe0, 0x07,
    0xe0, 0x07, 0xe0, 0x07, 0xe0, 0x07, 0xe0, 0x07, 0xe0, 0x07, 0xe0, 0x07, 0xe0, 0x07, 0xe0, 0x07,
    0xe0, 0x07, 0xe0, 0x07, 0xe0, 0x07, 0xe0, 0x07, 0xe0, 0x07, 0xe0, 0x07, 0xe0, 0x07, 0xe0, 0x07,
    0xe0, 0x07, 0xe0, 0x07, 0xe0, 0x07, 0xe0, 0x07, 0xe0, 0x07, 0xe0, 0x07, 0xe0, 0x07, 0xe0, 0x07,
    0xe0, 0x07, 0xe0, 0x07, 0xe0, 0x07, 0xe0, 0x07, 0xe0, 0x07, 0xe0, 0x07, 0xe0, 0x07, 0xe0, 0x07,
    0xe0, 0x07, 0xe0, 0x07, 0x41, 0x80, 0x41, 0x80, 0x41, 0x80, 0x41, 0x80, 0x41, 0x80, 0xc0, 0xc0,
    0xc0, 0xc0, 0xc0, 0xc0, 0x22, 0xfd, 0x22, 0xfd, 0x09, 0xff, 0x09, 0xff, 0x09, 0xff, 0x09, 0xff,
    0x09, 0xff, 0x09, 0xff, 0x22, 0xfd, 0x80, 0xe9, 0x80, 0xe9, 0xc0, 0xc0, 0xc0, 0xc0, 0xc0, 0xc0,
    0x41, 0x80, 0x41, 0x80, 0x02, 0x48, 0xe0, 0x07, 0xe0, 0x07, 0xe0, 0x07, 0xe0, 0x07, 0xe0, 0x07,
    0xe0, 0x07, 0xe0, 0x07, 0xe0, 0x07, 0xe0, 0x07, 0xe0, 0x07, 0xe0, 0x07, 0xe0, 0x07, 0xe0, 0x07,
    0xe0, 0x07, 0xe0, 0x07, 0xe0, 0x07, 0xe0, 0x07, 0xe0, 0x07, 0xe0, 0x07, 0xe0, 0x07, 0xe0, 0x07,
    0xe0, 0x07, 0xe0, 0x07, 0xe0, 0x07, 0xe0, 0x07, 0xe0, 0x07, 0xe0, 0x07, 0xe0, 0x07, 0xe0, 0x07,
    0xe0, 0x07, 0xe0, 0x07, 0xe0, 0x07, 0xe0, 0x07, 0xe0, 0x07, 0xe0, 0x07, 0xe0, 0x07, 0xe0, 0x07,
    0xe0, 0x07, 0xe0, 0x07, 0xe0, 0x07, 0xe0, 0x07, 0xe0, 0x07, 0xe0, 0x07, 0xe0, 0x07, 0x41, 0x80,
    0x41, 0x80, 0x41, 0x80, 0xc0, 0xc0, 0xc0, 0xc0, 0xc0, 0xc0, 0xc0, 0xc0, 0xc0, 0xc0, 0xc0, 0xc0,
    0x22, 0xfd, 0x09, 0xff, 0x09, 0xff, 0x09, 0xff, 0x09, 0xff, 0x09, 0xff, 0x09, 0xff, 0x09, 0xff,
    0x22, 0xfd, 0x80, 0xe9, 0x80, 0xe9, 0xc0, 0xc0, 0xc0, 0xc0, 0x41, 0x80, 0x41, 0x80, 0x41, 0x80,
    0x02, 0x48, 0xe0, 0x07, 0xe0, 0x07, 0xe0, 0x07, 0xe0, 0x07, 0xe0, 0x07, 0xe0, 0x07, 0xe0, 0x07,
    0xe0, 0x07, 0xe0, 0x07, 0xe0, 0x07, 0xe0, 0x07, 0xe0, 0x07, 0xe0, 0x07, 0xe0, 0x07, 0xe0, 0x07,
    0xe0, 0x07, 0xe0, 0x07, 0xe0, 0x07, 0xe0, 0x07, 0xe0, 0x07, 0xe0, 0x07, 0xe0, 0x07, 0xe0, 0x07,
    0xe0, 0x07, 0xe0, 0x07, 0xe0, 0x07, 0xe0, 0x07, 0xe0, 0x07, 0xe0, 0x07, 0xe0, 0x07, 0xe0, 0x07,
    0xe0, 0x07, 0xe0, 0x07, 0xe0, 0x07, 0xe0, 0x07, 0xe0, 0x07, 0xe0, 0x07, 0xe0, 0x07, 0xe0, 0x07,
    0xe0, 0x07, 0xe0, 0x07, 0xe0, 0x07, 0xe0, 0x07, 0xe0, 0x07, 0x41, 0x80, 0x41, 0x80, 0x41, 0x80,
    0xc0, 0xc0, 0xc0, 0xc0, 0xc0, 0xc0, 0xc0, 0xc0, 0x80, 0xe9, 0x22, 0xfd, 0x22, 0xfd, 0x22, 0xfd,
    0x09, 0xff, 0x09, 0xff, 0x09, 0xff, 0x09, 0xff, 0x09, 0xff, 0x22, 0xfd, 0x22, 0xfd, 0x80, 0xe9,
    0xc0, 0xc0, 0xc0, 0xc0, 0xc0, 0xc0, 0xc0, 0xc0, 0xc0, 0xc0, 0xc0, 0xc0, 0x41, 0x80, 0x41, 0x80,
    0x41, 0x80, 0xe0, 0x07, 0xe0, 0x07, 0xe0, 0x07, 0xe0, 0x07, 0xe0, 0x07, 0xe0, 0x07, 0xe0, 0x07,
    0xe0, 0x07, 0xe0, 0x07, 0xe0, 0x07, 0xe0, 0x07, 0xe0, 0x07, 0xe0, 0x07, 0xe0, 0x07, 0xe0, 0x07,
    0xe0, 0x07, 0xe0, 0x07, 0xe0, 0x07, 0xe0, 0x07, 0xe0, 0x07, 0xe0, 0x07, 0xe0, 0x07, 0xe0, 0x07,
    0xe0, 0x07, 0xe0, 0x07, 0xe0, 0x07, 0xe0, 0x07, 0xe0, 0x07, 0xe0, 0x07, 0xe0, 0x07, 0xe0, 0x07,
    0xe0, 0x07, 0xe0, 0x07, 0xe0, 0x07, 0xe0, 0x07, 0xe0, 0x07, 0xe0, 0x07, 0xe0, 0x07, 0xe0, 0x07,
    0xe0, 0x07, 0xe0, 0x07, 0xe0, 0x07, 0x02, 0x48, 0x41, 0x80, 0x41, 0x80, 0xc0, 0xc0, 0xc0, 0xc0,
    0x80, 0xe9, 0x80, 0xe9, 0x80, 0xe9, 0x80, 0xe9, 0x09, 0xff, 0x09, 0xff, 0x09, 0xff, 0x09, 0xff,
    0x09, 0xff, 0x09, 0xff, 0x09, 0xff, 0x09, 0xff, 0x22, 0xfd, 0x22, 0xfd, 0xc0, 0xc0, 0xc0, 0xc0,
    0xc0, 0xc0, 0xc0, 0xc0, 0xc0, 0xc0, 0x41, 0x80, 0x41, 0x80, 0x41, 0x80, 0x41, 0x80, 0x41, 0x80,
    0xe0, 0x07, 0xe0, 0x07, 0xe0, 0x07, 0xe0, 0x07, 0xe0, 0x07, 0xe0, 0x07, 0xe0, 0x07, 0xe0, 0x07,
    0xe0, 0x07, 0xe0, 0x07, 0xe0, 0x07, 0xe0, 0x07, 0xe0, 0x07, 0xe0, 0x07, 0xe0, 0x07, 0xe0, 0x07,
    0xe0, 0x07, 0xe0, 0x07, 0xe0, 0x07, 0xe0, 0x07, 0xe0, 0x07, 0xe0, 0x07, 0xe0, 0x07, 0xe0, 0x07,
    0xe0, 0x07, 0xe0, 0x07, 0xe0, 0x07, 0xe0, 0x07, 0xe0, 0x07, 0xe0, 0x07, 0xe0, 0x07, 0xe0, 0x07,
    0xe0, 0x07, 0xe0, 0x07, 0xe0, 0x07, 0xe0, 0x07, 0xe0, 0x07, 0xe0, 0x07, 0xe0, 0x07, 0xe0, 0x07,
    0xe0, 0x07, 0xe0, 0x07, 0xe0, 0x07, 0x41, 0x80, 0x41, 0x80, 0xc0, 0xc0, 0xc0, 0xc0, 0xc0, 0xc0,
    0x80, 0xe9, 0x80, 0xe9, 0x80, 0xe9, 0x09, 0xff, 0x09, 0xff, 0x09, 0xff, 0x09, 0xff, 0x09, 0xff,
    0x09, 0xff, 0x09, 0xff, 0x09, 0xff, 0x09, 0xff, 0x22, 0xfd, 0x80, 0xe9, 0xc0, 0xc0, 0xc0, 0xc0,
    0x41, 0x80, 0x41, 0x80, 0x41, 0x80, 0x41, 0x80, 0x41, 0x80, 0x41, 0x80, 0x02, 0x48, 0x02, 0x48,
    0xe0, 0x07, 0xe0, 0x07, 0xe0, 0x07, 0xe0, 0x07, 0xe0, 0x07, 0xe0, 0x07, 0xe0, 0x07, 0xe0, 0x07,
    0xe0, 0x07, 0xe0, 0x07, 0xe0, 0x07, 0xe0, 0x07, 0xe0, 0x07, 0xe0, 0x07, 0xe0, 0x07, 0xe0, 0x07,
    0xe0, 0x07, 0xe0, 0x07, 0xe0, 0x07, 0xe0, 0x07, 0xe0, 0x07, 0xe0, 0x07, 0xe0, 0x07, 0xe0, 0x07,
    0xe0, 0x07, 0xe0, 0x07, 0xe0, 0x07, 0xe0, 0x07, 0xe0, 0x07, 0xe0, 0x07, 0xe0, 0x07, 0xe0, 0x07,
    0xe0, 0x07, 0xe0, 0x07, 0xe0, 0x07, 0xe0, 0x07, 0xe0, 0x07, 0xe0, 0x07, 0xe0, 0x07, 0xe0, 0x07,
    0xe0, 0x07, 0xe0, 0x07, 0x02, 0x48, 0x41, 0x80, 0x41, 0x80, 0xc0, 0xc0, 0xc0, 0xc0, 0xc0, 0xc0,
    0x80, 0xe9, 0x80, 0xe9, 0x80, 0xe9, 0x09, 0xff, 0x09, 0xff, 0x09, 0xff, 0x09, 0xff, 0x09, 0xff,
    0x09, 0xff, 0x09, 0xff, 0x09, 0xff, 0x09, 0xff, 0x09, 0xff, 0x22, 0xfd, 0x80, 0xe9, 0x80, 0xe9,
    0xc0, 0xc0, 0x80, 0xe9, 0xc0, 0xc0, 0xc0, 0xc0, 0x41, 0x80, 0x41, 0x80, 0x41, 0x80, 0x02, 0x48,
    0xe0, 0x07, 0xe0, 0x07, 0xe0, 0x07, 0xe0, 0x07, 0xe0, 0x07, 0xe0, 0x07, 0xe0, 0x07, 0xe0, 0x07,
    0xe0, 0x07, 0xe0, 0x07, 0xe0, 0x07, 0xe0, 0x07, 0xe0, 0x07, 0xe0, 0x07, 0xe0, 0x07, 0xe0, 0x07,
    0xe0, 0x07, 0xe0, 0x07, 0xe0, 0x07, 0xe0, 0x07, 0xe0, 0x07, 0xe0, 0x07, 0xe0, 0x07, 0xe0, 0x07,
    0xe0, 0x07, 0xe0, 0x07, 0xe0, 0x07, 0xe0, 0x07, 0xe0, 0x07, 0xe0, 0x07, 0xe0, 0x07, 0xe0, 0x07,
    0xe0, 0x07, 0xe0, 0x07, 0xe0, 0x07, 0xe0, 0x07, 0xe0, 0x07, 0xe0, 0x07, 0xe0, 0x07, 0xe0, 0x07,
    0xe0, 0x07, 0xe0, 0x07, 0xe0, 0x07, 0xe0, 0x07, 0x41, 0x80, 0x41, 0x80, 0xc0, 0xc0, 0xc0, 0xc0,
    0xc0, 0xc0, 0x80, 0xe9, 0x80, 0xe9, 0x40, 0xfb, 0x22, 0xfd, 0x09, 0xff, 0x09, 0xff, 0x09, 0xff,
    0x09, 0xff, 0x09, 0xff, 0x09, 0xff, 0x09, 0xff, 0x09, 0xff, 0x09, 0xff, 0x22, 0xfd, 0x80, 0xe9,
    0x80, 0xe9, 0xc0, 0xc0, 0xc0, 0xc0, 0xc0, 0xc0, 0xc0, 0xc0, 0xc0, 0xc0, 0x41, 0x80, 0x41, 0x80,
    0x41, 0x80, 0xe0, 0x07, 0xe0, 0x07, 0xe0, 0x07, 0xe0, 0x07, 0xe0, 0x07, 0xe0, 0x07, 0xe0, 0x07,
    0xe0, 0x07, 0xe0, 0x07, 0xe0, 0x07, 0xe0, 0x07, 0xe0, 0x07, 0xe0, 0x07, 0xe0, 0x07, 0xe0, 0x07,
    0xe0, 0x07, 0xe0, 0x07, 0xe0, 0x07, 0xe0, 0x07, 0xe0, 0x07, 0xe0, 0x07, 0xe0, 0x07, 0xe0, 0x07,
    0xe0, 0x07, 0xe0, 0x07, 0xe0, 0x07, 0xe0, 0x07, 0xe0, 0x07, 0xe0, 0x07, 0xe0, 0x07, 0xe0, 0x07,
    0xe0, 0x07, 0xe0, 0x07, 0xe0, 0x07, 0xe0, 0x07, 0xe0, 0x07, 0xe0, 0x07, 0xe0, 0x07, 0xe0, 0x07,
    0xe0, 0x07, 0xe0, 0x07, 0xe0, 0x07, 0x02, 0x48, 0x41, 0x80, 0x41, 0x80, 0xc0, 0xc0, 0xc0, 0xc0,
    0xc0, 0xc0, 0xc0, 0xc0, 0x80, 0xe9, 0x80, 0xe9, 0x80, 0xe9, 0x09, 0xff, 0x09, 0xff, 0x09, 0xff,
    0x09, 0xff, 0x09, 0xff, 0x09, 0xff, 0x09, 0xff, 0x09, 0xff, 0x09, 0xff, 0x09, 0xff, 0x22, 0xfd,
    0x22, 0xfd, 0x80, 0xe9, 0x80, 0xe9, 0x80, 0xe9, 0xc0, 0xc0, 0xc0, 0xc0, 0xc0, 0xc0, 0xc0, 0xc0,
    0x41, 0x80, 0x41, 0x80, 0x41, 0x80, 0xe0, 0x07, 0xe0, 0x07, 0xe0, 0x07, 0xe0, 0x07, 0xe0, 0x07,
    0xe0, 0x07, 0xe0, 0x07, 0xe0, 0x07, 0xe0, 0x07, 0xe0, 0x07, 0xe0, 0x07, 0xe0, 0x07, 0xe0, 0x07,
    0xe0, 0x07, 0xe0, 0x07, 0xe0, 0x07, 0xe0, 0x07, 0xe0, 0x07, 0xe0, 0x07, 0xe0, 0x07, 0xe0, 0x07,
    0xe0, 0x07, 0xe0, 0x07, 0xe0, 0x07, 0xe0, 0x07, 0xe0, 0x07, 0xe0, 0x07, 0xe0, 0x07, 0xe0, 0x07,
    0xe0, 0x07, 0xe0, 0x07, 0xe0, 0x07, 0xe0, 0x07, 0xe0, 0x07, 0xe0, 0x07, 0xe0, 0x07, 0xe0, 0x07,
    0xe0, 0x07, 0xe0, 0x07, 0xe0, 0x07, 0xe0, 0x07, 0x41, 0x80, 0x41, 0x80, 0x41, 0x80, 0x41, 0x80,
    0xc0, 0xc0, 0xc0, 0xc0, 0x80, 0xe9, 0x80, 0xe9, 0xc0, 0xc0, 0x22, 0xfd, 0x22, 0xfd, 0x09, 0xff,
    0x09, 0xff, 0x09, 0xff, 0x09, 0xff, 0x09, 0xff, 0x09, 0xff, 0x09, 0xff, 0x09, 0xff, 0x09, 0xff,
    0x22, 0xfd, 0x22, 0xfd, 0x80, 0xe9, 0x80, 0xe9, 0x80, 0xe9, 0xc0, 0xc0, 0xc0, 0xc0, 0xc0, 0xc0,
    0x41, 0x80, 0x41, 0x80, 0x41, 0x80, 0xe0, 0x07, 0xe0, 0x07, 0xe0, 0x07, 0xe0, 0x07, 0xe0, 0x07,
    0xe0, 0x07, 0xe0, 0x07, 0xe0, 0x07, 0xe0, 0x07, 0xe0, 0x07, 0xe0, 0x07, 0xe0, 0x07, 0xe0, 0x07,
    0xe0, 0x07, 0xe0, 0x07, 0xe0, 0x07, 0xe0, 0x07, 0xe0, 0x07, 0xe0, 0x07, 0xe0, 0x07, 0xe0, 0x07,
    0xe0, 0x07, 0xe0, 0x07, 0xe0, 0x07, 0xe0, 0x07, 0xe0, 0x07, 0xe0, 0x07, 0xe0, 0x07, 0xe0, 0x07,
    0xe0, 0x07, 0xe0, 0x07, 0xe0, 0x07, 0xe0, 0x07, 0xe0, 0x07, 0xe0, 0x07, 0xe0, 0x07, 0xe0, 0x07,
    0xe0, 0x07, 0xe0, 0x07, 0xe0, 0x07, 0x02, 0x48, 0x41, 0x80, 0x41, 0x80, 0x41, 0x80, 0xc0, 0xc0,
    0xc0, 0xc0, 0xc0, 0xc0, 0x80, 0xe9, 0xc0, 0xc0, 0x80, 0xe9, 0x80, 0xe9, 0x22, 0xfd, 0x09, 0xff,
    0x09, 0xff, 0x09, 0xff, 0x09, 0xff, 0x09, 0xff, 0x09, 0xff, 0x09, 0xff, 0x09, 0xff, 0x09, 0xff,
    0x22, 0xfd, 0x22, 0xfd, 0x80, 0xe9, 0x80, 0xe9, 0x80, 0xe9, 0xc0, 0xc0, 0xc0, 0xc0, 0xc0, 0xc0,
    0xc0, 0xc0, 0x41, 0x80, 0x41, 0x80, 0x41, 0x80, 0xe0, 0x07, 0xe0, 0x07, 0xe0, 0x07, 0xe0, 0x07,
    0xe0, 0x07, 0xe0, 0x07, 0xe0, 0x07, 0xe0, 0x07, 0xe0, 0x07, 0xe0, 0x07, 0xe0, 0x07, 0xe0, 0x07,
    0xe0, 0x07, 0xe0, 0x07, 0xe0, 0x07, 0xe0, 0x07, 0xe0, 0x07, 0xe0, 0x07, 0xe0, 0x07, 0xe0, 0x07,
    0xe0, 0x07, 0xe0, 0x07, 0xe0, 0x07, 0xe0, 0x07, 0xe0, 0x07, 0xe0, 0x07, 0xe0, 0x07, 0xe0, 0x07,
    0xe0, 0x07, 0xe0, 0x07, 0xe0, 0x07, 0xe0, 0x07, 0xe0, 0x07, 0xe0, 0x07, 0xe0, 0x07, 0xe0, 0x07,
    0xe0, 0x07, 0xe0, 0x07, 0xe0, 0x07, 0x02, 0x48, 0x41, 0x80, 0x41, 0x80, 0xc0, 0xc0, 0xc0, 0xc0,
    0xc0, 0xc0, 0xc0, 0xc0, 0x80, 0xe9, 0x80, 0xe9, 0x80, 0xe9, 0x80, 0xe9, 0x22, 0xfd, 0x09, 0xff,
    0x09, 0xff, 0x09, 0xff, 0x09, 0xff, 0x09, 0xff, 0x09, 0xff, 0x09, 0xff, 0x09, 0xff, 0x09, 0xff,
    0x09, 0xff, 0x22, 0xfd, 0x80, 0xe9, 0x80, 0xe9, 0x80, 0xe9, 0x80, 0xe9, 0xc0, 0xc0, 0xc0, 0xc0,
    0xc0, 0xc0, 0x41, 0x80, 0x41, 0x80, 0x41, 0x80, 0xe0, 0x07, 0xe0, 0x07, 0xe0, 0x07, 0xe0, 0x07,
    0xe0, 0x07, 0xe0, 0x07, 0xe0, 0x07, 0xe0, 0x07, 0xe0, 0x07, 0xe0, 0x07, 0xe0, 0x07, 0xe0, 0x07,
    0xe0, 0x07, 0xe0, 0x07, 0xe0, 0x07, 0xe0, 0x07, 0xe0, 0x07, 0xe0, 0x07, 0xe0, 0x07, 0xe0, 0x07,
    0xe0, 0x07, 0xe0, 0x07, 0xe0, 0x07, 0xe0, 0x07, 0xe0, 0x07, 0xe0, 0x07, 0xe0, 0x07, 0xe0, 0x07,
    0xe0, 0x07, 0xe0, 0x07, 0xe0, 0x07, 0xe0, 0x07, 0xe0, 0x07, 0xe0, 0x07, 0xe0, 0x07, 0xe0, 0x07,
    0xe0, 0x07, 0xe0, 0x07, 0x02, 0x48, 0x41, 0x80, 0x41, 0x80, 0x41, 0x80, 0xc0, 0xc0, 0xc0, 0xc0,
    0xc0, 0xc0, 0xc0, 0xc0, 0xc0, 0xc0, 0xc0, 0xc0, 0x80, 0xe9, 0x22, 0xfd, 0x22, 0xfd, 0x09, 0xff,
    0x09, 0xff, 0x09, 0xff, 0x09, 0xff, 0x09, 0xff, 0x09, 0xff, 0x09, 0xff, 0x09, 0xff, 0x09, 0xff,
    0x09, 0xff, 0x22, 0xfd, 0x22, 0xfd, 0x80, 0xe9, 0x80, 0xe9, 0x80, 0xe9, 0xc0, 0xc0, 0xc0, 0xc0,
    0xc0, 0xc0, 0x41, 0x80, 0x41, 0x80, 0x41, 0x80, 0x41, 0x80, 0xe0, 0x07, 0xe0, 0x07, 0xe0, 0x07,
    0xe0, 0x07, 0xe0, 0x07, 0xe0, 0x07, 0xe0, 0x07, 0xe0, 0x07, 0xe0, 0x07, 0xe0, 0x07, 0xe0, 0x07,
    0xe0, 0x07, 0xe0, 0x07, 0xe0, 0x07, 0xe0, 0x07, 0xe0, 0x07, 0xe0, 0x07, 0xe0, 0x07, 0xe0, 0x07,
    0xe0, 0x07, 0xe0, 0x07, 0xe0, 0x07, 0xe0, 0x07, 0xe0, 0x07, 0xe0, 0x07, 0xe0, 0x07, 0xe0, 0x07,
    0xe0, 0x07, 0xe0, 0x07, 0xe0, 0x07, 0xe0, 0x07, 0xe0, 0x07, 0xe0, 0x07, 0xe0, 0x07, 0xe0, 0x07,
    0xe0, 0x07, 0xe0, 0x07, 0x41, 0x80, 0x41, 0x80, 0x41, 0x80, 0x41, 0x80, 0xc0, 0xc0, 0xc0, 0xc0,
    0xc0, 0xc0, 0xc0, 0xc0, 0xc0, 0xc0, 0xc0, 0xc0, 0xc0, 0xc0, 0x80, 0xe9, 0x22, 0xfd, 0x09, 0xff,
    0x09, 0xff, 0x09, 0xff, 0x09, 0xff, 0x09, 0xff, 0x09, 0xff, 0x09, 0xff, 0x09, 0xff, 0x09, 0xff,
    0x09, 0xff, 0x09, 0xff, 0x22, 0xfd, 0x80, 0xe9, 0x80, 0xe9, 0x80, 0xe9, 0x80, 0xe9, 0xc0, 0xc0,
    0xc0, 0xc0, 0xc0, 0xc0, 0xc0, 0xc0, 0x41, 0x80, 0x41, 0x80, 0xe0, 0x07, 0xe0, 0x07, 0xe0, 0x07,
    0xe0, 0x07, 0xe0, 0x07, 0xe0, 0x07, 0xe0, 0x07, 0xe0, 0x07, 0xe0, 0x07, 0xe0, 0x07, 0xe0, 0x07,
    0xe0, 0x07, 0xe0, 0x07, 0xe0, 0x07, 0xe0, 0x07, 0xe0, 0x07, 0xe0, 0x07, 0xe0, 0x07, 0xe0, 0x07,
    0xe0, 0x07, 0xe0, 0x07, 0xe0, 0x07, 0xe0, 0x07, 0xe0, 0x07, 0xe0, 0x07, 0xe0, 0x07, 0xe0, 0x07,
    0xe0, 0x07, 0xe0, 0x07, 0xe0, 0x07, 0xe0, 0x07, 0xe0, 0x07, 0xe0, 0x07, 0xe0, 0x07, 0xe0, 0x07,
    0xe0, 0x07, 0xe0, 0x07, 0x02, 0x48, 0x41, 0x80, 0x41, 0x80, 0x41, 0x80, 0x41, 0x80, 0xc0, 0xc0,
    0xc0, 0xc0, 0xc0, 0xc0, 0xc0, 0xc0, 0xc0, 0xc0, 0x80, 0xe9, 0x80, 0xe9, 0x22, 0xfd, 0x22, 0xfd,
    0x09, 0xff, 0x09, 0xff, 0x09, 0xff, 0x09, 0xff, 0x09, 0xff, 0x09, 0xff, 0x09, 0xff, 0x09, 0xff,
    0x09, 0xff, 0x09, 0xff, 0x22, 0xfd, 0x22, 0xfd, 0x80, 0xe9, 0x80, 0xe9, 0x80, 0xe9, 0x80, 0xe9,
    0x80, 0xe9, 0xc0, 0xc0, 0xc0, 0xc0, 0xc0, 0xc0, 0x41, 0x80, 0x41, 0x80, 0xe0, 0x07, 0xe0, 0x07,
    0xe0, 0x07, 0xe0, 0x07, 0xe0, 0x07, 0xe0, 0x07, 0xe0, 0x07, 0xe0, 0x07, 0xe0, 0x07, 0xe0, 0x07,
    0xe0, 0x07, 0xe0, 0x07, 0xe0, 0x07, 0xe0, 0x07, 0xe0, 0x07, 0xe0, 0x07, 0xe0, 0x07, 0xe0, 0x07,
    0xe0, 0x07, 0xe0, 0x07, 0xe0, 0x07, 0xe0, 0x07, 0xe0, 0x07, 0xe0, 0x07, 0xe0, 0x07, 0xe0, 0x07,
    0xe0, 0x07, 0xe0, 0x07, 0xe0, 0x07, 0xe0, 0x07, 0xe0, 0x07, 0xe0, 0x07, 0xe0, 0x07, 0xe0, 0x07,
    0xe0, 0x07, 0xe0, 0x07, 0xe0, 0x07, 0xe0, 0x07, 0x41, 0x80, 0x41, 0x80, 0x41, 0x80, 0x41, 0x80,
    0xc0, 0xc0, 0xc0, 0xc0, 0xc0, 0xc0, 0xc0, 0xc0, 0xc0, 0xc0, 0xc0, 0xc0, 0x80, 0xe9, 0x22, 0xfd,
    0x09, 0xff, 0x09, 0xff, 0x09, 0xff, 0x09, 0xff, 0x09, 0xff, 0x09, 0xff, 0x09, 0xff, 0x09, 0xff,
    0x09, 0xff, 0x09, 0xff, 0x09, 0xff, 0x09, 0xff, 0x22, 0xfd, 0x40, 0xfb, 0x80, 0xe9, 0x80, 0xe9,
    0x80, 0xe9, 0xc0, 0xc0, 0xc0, 0xc0, 0xc0, 0xc0, 0xc0, 0xc0, 0xc0, 0xc0, 0x02, 0x48, 0x02, 0x48,
    0xe0, 0x07, 0xe0, 0x07, 0xe0, 0x07, 0xe0, 0x07, 0xe0, 0x07, 0xe0, 0x07, 0xe0, 0x07, 0xe0, 0x07,
    0xe0, 0x07, 0xe0, 0x07, 0xe0, 0x07, 0xe0, 0x07, 0xe0, 0x07, 0xe0, 0x07, 0xe0, 0x07, 0xe0, 0x07,
    0xe0, 0x07, 0xe0, 0x07, 0xe0, 0x07, 0xe0, 0x07, 0xe0, 0x07, 0xe0, 0x07, 0xe0, 0x07, 0xe0, 0x07,
    0xe0, 0x07, 0xe0, 0x07, 0xe0, 0x07, 0xe0, 0x07, 0xe0, 0x07, 0xe0, 0x07, 0xe0, 0x07, 0xe0, 0x07,
    0xe0, 0x07, 0xe0, 0x07, 0xe0, 0x07, 0x02, 0x48, 0x41, 0x80, 0x41, 0x80, 0x41, 0x80, 0x41, 0x80,
    0xc0, 0xc0, 0x41, 0x80, 0x41, 0x80, 0xc0, 0xc0, 0xc0, 0xc0, 0xc0, 0xc0, 0xc0, 0xc0, 0x80, 0xe9,
    0x22, 0xfd, 0x22, 0xfd, 0x09, 0xff, 0x09, 0xff, 0x09, 0xff, 0x09, 0xff, 0x09, 0xff, 0x09, 0xff,
    0x09, 0xff, 0x09, 0xff, 0x09, 0xff, 0x09, 0xff, 0x09, 0xff, 0x09, 0xff, 0x22, 0xfd, 0x80, 0xe9,
    0x80, 0xe9, 0x80, 0xe9, 0x80, 0xe9, 0xc0, 0xc0, 0xc0, 0xc0, 0xc0, 0xc0, 0x41, 0x80, 0x41, 0x80,
    0xe0, 0x07, 0x02, 0x48, 0xe0, 0x07, 0xe0, 0x07, 0xe0, 0x07, 0xe0, 0x07, 0xe0, 0x07, 0xe0, 0x07,
    0xe0, 0x07, 0xe0, 0x07, 0xe0, 0x07, 0xe0, 0x07, 0xe0, 0x07, 0xe0, 0x07, 0xe0, 0x07, 0xe0, 0x07,
    0xe0, 0x07, 0xe0, 0x07, 0xe0, 0x07, 0xe0, 0x07, 0xe0, 0x07, 0xe0, 0x07, 0xe0, 0x07, 0xe0, 0x07,
    0xe0, 0x07, 0xe0, 0x07, 0xe0, 0x07, 0xe0, 0x07, 0xe0, 0x07, 0xe0, 0x07, 0xe0, 0x07, 0xe0, 0x07,
    0xe0, 0x07, 0xe0, 0x07, 0xe0, 0x07, 0x02, 0x48, 0x02, 0x48, 0x41, 0x80, 0x41, 0x80, 0xc0, 0xc0,
    0xc0, 0xc0, 0x41, 0x80, 0xc0, 0xc0, 0xc0, 0xc0, 0xc0, 0xc0, 0xc0, 0xc0, 0xc0, 0xc0, 0x80, 0xe9,
    0x22, 0xfd, 0x22, 0xfd, 0x09, 0xff, 0x09, 0xff, 0x09, 0xff, 0x09, 0xff, 0x09, 0xff, 0x09, 0xff,
    0x09, 0xff, 0x09, 0xff, 0x09, 0xff, 0x09, 0xff, 0x09, 0xff, 0x09, 0xff, 0x09, 0xff, 0x40, 0xfb,
    0x80, 0xe9, 0x80, 0xe9, 0x80, 0xe9, 0x80, 0xe9, 0xc0, 0xc0, 0xc0, 0xc0, 0x41, 0x80, 0x41, 0x80,
    0x02, 0x48, 0x02, 0x48, 0xe0, 0x07, 0xe0, 0x07, 0xe0, 0x07, 0xe0, 0x07, 0xe0, 0x07, 0xe0, 0x07,
    0xe0, 0x07, 0xe0, 0x07, 0xe0, 0x07, 0xe0, 0x07, 0xe0, 0x07, 0xe0, 0x07, 0xe0, 0x07, 0xe0, 0x07,
    0xe0, 0x07, 0xe0, 0x07, 0xe0, 0x07, 0xe0, 0x07, 0xe0, 0x07, 0xe0, 0x07, 0xe0, 0x07, 0xe0, 0x07,
    0xe0, 0x07, 0xe0, 0x07, 0xe0, 0x07, 0xe0, 0x07, 0xe0, 0x07, 0xe0, 0x07, 0xe0, 0x07, 0xe0, 0x07,
    0xe0, 0x07, 0xe0, 0x07, 0x02, 0x48, 0x02, 0x48, 0x41, 0x80, 0x41, 0x80, 0x41, 0x80, 0xc0, 0xc0,
    0xc0, 0xc0, 0xc0, 0xc0, 0xc0, 0xc0, 0xc0, 0xc0, 0xc0, 0xc0, 0xc0, 0xc0, 0x80, 0xe9, 0x80, 0xe9,
    0x22, 0xfd, 0x09, 0xff, 0x09, 0xff, 0x09, 0xff, 0x09, 0xff, 0x09, 0xff, 0x09, 0xff, 0x09, 0xff,
    0x09, 0xff, 0x09, 0xff, 0x09, 0xff, 0x09, 0xff, 0x09, 0xff, 0x09, 0xff, 0x09, 0xff, 0x80, 0xe9,
    0x80, 0xe9, 0x80, 0xe9, 0x80, 0xe9, 0x80, 0xe9, 0xc0, 0xc0, 0x41, 0x80, 0x41, 0x80, 0x41, 0x80,
    0x41, 0x80, 0xe0, 0x07, 0xe0, 0x07, 0xe0, 0x07, 0xe0, 0x07, 0xe0, 0x07, 0xe0, 0x07, 0xe0, 0x07,
    0xe0, 0x07, 0xe0, 0x07, 0xe0, 0x07, 0xe0, 0x07, 0xe0, 0x07, 0xe0, 0x07, 0xe0, 0x07, 0xe0, 0x07,
    0xe0, 0x07, 0xe0, 0x07, 0xe0, 0x07, 0xe0, 0x07, 0xe0, 0x07, 0xe0, 0x07, 0xe0, 0x07, 0xe0, 0x07,
    0xe0, 0x07, 0xe0, 0x07, 0xe0, 0x07, 0xe0, 0x07, 0xe0, 0x07, 0xe0, 0x07, 0xe0, 0x07, 0xe0, 0x07,
    0xe0, 0x07, 0xe0, 0x07, 0x41, 0x80, 0x41, 0x80, 0x41, 0x80, 0x41, 0x80, 0xc0, 0xc0, 0xc0, 0xc0,
    0xc0, 0xc0, 0xc0, 0xc0, 0xc0, 0xc0, 0xc0, 0xc0, 0xc0, 0xc0, 0xc0, 0xc0, 0x22, 0xfd, 0x22, 0xfd,
    0x09, 0xff, 0x09, 0xff, 0x09, 0xff, 0x09, 0xff, 0x09, 0xff, 0x09, 0xff, 0x09, 0xff, 0x09, 0xff,
    0x09, 0xff, 0x09, 0xff, 0x09, 0xff, 0x09, 0xff, 0x22, 0xfd, 0x09, 0xff, 0x80, 0xe9, 0x80, 0xe9,
    0x80, 0xe9, 0x80, 0xe9, 0x80, 0xe9, 0xc0, 0xc0, 0xc0, 0xc0, 0x41, 0x80, 0x41, 0x80, 0x41, 0x80,
    0xe0, 0x07, 0xe0, 0x07, 0xe0, 0x07, 0xe0, 0x07, 0xe0, 0x07, 0xe0, 0x07, 0xe0, 0x07, 0xe0, 0x07,
    0xe0, 0x07, 0xe0, 0x07, 0xe0, 0x07, 0xe0, 0x07, 0xe0, 0x07, 0xe0, 0x07, 0xe0, 0x07, 0xe0, 0x07,
    0xe0, 0x07, 0xe0, 0x07, 0xe0, 0x07, 0xe0, 0x07, 0xe0, 0x07, 0xe0, 0x07, 0xe0, 0x07, 0xe0, 0x07,
    0xe0, 0x07, 0xe0, 0x07, 0xe0, 0x07, 0xe0, 0x07, 0xe0, 0x07, 0xe0, 0x07, 0xe0, 0x07, 0xe0, 0x07,
    0x02, 0x48, 0x02, 0x48, 0x41, 0x80, 0xc0, 0xc0, 0xc0, 0xc0, 0xc0, 0xc0, 0xc0, 0xc0, 0xc0, 0xc0,
    0x80, 0xe9, 0x80, 0xe9, 0x80, 0xe9, 0x80, 0xe9, 0x22, 0xfd, 0x22, 0xfd, 0x09, 0xff, 0x09, 0xff,
    0x09, 0xff, 0x09, 0xff, 0x09, 0xff, 0x09, 0xff, 0x09, 0xff, 0x09, 0xff, 0x09, 0xff, 0x09, 0xff,
    0x09, 0xff, 0x09, 0xff, 0x22, 0xfd, 0x22, 0xfd, 0x40, 0xfb, 0x80, 0xe9, 0x80, 0xe9, 0x80, 0xe9,
    0xc0, 0xc0, 0x80, 0xe9, 0xc0, 0xc0, 0xc0, 0xc0, 0xc0, 0xc0, 0x41, 0x80, 0xe0, 0x07, 0xe0, 0x07,
    0xe0, 0x07, 0xe0, 0x07, 0xe0, 0x07, 0xe0, 0x07, 0xe0, 0x07, 0xe0, 0x07, 0xe0, 0x07, 0xe0, 0x07,
    0xe0, 0x07, 0xe0, 0x07, 0xe0, 0x07, 0xe0, 0x07, 0xe0, 0x07, 0xe0, 0x07, 0xe0, 0x07, 0xe0, 0x07,
    0xe0, 0x07, 0xe0, 0x07, 0xe0, 0x07, 0xe0, 0x07, 0xe0, 0x07, 0xe0, 0x07, 0xe0, 0x07, 0xe0, 0x07,
    0xe0, 0x07, 0xe0, 0x07, 0xe0, 0x07, 0xe0, 0x07, 0xe0, 0x07, 0xe0, 0x07, 0xe0, 0x07, 0xe0, 0x07,
    0x41, 0x80, 0x41, 0x80, 0x41, 0x80, 0xc0, 0xc0, 0xc0, 0xc0, 0x80, 0xe9, 0x80, 0xe9, 0x80, 0xe9,
    0x80, 0xe9, 0x80, 0xe9, 0x09, 0xff, 0x22, 0xfd, 0x09, 0xff, 0x09, 0xff, 0x09, 0xff, 0x09, 0xff,
    0x09, 0xff, 0x09, 0xff, 0x09, 0xff, 0x09, 0xff, 0x09, 0xff, 0x09, 0xff, 0x09, 0xff, 0x09, 0xff,
    0x22, 0xfd, 0x22, 0xfd, 0x80, 0xe9, 0x80, 0xe9, 0x80, 0xe9, 0x80, 0xe9, 0x80, 0xe9, 0xc0, 0xc0,
    0xc0, 0xc0, 0xc0, 0xc0, 0xc0, 0xc0, 0xc0, 0xc0, 0x02, 0x48, 0xe0, 0x07, 0xe0, 0x07, 0xe0, 0x07,
    0xe0, 0x07, 0xe0, 0x07, 0xe0, 0x07, 0xe0, 0x07, 0xe0, 0x07, 0xe0, 0x07, 0xe0, 0x07, 0xe0, 0x07,
    0xe0, 0x07, 0xe0, 0x07, 0xe0, 0x07, 0xe0, 0x07, 0xe0, 0x07, 0xe0, 0x07, 0xe0, 0x07, 0xe0, 0x07,
    0xe0, 0x07, 0xe0, 0x07, 0xe0, 0x07, 0xe0, 0x07, 0xe0, 0x07, 0xe0, 0x07, 0xe0, 0x07, 0xe0, 0x07,
    0xe0, 0x07, 0xe0, 0x07, 0xe0, 0x07, 0xe0, 0x07, 0xe0, 0x07, 0x02, 0x48, 0x02, 0x48, 0x41, 0x80,
    0x41, 0x80, 0x41, 0x80, 0x41, 0x80, 0xc0, 0xc0, 0x80, 0xe9, 0x80, 0xe9, 0x80, 0xe9, 0x80, 0xe9,
    0x80, 0xe9, 0x09, 0xff, 0x09, 0xff, 0x09, 0xff, 0x09, 0xff, 0x09, 0xff, 0x09, 0xff, 0x09, 0xff,
    0x09, 0xff, 0x09, 0xff, 0x09, 0xff, 0x09, 0xff, 0x09, 0xff, 0x09, 0xff, 0x09, 0xff, 0x22, 0xfd,
    0x22, 0xfd, 0x80, 0xe9, 0xc0, 0xc0, 0x80, 0xe9, 0x80, 0xe9, 0xc0, 0xc0, 0xc0, 0xc0, 0xc0, 0xc0,
    0xc0, 0xc0, 0xc0, 0xc0, 0x41, 0x80, 0x41, 0x80, 0xe0, 0x07, 0xe0, 0x07, 0xe0, 0x07, 0xe0, 0x07,
    0xe0, 0x07, 0xe0, 0x07, 0xe0, 0x07, 0xe0, 0x07, 0xe0, 0x07, 0xe0, 0x07, 0xe0, 0x07, 0xe0, 0x07,
    0xe0, 0x07, 0xe0, 0x07, 0xe0, 0x07, 0xe0, 0x07, 0xe0, 0x07, 0xe0, 0x07, 0xe0, 0x07, 0xe0, 0x07,
    0xe0, 0x07, 0xe0, 0x07, 0xe0, 0x07, 0xe0, 0x07, 0xe0, 0x07, 0xe0, 0x07, 0xe0, 0x07, 0xe0, 0x07,
    0xe0, 0x07, 0xe0, 0x07, 0xe0, 0x07, 0xe0, 0x07, 0x02, 0x48, 0x02, 0x48, 0x41, 0x80, 0x41, 0x80,
    0x41, 0x80, 0x41, 0x80, 0x41, 0x80, 0xc0, 0xc0, 0xc0, 0xc0, 0x80, 0xe9, 0x80, 0xe9, 0x80, 0xe9,
    0x09, 0xff, 0x09, 0xff, 0x09, 0xff, 0x09, 0xff, 0x09, 0xff, 0x09, 0xff, 0x09, 0xff, 0x09, 0xff,
    0x09, 0xff, 0x09, 0xff, 0x09, 0xff, 0x09, 0xff, 0x09, 0xff, 0x09, 0xff, 0x09, 0xff, 0x22, 0xfd,
    0x22, 0xfd, 0x80, 0xe9, 0x40, 0xfb, 0x80, 0xe9, 0x80, 0xe9, 0x80, 0xe9, 0xc0, 0xc0, 0xc0, 0xc0,
    0xc0, 0xc0, 0xc0, 0xc0, 0x41, 0x80, 0x02, 0x48, 0xe0, 0x07, 0xe0, 0x07, 0xe0, 0x07, 0xe0, 0x07,
    0xe0, 0x07, 0xe0, 0x07, 0xe0, 0x07, 0xe0, 0x07, 0xe0, 0x07, 0xe0, 0x07, 0xe0, 0x07, 0xe0, 0x07,
    0xe0, 0x07, 0xe0, 0x07, 0xe0, 0x07, 0xe0, 0x07, 0xe0, 0x07, 0xe0, 0x07, 0xe0, 0x07, 0xe0, 0x07,
    0xe0, 0x07, 0xe0, 0x07, 0xe0, 0x07, 0xe0, 0x07, 0xe0, 0x07, 0xe0, 0x07, 0xe0, 0x07, 0xe0, 0x07,
    0xe0, 0x07, 0xe0, 0x07, 0xe0, 0x07, 0xe0, 0x07, 0xe0, 0x07, 0xe0, 0x07, 0x41, 0x80, 0x41, 0x80,
    0x41, 0x80, 0x41, 0x80, 0x41, 0x80, 0xc0, 0xc0, 0xc0, 0xc0, 0xc0, 0xc0, 0x80, 0xe9, 0x80, 0xe9,
    0x40, 0xfb, 0x09, 0xff, 0x09, 0xff, 0x09, 0xff, 0x09, 0xff, 0x09, 0xff, 0x09, 0xff, 0x09, 0xff,
    0x09, 0xff, 0x09, 0xff, 0x09, 0xff, 0x09, 0xff, 0x09, 0xff, 0x09, 0xff, 0x09, 0xff, 0x09, 0xff,
    0x22, 0xfd, 0x80, 0xe9, 0x40, 0xfb, 0x80, 0xe9, 0x80, 0xe9, 0x80, 0xe9, 0xc0, 0xc0, 0xc0, 0xc0,
    0xc0, 0xc0, 0x41, 0x80, 0x41, 0x80, 0x02, 0x48, 0x41, 0x80, 0xe0, 0x07, 0xe0, 0x07, 0xe0, 0x07,
    0xe0, 0x07, 0xe0, 0x07, 0xe0, 0x07, 0xe0, 0x07, 0xe0, 0x07, 0xe0, 0x07, 0xe0, 0x07, 0xe0, 0x07,
    0xe0, 0x07, 0xe0, 0x07, 0xe0, 0x07, 0xe0, 0x07, 0xe0, 0x07, 0xe0, 0x07, 0xe0, 0x07, 0xe0, 0x07,
    0xe0, 0x07, 0xe0, 0x07, 0xe0, 0x07, 0xe0, 0x07, 0xe0, 0x07, 0xe0, 0x07, 0xe0, 0x07, 0xe0, 0x07,
    0xe0, 0x07, 0xe0, 0x07, 0xe0, 0x07, 0xe0, 0x07, 0xe0, 0x07, 0x02, 0x48, 0x02, 0x48, 0x41, 0x80,
    0x41, 0x80, 0x41, 0x80, 0x41, 0x80, 0xc0, 0xc0, 0xc0, 0xc0, 0xc0, 0xc0, 0x80, 0xe9, 0x80, 0xe9,
    0x80, 0xe9, 0x22, 0xfd, 0x09, 0xff, 0x09, 0xff, 0x09, 0xff, 0x09, 0xff, 0x09, 0xff, 0x09, 0xff,
    0x09, 0xff, 0x09, 0xff, 0x09, 0xff, 0x09, 0xff, 0x09, 0xff, 0x09, 0xff, 0x09, 0xff, 0x09, 0xff,
    0x09, 0xff, 0x09, 0xff, 0x40, 0xfb, 0x80, 0xe9, 0x80, 0xe9, 0x80, 0xe9, 0x80, 0xe9, 0x80, 0xe9,
    0xc0, 0xc0, 0x41, 0x80, 0x41, 0x80, 0x41, 0x80, 0x41, 0x80, 0xe0, 0x07, 0x02, 0x48, 0xe0, 0x07,
    0xe0, 0x07, 0xe0, 0x07, 0xe0, 0x07, 0xe0, 0x07, 0xe0, 0x07, 0xe0, 0x07, 0xe0, 0x07, 0xe0, 0x07,
    0xe0, 0x07, 0xe0, 0x07, 0xe0, 0x07, 0xe0, 0x07, 0xe0, 0x07, 0xe0, 0x07, 0xe0, 0x07, 0xe0, 0x07,
    0xe0, 0x07, 0xe0, 0x07, 0xe0, 0x07, 0xe0, 0x07, 0xe0, 0x07, 0xe0, 0x07, 0xe0, 0x07, 0xe0, 0x07,
    0xe0, 0x07, 0xe0, 0x07, 0xe0, 0x07, 0xe0, 0x07, 0xe0, 0x07, 0xe0, 0x07, 0xe0, 0x07, 0x41, 0x80,
    0x41, 0x80, 0x41, 0x80, 0x41, 0x80, 0x41, 0x80, 0xc0, 0xc0, 0xc0, 0xc0, 0xc0, 0xc0, 0x80, 0xe9,
    0x80, 0xe9, 0x40, 0xfb, 0x09, 0xff, 0x09, 0xff, 0x09, 0xff, 0x09, 0xff, 0x09, 0xff, 0x09, 0xff,
    0x09, 0xff, 0x09, 0xff, 0x09, 0xff, 0x09, 0xff, 0x09, 0xff, 0x09, 0xff, 0x09, 0xff, 0x09, 0xff,
    0x09, 0xff, 0x09, 0xff, 0x09, 0xff, 0x09, 0xff, 0x80, 0xe9, 0x40, 0xfb, 0x80, 0xe9, 0x80, 0xe9,
    0xc0, 0xc0, 0xc0, 0xc0, 0x41, 0x80, 0x41, 0x80, 0x41, 0x80, 0x41, 0x80, 0x02, 0x48, 0xe0, 0x07,
    0xe0, 0x07, 0xe0, 0x07, 0xe0, 0x07, 0xe0, 0x07, 0xe0, 0x07, 0xe0, 0x07, 0xe0, 0x07, 0xe0, 0x07,
    0xe0, 0x07, 0xe0, 0x07, 0xe0, 0x07, 0xe0, 0x07, 0xe0, 0x07, 0xe0, 0x07, 0xe0, 0x07, 0xe0, 0x07,
    0xe0, 0x07, 0xe0, 0x07, 0xe0, 0x07, 0xe0, 0x07, 0xe0, 0x07, 0xe0, 0x07, 0xe0, 0x07, 0xe0, 0x07,
    0xe0, 0x07, 0xe0, 0x07, 0xe0, 0x07, 0xe0, 0x07, 0xe0, 0x07, 0xe0, 0x07, 0x02, 0x48, 0x02, 0x48,
    0x02, 0x48, 0x41, 0x80, 0x41, 0x80, 0xc0, 0xc0, 0xc0, 0xc0, 0xc0, 0xc0, 0xc0, 0xc0, 0xc0, 0xc0,
    0x80, 0xe9, 0x80, 0xe9, 0x80, 0xe9, 0x09, 0xff, 0x09, 0xff, 0x09, 0xff, 0x09, 0xff, 0x09, 0xff,
    0x09, 0xff, 0x09, 0xff, 0x09, 0xff, 0x09, 0xff, 0x09, 0xff, 0x09, 0xff, 0x09, 0xff, 0x09, 0xff,
    0x09, 0xff, 0x09, 0xff, 0x09, 0xff, 0x09, 0xff, 0x40, 0xfb, 0x40, 0xfb, 0x80, 0xe9, 0xc0, 0xc0,
    0xc0, 0xc0, 0xc0, 0xc0, 0xc0, 0xc0, 0x41, 0x80, 0x41, 0x80, 0x41, 0x80, 0x41, 0x80, 0x41, 0x80,
    0xe0, 0x07, 0xe0, 0x07, 0xe0, 0x07, 0xe0, 0x07, 0xe0, 0x07, 0xe0, 0x07, 0xe0, 0x07, 0xe0, 0x07,
    0xe0, 0x07, 0xe0, 0x07, 0xe0, 0x07, 0xe0, 0x07, 0xe0, 0x07, 0xe0, 0x07, 0xe0, 0x07, 0xe0, 0x07,
    0xe0, 0x07, 0xe0, 0x07, 0xe0, 0x07, 0xe0, 0x07, 0xe0, 0x07, 0xe0, 0x07, 0xe0, 0x07, 0xe0, 0x07,
    0xe0, 0x07, 0xe0, 0x07, 0xe0, 0x07, 0xe0, 0x07, 0xe0, 0x07, 0x02, 0x48, 0x02, 0x48, 0x02, 0x48,
    0x41, 0x80, 0x41, 0x80, 0x41, 0x80, 0x41, 0x80, 0x41, 0x80, 0xc0, 0xc0, 0xc0, 0xc0, 0xc0, 0xc0,
    0x80, 0xe9, 0x80, 0xe9, 0x40, 0xfb, 0x09, 0xff, 0x09, 0xff, 0x09, 0xff, 0x09, 0xff, 0x09, 0xff,
    0x09, 0xff, 0x09, 0xff, 0x09, 0xff, 0x09, 0xff, 0x09, 0xff, 0x09, 0xff, 0x09, 0xff, 0x09, 0xff,
    0x09, 0xff, 0x09, 0xff, 0x09, 0xff, 0x09, 0xff, 0x40, 0xfb, 0x40, 0xfb, 0x80, 0xe9, 0xc0, 0xc0,
    0xc0, 0xc0, 0xc0, 0xc0, 0xc0, 0xc0, 0x41, 0x80, 0x41, 0x80, 0x41, 0x80, 0x41, 0x80, 0x41, 0x80,
    0xe0, 0x07, 0xe0, 0x07, 0xe0, 0x07, 0xe0, 0x07, 0xe0, 0x07, 0xe0, 0x07, 0xe0, 0x07, 0xe0, 0x07,
    0xe0, 0x07, 0xe0, 0x07, 0xe0, 0x07, 0xe0, 0x07, 0xe0, 0x07, 0xe0, 0x07, 0xe0, 0x07, 0xe0, 0x07,
    0xe0, 0x07, 0xe0, 0x07, 0xe0, 0x07, 0xe0, 0x07, 0xe0, 0x07, 0xe0, 0x07, 0xe0, 0x07, 0xe0, 0x07,
    0xe0, 0x07, 0xe0, 0x07, 0xe0, 0x07, 0xe0, 0x07, 0xe0, 0x07, 0x02, 0x48, 0x02, 0x48, 0x41, 0x80,
    0x41, 0x80, 0x41, 0x80, 0x41, 0x80, 0x41, 0x80, 0xc0, 0xc0, 0xc0, 0xc0, 0xc0, 0xc0, 0xc0, 0xc0,
    0x80, 0xe9, 0x80, 0xe9, 0x40, 0xfb, 0x40, 0xfb, 0x40, 0xfb, 0x40, 0xfb, 0x40, 0xfb, 0x40, 0xfb,
    0x40, 0xfb, 0x40, 0xfb, 0x40, 0xfb, 0x40, 0xfb, 0x40, 0xfb, 0x40, 0xfb, 0x40, 0xfb, 0x40, 0xfb,
    0x40, 0xfb, 0x40, 0xfb, 0x40, 0xfb, 0x40, 0xfb, 0x40, 0xfb, 0x80, 0xe9, 0x40, 0xfb, 0xc0, 0xc0,
    0xc0, 0xc0, 0xc0, 0xc0, 0x41, 0x80, 0xc0, 0xc0, 0x41, 0x80, 0x41, 0x80, 0x41, 0x80, 0x02, 0x48,
    0x41, 0x80, 0xe0, 0x07, 0xe0, 0x07, 0xe0, 0x07, 0xe0, 0x07, 0xe0, 0x07, 0xe0, 0x07, 0xe0, 0x07,
    0xe0, 0x07, 0xe0, 0x07, 0xe0, 0x07, 0xe0, 0x07, 0xe0, 0x07, 0xe0, 0x07, 0xe0, 0x07, 0xe0, 0x07,
    0xe0, 0x07, 0xe0, 0x07, 0xe0, 0x07, 0xe0, 0x07, 0xe0, 0x07, 0xe0, 0x07, 0xe0, 0x07, 0xe0, 0x07,
    0xe0, 0x07, 0xe0, 0x07, 0xe0, 0x07, 0xe0, 0x07, 0xe0, 0x07, 0xe0, 0x07, 0xe0, 0x07, 0x41, 0x80,
    0x41, 0x80, 0x41, 0x80, 0x41, 0x80, 0x41, 0x80, 0xc0, 0xc0, 0xc0, 0xc0, 0xc0, 0xc0, 0xc0, 0xc0,
    0x80, 0xe9, 0x40, 0xfb, 0x40, 0xfb, 0x40, 0xfb, 0x40, 0xfb, 0x40, 0xfb, 0x40, 0xfb, 0x40, 0xfb,
    0x40, 0xfb, 0x40, 0xfb, 0x40, 0xfb, 0x40, 0xfb, 0x40, 0xfb, 0x40, 0xfb, 0x40, 0xfb, 0x40, 0xfb,
    0x40, 0xfb, 0x40, 0xfb, 0x40, 0xfb, 0x40, 0xfb, 0x40, 0xfb, 0x40, 0xfb, 0x40, 0xfb, 0xc0, 0xc0,
    0xc0, 0xc0, 0xc0, 0xc0, 0xc0, 0xc0, 0xc0, 0xc0, 0x41, 0x80, 0x41, 0x80, 0x41, 0x80, 0x02, 0x48,
    0x41, 0x80, 0xe0, 0x07, 0xe0, 0x07, 0xe0, 0x07, 0xe0, 0x07, 0xe0, 0x07, 0xe0, 0x07, 0xe0, 0x07,
    0xe0, 0x07, 0xe0, 0x07, 0xe0, 0x07, 0xe0, 0x07, 0xe0, 0x07, 0xe0, 0x07, 0xe0, 0x07, 0xe0, 0x07,
    0xe0, 0x07, 0xe0, 0x07, 0xe0, 0x07, 0xe0, 0x07, 0xe0, 0x07, 0xe0, 0x07, 0xe0, 0x07, 0xe0, 0x07,
    0xe0, 0x07, 0xe0, 0x07, 0xe0, 0x07, 0xe0, 0x07, 0xe0, 0x07, 0xe0, 0x07, 0x02, 0x48, 0x02, 0x48,
    0x02, 0x48, 0x41, 0x80, 0x41, 0x80, 0xc0, 0xc0, 0xc0, 0xc0, 0xc0, 0xc0, 0xc0, 0xc0, 0xc0, 0xc0,
    0x80, 0xe9, 0x80, 0xe9, 0x80, 0xe9, 0x40, 0xfb, 0x40, 0xfb, 0x40, 0xfb, 0x40, 0xfb, 0x40, 0xfb,
    0x40, 0xfb, 0x40, 0xfb, 0x40, 0xfb, 0x40, 0xfb, 0x40, 0xfb, 0x40, 0xfb, 0x40, 0xfb, 0x40, 0xfb,
    0x40, 0xfb, 0x40, 0xfb, 0x40, 0xfb, 0x40, 0xfb, 0x40, 0xfb, 0x40, 0xfb, 0x40, 0xfb, 0x80, 0xe9,
    0xc0, 0xc0, 0xc0, 0xc0, 0xc0, 0xc0, 0xc0, 0xc0, 0xc0, 0xc0, 0x41, 0x80, 0x41, 0x80, 0x41, 0x80,
    0x41, 0x80, 0x41, 0x80, 0x02, 0x48, 0xe0, 0x07, 0xe0, 0x07, 0xe0, 0x07, 0xe0, 0x07, 0xe0, 0x07,
    0xe0, 0x07, 0xe0, 0x07, 0xe0, 0x07, 0xe0, 0x07, 0xe0, 0x07, 0xe0, 0x07, 0xe0, 0x07, 0xe0, 0x07,
};

const lv_img_dsc_t bongo_fire_6 = {
    .header.cf = LV_IMG_CF_TRUE_COLOR_CHROMA_KEYED,
    .header.always_zero = 0,
    .header.reserved = 0,
    .header.w = 72,
    .header.h = 52,
    .data_size = sizeof(bongo_fire_6_map),
    .data = bongo_fire_6_map,
};

static const uint8_t bongo_fire_7_map[] = {
    0xe0, 0x07, 0xe0, 0x07, 0xe0, 0x07, 0xe0, 0x07, 0xe0, 0x07, 0xe0, 0x07, 0xe0, 0x07, 0xe0, 0x07,
    0xe0, 0x07, 0xe0, 0x07, 0xe0, 0x07, 0xe0, 0x07, 0xe0, 0x07, 0xe0, 0x07, 0xe0, 0x07, 0xe0, 0x07,
    0xe0, 0x07, 0xe0, 0x07, 0xe0, 0x07, 0xe0, 0x07, 0xe0, 0x07, 0xe0, 0x07, 0xe0, 0x07, 0xe0, 0x07,
    0xe0, 0x07, 0xe0, 0x07, 0xe0, 0x07, 0xe0, 0x07, 0xe0, 0x07, 0xe0, 0x07, 0xe0, 0x07, 0xe0, 0x07,
    0xe0, 0x07, 0xe0, 0x07, 0xe0, 0x07, 0xe0, 0x07, 0xe0, 0x07, 0xe0, 0x07, 0xc0, 0xc0, 0xc0, 0xc0,
    0xe0, 0x07, 0xe0, 0x07, 0xe0, 0x07, 0xe0, 0x07, 0xe0, 0x07, 0xe0, 0x07, 0xe0, 0x07, 0xe0, 0x07,
    0xe0, 0x07, 0xe0, 0x07, 0xe0, 0x07, 0xe0, 0x07, 0xe0, 0x07, 0xe0, 0x07, 0xe0, 0x07, 0xe0, 0x07,
    0xe0, 0x07, 0xe0, 0x07, 0xe0, 0x07, 0xe0, 0x07, 0xe0, 0x07, 0xe0, 0x07, 0xe0, 0x07, 0xe0, 0x07,
    0xe0, 0x07, 0xe0, 0x07, 0xe0, 0x07, 0xe0, 0x07, 0xe0, 0x07, 0xe0, 0x07, 0xe0, 0x07, 0xe0, 0x07,
    0xe0, 0x07, 0xe0, 0x07, 0xe0, 0x07, 0xe0, 0x07, 0xe0, 0x07, 0xe0, 0x07, 0xe0, 0x07, 0xe0, 0x07,
    0xe0, 0x07, 0xe0, 0x07, 0xe0, 0x07, 0xe0, 0x07, 0xe0, 0x07, 0xe0, 0x07, 0xe0, 0x07, 0xe0, 0x07,
    0xe0, 0x07, 0xe0, 0x07, 0xe0, 0x07, 0xe0, 0x07, 0xe0, 0x07, 0xe0, 0x07, 0xe0, 0x07, 0xe0, 0x07,
    0xe0, 0x07, 0xe0, 0x07, 0xe0, 0x07, 0xe0, 0x07, 0xe0, 0x07, 0xe0, 0x07, 0xe0, 0x07, 0xe0, 0x07,
    0xe0, 0x07, 0xe0, 0x07, 0xe0, 0x07, 0xe0, 0x07, 0x41, 0x80, 0x80, 0xe9, 0x40, 0xfb, 0xc0, 0xc0,
    0x02, 0x48, 0xe0, 0x07, 0xe0, 0x07, 0xe0, 0x07, 0xe0, 0x07, 0xe0, 0x07, 0xe0, 0x07, 0xe0, 0x07,
    0xe0, 0x07, 0xe0, 0x07, 0xe0, 0x07, 0xe0, 0x07, 0xe0, 0x07, 0xe0, 0x07, 0xe0, 0x07, 0xe0, 0x07,
    0xe0, 0x07, 0xe0, 0x07, 0xe0, 0x07, 0xe0, 0x07, 0xe0, 0x07, 0xe0, 0x07, 0xe0, 0x07, 0xe0, 0x07,
    0xe0, 0x07, 0xe0, 0x07, 0xe0, 0x07, 0xe0, 0x07, 0xe0, 0x07, 0xe0, 0x07, 0xe0, 0x07, 0xe0, 0x07,
    0xe0, 0x07, 0xe0, 0x07, 0xe0, 0x07, 0xe0, 0x07, 0xe0, 0x07, 0xe0, 0x07, 0xe0, 0x07, 0xe0, 0x07,
    0xe0, 0x07, 0xe0, 0x07, 0xe0, 0x07, 0xe0, 0x07, 0xe0, 0x07, 0xe0, 0x07, 0xe0, 0x07, 0xe0, 0x07,
    0xe0, 0x07, 0xe0, 0x07, 0xe0, 0x07, 0xe0, 0x07, 0xe0, 0x07, 0xe0, 0x07, 0xe0, 0x07, 0xe0, 0x07,
    0xe0, 0x07, 0xe0, 0x07, 0xe0, 0x07, 0xe0, 0x07, 0xe0, 0x07, 0xe0, 0x07, 0xe0, 0x07, 0xe0, 0x07,
    0xe0, 0x07, 0xe0, 0x07, 0xe0, 0x07, 0xc0, 0xc0, 0x40, 0xfb, 0x40, 0xfb, 0xc0, 0xc0, 0x41, 0x80,
    0xe0, 0x07, 0xe0, 0x07, 0xe0, 0x07, 0xe0, 0x07, 0xe0, 0x07, 0xe0, 0x07, 0xe0, 0x07, 0xe0, 0x07,
    0xe0, 0x07, 0xe0, 0x07, 0xe0, 0x07, 0xe0, 0x07, 0xe0, 0x07, 0xe0, 0x07, 0xe0, 0x07, 0xe0, 0x07,
    0xe0, 0x07, 0xe0, 0x07, 0xe0, 0x07, 0xe0, 0x07, 0xe0, 0x07, 0xe0, 0x07, 0xe0, 0x07, 0xe0, 0x07,
    0xe0, 0x07, 0xe0, 0x07, 0xe0, 0x07, 0xe0, 0x07, 0xe0, 0x07, 0xe0, 0x07, 0xe0, 0x07, 0xe0, 0x07,
    0xe0, 0x07, 0xe0, 0x07, 0xe0, 0x07, 0xe0, 0x07, 0xe0, 0x07, 0xe0, 0x07, 0xe0, 0x07, 0xe0, 0x07,
    0xe0, 0x07, 0xe0, 0x07, 0xe0, 0x07, 0xe0, 0x07, 0xe0, 0x07, 0xe0, 0x07, 0xe0, 0x07, 0xe0, 0x07,
    0xe0, 0x07, 0xe0, 0x07, 0xe0, 0x07, 0xe0, 0x07, 0xe0, 0x07, 0xe0, 0x07, 0xe0, 0x07, 0xe0, 0x07,
    0xe0, 0x07, 0xe0, 0x07, 0xe0, 0x07, 0xe0, 0x07, 0xe0, 0x07, 0xe0, 0x07, 0xe0, 0x07, 0xe0, 0x07,
    0x41, 0x80, 0xc0, 0xc0, 0x80, 0xe9, 0x80, 0xe9, 0xc0, 0xc0, 0xc0, 0xc0, 0x02, 0x48, 0xe0, 0x07,
    0xe0, 0x07, 0xe0, 0x07, 0xe0, 0x07, 0xe0, 0x07, 0xe0, 0x07, 0xe0, 0x07, 0xe0, 0x07, 0xe0, 0x07,
    0xe0, 0x07, 0xe0, 0x07, 0xe0, 0x07, 0xe0, 0x07, 0xe0, 0x07, 0xe0, 0x07, 0xe0, 0x07, 0xe0, 0x07,
    0xe0, 0x07, 0xe0, 0x07, 0xe0, 0x07, 0xe0, 0x07, 0xe0, 0x07, 0xe0, 0x07, 0xe0, 0x07, 0xe0, 0x07,
    0xe0, 0x07, 0xe0, 0x07, 0xe0, 0x07, 0xe0, 0x07, 0xe0, 0x07, 0xe0, 0x07, 0xe0, 0x07, 0xe0, 0x07,
    0xe0, 0x07, 0xe0, 0x07, 0xe0, 0x07, 0xe0, 0x07, 0xe0, 0x07, 0xe0, 0x07, 0xe0, 0x07, 0xe0, 0x07,
    0xe0, 0x07, 0xe0, 0x07, 0xe0, 0x07, 0xe0, 0x07, 0xe0, 0x07, 0xe0, 0x07, 0xe0, 0x07, 0xe0, 0x07,
    0xe0, 0x07, 0xe0, 0x07, 0xe0, 0x07, 0xe0, 0x07, 0xe0, 0x07, 0xe0, 0x07, 0xe0, 0x07, 0xe0, 0x07,
    0xe0, 0x07, 0xe0, 0x07, 0xe0, 0x07, 0xe0, 0x07, 0xe0, 0x07, 0xe0, 0x07, 0x41, 0x80, 0xc0, 0xc0,
    0x80, 0xe9, 0x80, 0xe9, 0xc0, 0xc0, 0x41, 0x80, 0x02, 0x48, 0xe0, 0x07, 0xe0, 0x07, 0xe0, 0x07,
    0xe0, 0x07, 0xe0, 0x07, 0xe0, 0x07, 0xe0, 0x07, 0xe0, 0x07, 0xe0, 0x07, 0xe0, 0x07, 0xe0, 0x07,
    0xe0, 0x07, 0xe0, 0x07, 0xe0, 0x07, 0xe0, 0x07, 0xe0, 0x07, 0xe0, 0x07, 0xe0, 0x07, 0xe0, 0x07,
    0xe0, 0x07, 0xe0, 0x07, 0xe0, 0x07, 0xe0, 0x07, 0xe0, 0x07, 0xe0, 0x07, 0xe0, 0x07, 0xe0, 0x07,
    0xe0, 0x07, 0xe0, 0x07, 0xe0, 0x07, 0xe0, 0x07, 0xe0, 0x07, 0xe0, 0x07, 0xe0, 0x07, 0xe0, 0x07,
    0xe0, 0x07, 0xe0, 0x07, 0xe0, 0x07, 0xe0, 0x07, 0xe0, 0x07, 0xe0, 0x07, 0xe0, 0x07, 0xe0, 0x07,
    0xe0, 0x07, 0xe0, 0x07, 0xe0, 0x07, 0xe0, 0x07, 0xe0, 0x07, 0xe0, 0x07, 0xe0, 0x07, 0xe0, 0x07,
    0xe0, 0x07, 0xe0, 0x07, 0xe0, 0x07, 0xe0, 0x07, 0xe0, 0x07, 0xe0, 0x07, 0xe0, 0x07, 0xe0, 0x07,
    0xe0, 0x07, 0xe0, 0x07, 0xe0, 0x07, 0xe0, 0x07, 0x41, 0x80, 0x41, 0x80, 0xc0, 0xc0, 0x80, 0xe9,
    0x80, 0xe9, 0x80, 0xe9, 0xc0, 0xc0, 0x41, 0x80, 0xe0, 0x07, 0xe0, 0x07, 0xe0, 0x07, 0xe0, 0x07,
    0xe0, 0x07, 0xe0, 0x07, 0xe0, 0x07, 0xe0, 0x07, 0xe0, 0x07, 0xe0, 0x07, 0xe0, 0x07, 0xe0, 0x07,
    0xe0, 0x07, 0xe0, 0x07, 0xe0, 0x07, 0xe0, 0x07, 0xe0, 0x07, 0xe0, 0x07, 0xe0, 0x07, 0xe0, 0x07,
    0xe0, 0x07, 0xe0, 0x07, 0xe0, 0x07, 0xe0, 0x07, 0xe0, 0x07, 0xe0, 0x07, 0xe0, 0x07, 0xe0, 0x07,
    0xe0, 0x07, 0xe0, 0x07, 0xe0, 0x07, 0xe0, 0x07, 0xe0, 0x07, 0xe0, 0x07, 0xe0, 0x07, 0xe0, 0x07,
    0xe0, 0x07, 0xe0, 0x07, 0xe0, 0x07, 0xe0, 0x07, 0xe0, 0x07, 0xe0, 0x07, 0xe0, 0x07, 0xe0, 0x07,
    0xe0, 0x07, 0xe0, 0x07, 0xe0, 0x07, 0xe0, 0x07, 0xe0, 0x07, 0xe0, 0x07, 0xe0, 0x07, 0xe0, 0x07,
    0xe0, 0x07, 0xe0, 0x07, 0xe0, 0x07, 0xe0, 0x07, 0xe0, 0x07, 0xe0, 0x07, 0xe0, 0x07, 0xe0, 0x07,
    0xe0, 0x07, 0xe0, 0x07, 0xe0, 0x07, 0x41, 0x80, 0xc0, 0xc0, 0x80, 0xe9, 0x80, 0xe9, 0x40, 0xfb,
    0x80, 0xe9, 0x80, 0xe9, 0xc0, 0xc0, 0x41, 0x80, 0xe0, 0x07, 0xe0, 0x07, 0xe0, 0x07, 0xe0, 0x07,
    0xe0, 0x07, 0xe0, 0x07, 0xe0, 0x07, 0xe0, 0x07, 0xe0, 0x07, 0xe0, 0x07, 0xe0, 0x07, 0xe0, 0x07,
    0xe0, 0x07, 0xe0, 0x07, 0xe0, 0x07, 0xe0, 0x07, 0xe0, 0x07, 0xe0, 0x07, 0xe0, 0x07, 0xe0, 0x07,
    0xe0, 0x07, 0xe0, 0x07, 0xe0, 0x07, 0xe0, 0x07, 0xe0, 0x07, 0xe0, 0x07, 0xe0, 0x07, 0xe0, 0x07,
    0xe0, 0x07, 0xe0, 0x07, 0xe0, 0x07, 0xe0, 0x07, 0xe0, 0x07, 0xe0, 0x07, 0xe0, 0x07, 0xe0, 0x07,
    0xe0, 0x07, 0xe0, 0x07, 0xe0, 0x07, 0xe0, 0x07, 0xe0, 0x07, 0xe0, 0x07, 0xe0, 0x07, 0xe0, 0x07,
    0xe0, 0x07, 0xe0, 0x07, 0xe0, 0x07, 0xe0, 0x07, 0xe0, 0x07, 0xe0, 0x07, 0xe0, 0x07, 0xe0, 0x07,
    0xe0, 0x07, 0xe0, 0x07, 0xe0, 0x07, 0xe0, 0x07, 0xe0, 0x07, 0xe0, 0x07, 0xe0, 0x07, 0xe0, 0x07,
    0xe0, 0x07, 0xe0, 0x07, 0xe0, 0x07, 0x41, 0x80, 0x41, 0x80, 0xc0, 0xc0, 0x80, 0xe9, 0x40, 0xfb,
    0x40, 0xfb, 0x40, 0xfb, 0x40, 0xfb, 0xc0, 0xc0, 0x41, 0x80, 0x02, 0x48, 0xe0, 0x07, 0xe0, 0x07,
    0xe0, 0x07, 0xe0, 0x07, 0xe0, 0x07, 0xe0, 0x07, 0xe0, 0x07, 0xe0, 0x07, 0xe0, 0x07, 0xe0, 0x07,
    0xe0, 0x07, 0xe0, 0x07, 0xe0, 0x07, 0xe0, 0x07, 0xe0, 0x07, 0xe0, 0x07, 0xe0, 0x07, 0xe0, 0x07,
    0xe0, 0x07, 0xe0, 0x07, 0xe0, 0x07, 0xe0, 0x07, 0xe0, 0x07, 0xe0, 0x07, 0xe0, 0x07, 0xe0, 0x07,
    0xe0, 0x07, 0xe0, 0x07, 0xe0, 0x07, 0xe0, 0x07, 0xe0, 0x07, 0xe0, 0x07, 0xe0, 0x07, 0xe0, 0x07,
    0xe0, 0x07, 0xe0, 0x07, 0xe0, 0x07, 0xe0, 0x07, 0xe0, 0x07, 0xe0, 0x07, 0xe0, 0x07, 0xe0, 0x07,
    0xe0, 0x07, 0xe0, 0x07, 0xe0, 0x07, 0xe0, 0x07, 0xe0, 0x07, 0xe0, 0x07, 0xe0, 0x07, 0xe0, 0x07,
    0xe0, 0x07, 0xe0, 0x07, 0xe0, 0x07, 0xe0, 0x07, 0xe0, 0x07, 0xe0, 0x07, 0xe0, 0x07, 0xe0, 0x07,
    0xe0, 0x07, 0xe0, 0x07, 0xe0, 0x07, 0xe0, 0x07, 0x41, 0x80, 0x41, 0x80, 0xc0, 0xc0, 0x80, 0xe9,
    0x80, 0xe9, 0x40, 0xfb, 0x40, 0xfb, 0x40, 0xfb, 0x80, 0xe9, 0xc0, 0xc0, 0x41, 0x80, 0xe0, 0x07,
    0xe0, 0x07, 0xe0, 0x07, 0xe0, 0x07, 0xe0, 0x07, 0xe0, 0x07, 0xe0, 0x07, 0xe0, 0x07, 0xe0, 0x07,
    0xe0, 0x07, 0xe0, 0x07, 0xe0, 0x07, 0xe0, 0x07, 0xe0, 0x07, 0xe0, 0x07, 0xe0, 0x07, 0xe0, 0x07,
    0xe0, 0x07, 0xe0, 0x07, 0xe0, 0x07, 0xe0, 0x07, 0xe0, 0x07, 0xe0, 0x07, 0xe0, 0x07, 0xe0, 0x07,
    0xe0, 0x07, 0xe0, 0x07, 0xe0, 0x07, 0xe0, 0x07, 0xe0, 0x07, 0xe0, 0x07, 0xe0, 0x07, 0xe0, 0x07,
    0xe0, 0x07, 0xe0, 0x07, 0xe0, 0x07, 0xe0, 0x07, 0xe0, 0x07, 0xe0, 0x07, 0xe0, 0x07, 0xe0, 0x07,
    0xe0, 0x07, 0xe0, 0x07, 0xe0, 0x07, 0xe0, 0x07, 0xe0, 0x07, 0xe0, 0x07, 0xe0, 0x07, 0xe0, 0x07,
    0xe0, 0x07, 0xe0, 0x07, 0xe0, 0x07, 0xe0, 0x07, 0xe0, 0x07, 0xe0, 0x07, 0xe0, 0x07, 0xe0, 0x07,
    0xe0, 0x07, 0xe0, 0x07, 0xe0, 0x07, 0xe0, 0x07, 0xe0, 0x07, 0x41, 0x80, 0x41, 0x80, 0xc0, 0xc0,
    0x80, 0xe9, 0x80, 0xe9, 0x40, 0xfb, 0x40, 0xfb, 0x40, 0xfb, 0x80, 0xe9, 0xc0, 0xc0, 0x41, 0x80,
    0x41, 0x80, 0xe0, 0x07, 0xe0, 0x07, 0xe0, 0x07, 0xe0, 0x07, 0xe0, 0x07, 0xe0, 0x07, 0xe0, 0x07,
    0xe0, 0x07, 0xe0, 0x07, 0xe0, 0x07, 0xe0, 0x07, 0xe0, 0x07, 0xe0, 0x07, 0xe0, 0x07, 0xe0, 0x07,
    0xe0, 0x07, 0xe0, 0x07, 0xe0, 0x07, 0xe0, 0x07, 0xe0, 0x07, 0xe0, 0x07, 0xe0, 0x07, 0xe0, 0x07,
    0xe0, 0x07, 0xe0, 0x07, 0xe0, 0x07, 0xe0, 0x07, 0xe0, 0x07, 0xe0, 0x07, 0xe0, 0x07, 0xe0, 0x07,
    0xe0, 0x07, 0xe0, 0x07, 0xe0, 0x07, 0xe0, 0x07, 0xe0, 0x07, 0xe0, 0x07, 0xe0, 0x07, 0xe0, 0x07,
    0xe0, 0x07, 0xe0, 0x07, 0xe0, 0x07, 0xe0, 0x07, 0xe0, 0x07, 0xe0, 0x07, 0xe0, 0x07, 0xe0, 0x07,
    0xe0, 0x07, 0xe0, 0x07, 0xe0, 0x07, 0xe0, 0x07, 0xe0, 0x07, 0xe0, 0x07, 0xe0, 0x07, 0xe0, 0x07,
    0xe0, 0x07, 0xe0, 0x07, 0xe0, 0x07, 0xe0, 0x07, 0xe0, 0x07, 0x02, 0x48, 0x41, 0x80, 0xc0, 0xc0,
    0x80, 0xe9, 0x80, 0xe9, 0x40, 0xfb, 0x40, 0xfb, 0x40, 0xfb, 0x40, 0xfb, 0x80, 0xe9, 0xc0, 0xc0,
    0x41, 0x80, 0x41, 0x80, 0xe0, 0x07, 0xe0, 0x07, 0xe0, 0x07, 0xe0, 0x07, 0xe0, 0x07, 0xe0, 0x07,
    0xe0, 0x07, 0xe0, 0x07, 0xe0, 0x07, 0xe0, 0x07, 0xe0, 0x07, 0xe0, 0x07, 0xe0, 0x07, 0xe0, 0x07,
    0xe0, 0x07, 0xe0, 0x07, 0xe0, 0x07, 0xe0, 0x07, 0xe0, 0x07, 0xe0, 0x07, 0xe0, 0x07, 0xe0, 0x07,
    0xe0, 0x07, 0xe0, 0x07, 0xe0, 0x07, 0xe0, 0x07, 0xe0, 0x07, 0xe0, 0x07, 0xe0, 0x07, 0xe0, 0x07,
    0xe0, 0x07, 0xe0, 0x07, 0xe0, 0x07, 0xe0, 0x07, 0xe0, 0x07, 0xe0, 0x07, 0xe0, 0x07, 0xe0, 0x07,
    0xe0, 0x07, 0xe0, 0x07, 0xe0, 0x07, 0xe0, 0x07, 0xe0, 0x07, 0xe0, 0x07, 0xe0, 0x07, 0xe0, 0x07,
    0xe0, 0x07, 0xe0, 0x07, 0xe0, 0x07, 0xe0, 0x07, 0xe0, 0x07, 0xe0, 0x07, 0xe0, 0x07, 0xe0, 0x07,
    0xe0, 0x07, 0xe0, 0x07, 0xe0, 0x07, 0xe0, 0x07, 0xe0, 0x07, 0x02, 0x48, 0x41, 0x80, 0xc0, 0xc0,
    0xc0, 0xc0, 0x80, 0xe9, 0x40, 0xfb, 0x40, 0xfb, 0x40, 0xfb, 0x40, 0xfb, 0x40, 0xfb, 0xc0, 0xc0,
    0xc0, 0xc0, 0x41, 0x80, 0x02, 0x48, 0xe0, 0x07, 0xe0, 0x07, 0xe0, 0x07, 0xe0, 0x07, 0xe0, 0x07,
    0xe0, 0x07, 0xe0, 0x07, 0xe0, 0x07, 0xe0, 0x07, 0xe0, 0x07, 0xe0, 0x07, 0xe0, 0x07, 0xe0, 0x07,
    0xe0, 0x07, 0xe0, 0x07, 0xe0, 0x07, 0xe0, 0x07, 0xe0, 0x07, 0xe0, 0x07, 0xe0, 0x07, 0xe0, 0x07,
    0xe0, 0x07, 0xe0, 0x07, 0xe0, 0x07, 0xe0, 0x07, 0xe0, 0x07, 0xe0, 0x07, 0xe0, 0x07, 0xe0, 0x07,
    0xe0, 0x07, 0xe0, 0x07, 0xe0, 0x07, 0xe0, 0x07, 0xe0, 0x07, 0xe0, 0x07, 0xe0, 0x07, 0xe0, 0x07,
    0xe0, 0x07, 0xe0, 0x07, 0xe0, 0x07, 0xe0, 0x07, 0xe0, 0x07, 0xe0, 0x07, 0xe0, 0x07, 0xe0, 0x07,
    0xe0, 0x07, 0xe0, 0x07, 0xe0, 0x07, 0xe0, 0x07, 0xe0, 0x07, 0xe0, 0x07, 0xe0, 0x07, 0xe0, 0x07,
    0xe0, 0x07, 0xe0, 0x07, 0xe0, 0x07, 0xe0, 0x07, 0xe0, 0x07, 0x02, 0x48, 0x41, 0x80, 0xc0, 0xc0,
    0xc0, 0xc0, 0x80, 0xe9, 0x40, 0xfb, 0x40, 0xfb, 0x40, 0xfb, 0x40, 0xfb, 0x40, 0xfb, 0x80, 0xe9,
    0xc0, 0xc0, 0x41, 0x80, 0x02, 0x48, 0xe0, 0x07, 0xe0, 0x07, 0xe0, 0x07, 0xe0, 0x07, 0xe0, 0x07,
    0xe0, 0x07, 0xe0, 0x07, 0xe0, 0x07, 0xe0, 0x07, 0xe0, 0x07, 0xe0, 0x07, 0xe0, 0x07, 0xe0, 0x07,
    0xe0, 0x07, 0xe0, 0x07, 0xe0, 0x07, 0xe0, 0x07, 0xe0, 0x07, 0xe0, 0x07, 0xe0, 0x07, 0xe0, 0x07,
    0xe0, 0x07, 0xe0, 0x07, 0xe0, 0x07, 0xe0, 0x07, 0xe0, 0x07, 0xe0, 0x07, 0xe0, 0x07, 0xe0, 0x07,
    0xe0, 0x07, 0xe0, 0x07, 0xe0, 0x07, 0xe0, 0x07, 0xe0, 0x07, 0xe0, 0x07, 0xe0, 0x07, 0xe0, 0x07,
    0xe0, 0x07, 0xe0, 0x07, 0xe0, 0x07, 0xe0, 0x07, 0xe0, 0x07, 0xe0, 0x07, 0xe0, 0x07, 0xe0, 0x07,
    0xe0, 0x07, 0xe0, 0x07, 0xe0, 0x07, 0xe0, 0x07, 0xe0, 0x07, 0xe0, 0x07, 0xe0, 0x07, 0xe0, 0x07,
    0xe0, 0x07, 0xe0, 0x07, 0xe0, 0x07, 0xe0, 0x07, 0xe0, 0x07, 0x41, 0x80, 0x41, 0x80, 0xc0, 0xc0,
    0x80, 0xe9, 0x80, 0xe9, 0x40, 0xfb, 0x40, 0xfb, 0x40, 0xfb, 0x40, 0xfb, 0x40, 0xfb, 0x80, 0xe9,
    0x80, 0xe9, 0x41, 0x80, 0x41, 0x80, 0xe0, 0x07, 0xe0, 0x07, 0xe0, 0x07, 0xe0, 0x07, 0xe0, 0x07,
    0xe0, 0x07, 0xe0, 0x07, 0xe0, 0x07, 0xe0, 0x07, 0xe0, 0x07, 0xe0, 0x07, 0xe0, 0x07, 0xe0, 0x07,
    0xe0, 0x07, 0xe0, 0x07, 0xe0, 0x07, 0xe0, 0x07, 0xe0, 0x07, 0xe0, 0x07, 0xe0, 0x07, 0xe0, 0x07,
    0xe0, 0x07, 0xe0, 0x07, 0xe0, 0x07, 0xe0, 0x07, 0xe0, 0x07, 0xe0, 0x07, 0xe0, 0x07, 0xe0, 0x07,
    0xe0, 0x07, 0xe0, 0x07, 0xe0, 0x07, 0xe0, 0x07, 0xe0, 0x07, 0xe0, 0x07, 0xe0, 0x07, 0xe0, 0x07,
    0xe0, 0x07, 0xe0, 0x07, 0xe0, 0x07, 0xe0, 0x07, 0xe0, 0x07, 0xe0, 0x07, 0xe0, 0x07, 0xe0, 0x07,
    0xe0, 0x07, 0xe0, 0x07, 0xe0, 0x07, 0xe0, 0x07, 0xe0, 0x07, 0xe0, 0x07, 0xe0, 0x07, 0xe0, 0x07,
    0xe0, 0x07, 0xe0, 0x07, 0xe0, 0x07, 0xe0, 0x07, 0xe0, 0x07, 0x41, 0x80, 0x41, 0x80, 0xc0, 0xc0,
    0xc0, 0xc0, 0x80, 0xe9, 0x40, 0xfb, 0x40, 0xfb, 0x40, 0xfb, 0x40, 0xfb, 0x40, 0xfb, 0x40, 0xfb,
    0x80, 0xe9, 0x80, 0xe9, 0xc0, 0xc0, 0x02, 0x48, 0xe0, 0x07, 0xe0, 0x07, 0xe0, 0x07, 0xe0, 0x07,
    0xe0, 0x07, 0xe0, 0x07, 0xe0, 0x07, 0xe0, 0x07, 0xe0, 0x07, 0xe0, 0x07, 0xe0, 0x07, 0xe0, 0x07,
    0xe0, 0x07, 0xe0, 0x07, 0xe0, 0x07, 0xe0, 0x07, 0xe0, 0x07, 0xe0, 0x07, 0xe0, 0x07, 0xe0, 0x07,
    0xe0, 0x07, 0xe0, 0x07, 0xe0, 0x07, 0xe0, 0x07, 0xe0, 0x07, 0xe0, 0x07, 0xe0, 0x07, 0xe0, 0x07,
    0xe0, 0x07, 0xe0, 0x07, 0xe0, 0x07, 0xe0, 0x07, 0xe0, 0x07, 0xe0, 0x07, 0xe0, 0x07, 0xe0, 0x07,
    0xe0, 0x07, 0xe0, 0x07, 0xe0, 0x07, 0xe0, 0x07, 0xe0, 0x07, 0xe0, 0x07, 0xe0, 0x07, 0xe0, 0x07,
    0xe0, 0x07, 0xe0, 0x07, 0xe0, 0x07, 0xe0, 0x07, 0xe0, 0x07, 0xe0, 0x07, 0xe0, 0x07, 0xe0, 0x07,
    0xe0, 0x07, 0xe0, 0x07, 0xe0, 0x07, 0xe0, 0x07, 0xe0, 0x07, 0xe0, 0x07, 0x41, 0x80, 0xc0, 0xc0,
    0xc0, 0xc0, 0x80, 0xe9, 0x80, 0xe9, 0x40, 0xfb, 0x40, 0xfb, 0x40, 0xfb, 0x40, 0xfb, 0x40, 0xfb,
    0x40, 0xfb, 0x80, 0xe9, 0x80, 0xe9, 0xc0, 0xc0, 0x41, 0x80, 0xe0, 0x07, 0xe0, 0x07, 0xe0, 0x07,
    0xe0, 0x07, 0xe0, 0x07, 0xe0, 0x07, 0xe0, 0x07, 0xe0, 0x07, 0xe0, 0x07, 0xe0, 0x07, 0xe0, 0x07,
    0xe0, 0x07, 0xe0, 0x07, 0xe0, 0x07, 0xe0, 0x07, 0xe0, 0x07, 0xe0, 0x07, 0xe0, 0x07, 0xe0, 0x07,
    0xe0, 0x07, 0xe0, 0x07, 0xe0, 0x07, 0xe0, 0x07, 0xe0, 0x07, 0xe0, 0x07, 0xe0, 0x07, 0xe0, 0x07,
    0xe0, 0x07, 0xe0, 0x07, 0xe0, 0x07, 0xe0, 0x07, 0xe0, 0x07, 0xe0, 0x07, 0xe0, 0x07, 0xe0, 0x07,
    0xe0, 0x07, 0xe0, 0x07, 0xe0, 0x07, 0xe0, 0x07, 0xe0, 0x07, 0xe0, 0x07, 0xe0, 0x07, 0xe0, 0x07,
    0xe0, 0x07, 0xe0, 0x07, 0xe0, 0x07, 0xe0, 0x07, 0xe0, 0x07, 0xe0, 0x07, 0xe0, 0x07, 0xe0, 0x07,
    0xe0, 0x07, 0xe0, 0x07, 0xe0, 0x07, 0xe0, 0x07, 0x02, 0x48, 0x41, 0x80, 0x41, 0x80, 0xc0, 0xc0,
    0xc0, 0xc0, 0x80, 0xe9, 0x80, 0xe9, 0x40, 0xfb, 0x40, 0xfb, 0x40, 0xfb, 0x40, 0xfb, 0x40, 0xfb,
    0x40, 0xfb, 0x40, 0xfb, 0x80, 0xe9, 0x80, 0xe9, 0xc0, 0xc0, 0xc0, 0xc0, 0x41, 0x80, 0x41, 0x80,
    0x41, 0x80, 0xe0, 0x07, 0xe0, 0x07, 0xe0, 0x07, 0xe0, 0x07, 0xe0, 0x07, 0xe0, 0x07, 0xe0, 0x07,
    0xe0, 0x07, 0xe0, 0x07, 0xe0, 0x07, 0xe0, 0x07, 0xe0, 0x07, 0xe0, 0x07, 0xe0, 0x07, 0xe0, 0x07,
    0xe0, 0x07, 0xe0, 0x07, 0xe0, 0x07, 0xe0, 0x07, 0xe0, 0x07, 0xe0, 0x07, 0xe0, 0x07, 0xe0, 0x07,
    0xe0, 0x07, 0xe0, 0x07, 0xe0, 0x07, 0xe0, 0x07, 0xe0, 0x07, 0xe0, 0x07, 0xe0, 0x07, 0xe0, 0x07,
    0xe0, 0x07, 0xe0, 0x07, 0xe0, 0x07, 0xe0, 0x07, 0xe0, 0x07, 0xe0, 0x07, 0xe0, 0x07, 0xe0, 0x07,
    0xe0, 0x07, 0xe0, 0x07, 0xe0, 0x07, 0xe0, 0x07, 0xe0, 0x07, 0xe0, 0x07, 0xe0, 0x07, 0xe0, 0x07,
    0xe0, 0x07, 0xe0, 0x07, 0xe0, 0x07, 0xe0, 0x07, 0xe0, 0x07, 0x02, 0x48, 0x41, 0x80, 0x41, 0x80,
    0xc0, 0xc0, 0xc0, 0xc0, 0xc0, 0xc0, 0x80, 0xe9, 0x80, 0xe9, 0x40, 0xfb, 0x40, 0xfb, 0x40, 0xfb,
    0x40, 0xfb, 0x40, 0xfb, 0x40, 0xfb, 0x80, 0xe9, 0xc0, 0xc0, 0xc0, 0xc0, 0xc0, 0xc0, 0x41, 0x80,
    0x41, 0x80, 0x02, 0x48, 0xe0, 0x07, 0xe0, 0x07, 0xe0, 0x07, 0xe0, 0x07, 0xe0, 0x07, 0xe0, 0x07,
    0xe0, 0x07, 0xe0, 0x07, 0xe0, 0x07, 0xe0, 0x07, 0xe0, 0x07, 0xe0, 0x07, 0xe0, 0x07, 0xe0, 0x07,
    0xe0, 0x07, 0xe0, 0x07, 0xe0, 0x07, 0xe0, 0x07, 0xe0, 0x07, 0xe0, 0x07, 0xe0, 0x07, 0xe0, 0x07,
    0xe0, 0x07, 0xe0, 0x07, 0xe0, 0x07, 0xe0, 0x07, 0xe0, 0x07, 0xe0, 0x07, 0xe0, 0x07, 0xe0, 0x07,
    0xe0, 0x07, 0xe0, 0x07, 0xe0, 0x07, 0xe0, 0x07, 0xe0, 0x07, 0xe0, 0x07, 0xe0, 0x07, 0xe0, 0x07,
    0xe0, 0x07, 0xe0, 0x07, 0xe0, 0x07, 0xe0, 0x07, 0xe0, 0x07, 0xe0, 0x07, 0xe0, 0x07, 0xe0, 0x07,
    0xe0, 0x07, 0xe0, 0x07, 0xe0, 0x07, 0xe0, 0x07, 0x02, 0x48, 0x41, 0x80, 0x41, 0x80, 0x41, 0x80,
    0xc0, 0xc0, 0xc0, 0xc0, 0x80, 0xe9, 0x22, 0xfd, 0x09, 0xff, 0x09, 0xff, 0x09, 0xff, 0x09, 0xff,
    0x09, 0xff, 0x09, 0xff, 0x09, 0xff, 0x22, 0xfd, 0x80, 0xe9, 0xc0, 0xc0, 0xc0, 0xc0, 0xc0, 0xc0,
    0x41, 0x80, 0x41, 0x80, 0xe0, 0x07, 0xe0, 0x07, 0xe0, 0x07, 0xe0, 0x07, 0xe0, 0x07, 0xe0, 0x07,
    0xe0, 0x07, 0xe0, 0x07, 0xe0, 0x07, 0xe0, 0x07, 0xe0, 0x07, 0xe0, 0x07, 0xe0, 0x07, 0xe0, 0x07,
    0xe0, 0x07, 0xe0, 0x07, 0xe0, 0x07, 0xe0, 0x07, 0xe0, 0x07, 0xe0, 0x07, 0xe0, 0x07, 0xe0, 0x07,
    0xe0, 0x07, 0xe0, 0x07, 0xe0, 0x07, 0xe0, 0x07, 0xe0, 0x07, 0xe0, 0x07, 0xe0, 0x07, 0xe0, 0x07,
    0xe0, 0x07, 0xe0, 0x07, 0xe0, 0x07, 0xe0, 0x07, 0xe0, 0x07, 0xe0, 0x07, 0xe0, 0x07, 0xe0, 0x07,
    0xe0, 0x07, 0xe0, 0x07, 0xe0, 0x07, 0xe0, 0x07, 0xe0, 0x07, 0xe0, 0x07, 0xe0, 0x07, 0xe0, 0x07,
    0xe0, 0x07, 0xe0, 0x07, 0xe0, 0x07, 0xe0, 0x07, 0x41, 0x80, 0x41, 0x80, 0xc0, 0xc0, 0xc0, 0xc0,
    0x80, 0xe9, 0x22, 0xfd, 0x09, 0xff, 0x09, 0xff, 0x09, 0xff, 0x09, 0xff, 0x09, 0xff, 0x09, 0xff,
    0x09, 0xff, 0x09, 0xff, 0x22, 0xfd, 0xc0, 0xc0, 0xc0, 0xc0, 0xc0, 0xc0, 0xc0, 0xc0, 0x41, 0x80,
    0x02, 0x48, 0x02, 0x48, 0xe0, 0x07, 0xe0, 0x07, 0xe0, 0x07, 0xe0, 0x07, 0xe0, 0x07, 0xe0, 0x07,
    0xe0, 0x07, 0xe0, 0x07, 0xe0, 0x07, 0xe0, 0x07, 0xe0, 0x07, 0xe0, 0x07, 0xe0, 0x07, 0xe0, 0x07,
    0xe0, 0x07, 0xe0, 0x07, 0xe0, 0x07, 0xe0, 0x07, 0xe0, 0x07, 0xe0, 0x07, 0xe0, 0x07, 0xe0, 0x07,
    0xe0, 0x07, 0xe0, 0x07, 0xe0, 0x07, 0xe0, 0x07, 0xe0, 0x07, 0xe0, 0x07, 0xe0, 0x07, 0xe0, 0x07,
    0xe0, 0x07, 0xe0, 0x07, 0xe0, 0x07, 0xe0, 0x07, 0xe0, 0x07, 0xe0, 0x07, 0xe0, 0x07, 0xe0, 0x07,
    0xe0, 0x07, 0xe0, 0x07, 0xe0, 0x07, 0xe0, 0x07, 0xe0, 0x07, 0xe0, 0x07, 0xe0, 0x07, 0xe0, 0x07,
    0xe0, 0x07, 0xe0, 0x07, 0x02, 0x48, 0x41, 0x80, 0x41, 0x80, 0x41, 0x80, 0xc0, 0xc0, 0xc0, 0xc0,
    0x22, 0xfd, 0x09, 0xff, 0x09, 0xff, 0x09, 0xff, 0x09, 0xff, 0x09, 0xff, 0x09, 0xff, 0x09, 0xff,
    0x22, 0xfd, 0x80, 0xe9, 0xc0, 0xc0, 0xc0, 0xc0, 0xc0, 0xc0, 0x41, 0x80, 0x41, 0x80, 0x02, 0x48,
    0x02, 0x48, 0xe0, 0x07, 0xe0, 0x07, 0xe0, 0x07, 0xe0, 0x07, 0xe0, 0x07, 0xe0, 0x07, 0xe0, 0x07,
    0xe0, 0x07, 0xe0, 0x07, 0xe0, 0x07, 0xe0, 0x07, 0xe0, 0x07, 0xe0, 0x07, 0xe0, 0x07, 0xe0, 0x07,
    0xe0, 0x07, 0xe0, 0x07, 0xe0, 0x07, 0xe0, 0x07, 0xe0, 0x07, 0xe0, 0x07, 0xe0, 0x07, 0xe0, 0x07,
    0xe0, 0x07, 0xe0, 0x07, 0xe0, 0x07, 0xe0, 0x07, 0xe0, 0x07, 0xe0, 0x07, 0xe0, 0x07, 0xe0, 0x07,
    0xe0, 0x07, 0xe0, 0x07, 0xe0, 0x07, 0xe0, 0x07, 0xe0, 0x07, 0xe0, 0x07, 0xe0, 0x07, 0xe0, 0x07,
    0xe0, 0x07, 0xe0, 0x07, 0xe0, 0x07, 0xe0, 0x07, 0xe0, 0x07, 0xe0, 0x07, 0xe0, 0x07, 0xe0, 0x07,
    0x41, 0x80, 0x41, 0x80, 0x41, 0x80, 0xc0, 0xc0, 0xc0, 0xc0, 0xc0, 0xc0, 0x22, 0xfd, 0x22, 0xfd,
    0x09, 0xff, 0x09, 0xff, 0x09, 0xff, 0x09, 0xff, 0x09, 0xff, 0x09, 0xff, 0x22, 0xfd, 0x80, 0xe9,
    0x80, 0xe9, 0xc0, 0xc0, 0xc0, 0xc0, 0x41, 0x80, 0x41, 0x80, 0x41, 0x80, 0xe0, 0x07, 0xe0, 0x07,
    0xe0, 0x07, 0xe0, 0x07, 0xe0, 0x07, 0xe0, 0x07, 0xe0, 0x07, 0xe0, 0x07, 0xe0, 0x07, 0xe0, 0x07,
    0xe0, 0x07, 0xe0, 0x07, 0xe0, 0x07, 0xe0, 0x07, 0xe0, 0x07, 0xe0, 0x07, 0xe0, 0x07, 0xe0, 0x07,
    0xe0, 0x07, 0xe0, 0x07, 0xe0, 0x07, 0xe0, 0x07, 0xe0, 0x07, 0xe0, 0x07, 0xe0, 0x07, 0xe0, 0x07,
    0xe0, 0x07, 0xe0, 0x07, 0xe0, 0x07, 0xe0, 0x07, 0xe0, 0x07, 0xe0, 0x07, 0xe0, 0x07, 0xe0, 0x07,
    0xe0, 0x07, 0xe0, 0x07, 0xe0, 0x07, 0xe0, 0x07, 0xe0, 0x07, 0xe0, 0x07, 0xe0, 0x07, 0xe0, 0x07,
    0xe0, 0x07, 0xe0, 0x07, 0xe0, 0x07, 0xe0, 0x07, 0x02, 0x48, 0x41, 0x80, 0x41, 0x80, 0xc0, 0xc0,
    0xc0, 0xc0, 0xc0, 0xc0, 0xc0, 0xc0, 0x80, 0xe9, 0x22, 0xfd, 0x22, 0xfd, 0x09, 0xff, 0x09, 0xff,
    0x09, 0xff, 0x09, 0xff, 0x09, 0xff, 0x09, 0xff, 0x22, 0xfd, 0x80, 0xe9, 0xc0, 0xc0, 0x80, 0xe9,
    0xc0, 0xc0, 0x41, 0x80, 0x41, 0x80, 0x41, 0x80, 0x41, 0x80, 0xe0, 0x07, 0xe0, 0x07, 0xe0, 0x07,
    0xe0, 0x07, 0xe0, 0x07, 0xe0, 0x07, 0xe0, 0x07, 0xe0, 0x07, 0xe0, 0x07, 0xe0, 0x07, 0xe0, 0x07,
    0xe0, 0x07, 0xe0, 0x07, 0xe0, 0x07, 0xe0, 0x07, 0xe0, 0x07, 0xe0, 0x07, 0xe0, 0x07, 0xe0, 0x07,
    0xe0, 0x07, 0xe0, 0x07, 0xe0, 0x07, 0xe0, 0x07, 0xe0, 0x07, 0xe0, 0x07, 0xe0, 0x07, 0xe0, 0x07,
    0xe0, 0x07, 0xe0, 0x07, 0xe0, 0x07, 0xe0, 0x07, 0xe0, 0x07, 0xe0, 0x07, 0xe0, 0x07, 0xe0, 0x07,
    0xe0, 0x07, 0xe0, 0x07, 0xe0, 0x07, 0xe0, 0x07, 0xe0, 0x07, 0xe0, 0x07, 0xe0, 0x07, 0xe0, 0x07,
    0xe0, 0x07, 0xe0, 0x07, 0xe0, 0x07, 0x02, 0x48, 0x41, 0x80, 0xc0, 0xc0, 0xc0, 0xc0, 0xc0, 0xc0,
    0xc0, 0xc0, 0x80, 0xe9, 0x80, 0xe9, 0x22, 0xfd, 0x22, 0xfd, 0x09, 0xff, 0x09, 0xff, 0x09, 0xff,
    0x09, 0xff, 0x09, 0xff, 0x09, 0xff, 0x22, 0xfd, 0x22, 0xfd, 0xc0, 0xc0, 0xc0, 0xc0, 0xc0, 0xc0,
    0xc0, 0xc0, 0xc0, 0xc0, 0xc0, 0xc0, 0x41, 0x80, 0x41, 0x80, 0x02, 0x48, 0x02, 0x48, 0xe0, 0x07,
    0xe0, 0x07, 0xe0, 0x07, 0xe0, 0x07, 0xe0, 0x07, 0xe0, 0x07, 0xe0, 0x07, 0xe0, 0x07, 0xe0, 0x07,
    0xe0, 0x07, 0xe0, 0x07, 0xe0, 0x07, 0xe0, 0x07, 0xe0, 0x07, 0xe0, 0x07, 0xe0, 0x07, 0xe0, 0x07,
    0xe0, 0x07, 0xe0, 0x07, 0xe0, 0x07, 0xe0, 0x07, 0xe0, 0x07, 0xe0, 0x07, 0xe0, 0x07, 0xe0, 0x07,
    0xe0, 0x07, 0xe0, 0x07, 0xe0, 0x07, 0xe0, 0x07, 0xe0, 0x07, 0xe0, 0x07, 0xe0, 0x07, 0xe0, 0x07,
    0xe0, 0x07, 0xe0, 0x07, 0xe0, 0x07, 0xe0, 0x07, 0xe0, 0x07, 0xe0, 0x07, 0xe0, 0x07, 0xe0, 0x07,
    0xe0, 0x07, 0xe0, 0x07, 0xe0, 0x07, 0xe0, 0x07, 0x41, 0x80, 0x41, 0x80, 0xc0, 0xc0, 0xc0, 0xc0,
    0xc0, 0xc0, 0x80, 0xe9, 0x80, 0xe9, 0x22, 0xfd, 0x09, 0xff, 0x09, 0xff, 0x09, 0xff, 0x09, 0xff,
    0x09, 0xff, 0x09, 0xff, 0x09, 0xff, 0x09, 0xff, 0x22, 0xfd, 0xc0, 0xc0, 0xc0, 0xc0, 0xc0, 0xc0,
    0xc0, 0xc0, 0xc0, 0xc0, 0xc0, 0xc0, 0xc0, 0xc0, 0x41, 0x80, 0x41, 0x80, 0x41, 0x80, 0xe0, 0x07,
    0xe0, 0x07, 0xe0, 0x07, 0xe0, 0x07, 0xe0, 0x07, 0xe0, 0x07, 0xe0, 0x07, 0xe0, 0x07, 0xe0, 0x07,
    0xe0, 0x07, 0xe0, 0x07, 0xe0, 0x07, 0xe0, 0x07, 0xe0, 0x07, 0xe0, 0x07, 0xe0, 0x07, 0xe0, 0x07,
    0xe0, 0x07, 0xe0, 0x07, 0xe0, 0x07, 0xe0, 0x07, 0xe0, 0x07, 0xe0, 0x07, 0xe0, 0x07, 0xe0, 0x07,
    0xe0, 0x07, 0xe0, 0x07, 0xe0, 0x07, 0xe0, 0x07, 0xe0, 0x07, 0xe0, 0x07, 0xe0, 0x07, 0xe0, 0x07,
    0xe0, 0x07, 0xe0, 0x07, 0xe0, 0x07, 0xe0, 0x07, 0xe0, 0x07, 0xe0, 0x07, 0xe0, 0x07, 0xe0, 0x07,
    0xe0, 0x07, 0xe0, 0x07, 0xe0, 0x07, 0x02, 0x48, 0x41, 0x80, 0x41, 0x80, 0xc0, 0xc0, 0xc0, 0xc0,
    0xc0, 0xc0, 0x80, 0xe9, 0x80, 0xe9, 0x80, 0xe9, 0x22, 0xfd, 0x09, 0xff, 0x09, 0xff, 0x09, 0xff,
    0x09, 0xff, 0x09, 0xff, 0x09, 0xff, 0x09, 0xff, 0x09, 0xff, 0x22, 0xfd, 0x80, 0xe9, 0xc0, 0xc0,
    0xc0, 0xc0, 0x41, 0x80, 0xc0, 0xc0, 0xc0, 0xc0, 0x41, 0x80, 0x41, 0x80, 0x41, 0x80, 0x41, 0x80,
    0x02, 0x48, 0xe0, 0x07, 0xe0, 0x07, 0xe0, 0x07, 0xe0, 0x07, 0xe0, 0x07, 0xe0, 0x07, 0xe0, 0x07,
    0xe0, 0x07, 0xe0, 0x07, 0xe0, 0x07, 0xe0, 0x07, 0xe0, 0x07, 0xe0, 0x07, 0xe0, 0x07, 0xe0, 0x07,
    0xe0, 0x07, 0xe0, 0x07, 0xe0, 0x07, 0xe0, 0x07, 0xe0, 0x07, 0xe0, 0x07, 0xe0, 0x07, 0xe0, 0x07,
    0xe0, 0x07, 0xe0, 0x07, 0xe0, 0x07, 0xe0, 0x07, 0xe0, 0x07, 0xe0, 0x07, 0xe0, 0x07, 0xe0, 0x07,
    0xe0, 0x07, 0xe0, 0x07, 0xe0, 0x07, 0xe0, 0x07, 0xe0, 0x07, 0xe0, 0x07, 0xe0, 0x07, 0xe0, 0x07,
    0xe0, 0x07, 0xe0, 0x07, 0xe0, 0x07, 0x02, 0x48, 0x41, 0x80, 0x41, 0x80, 0x41, 0x80, 0x41, 0x80,
    0xc0, 0xc0, 0xc0, 0xc0, 0x80, 0xe9, 0xc0, 0xc0, 0x80, 0xe9, 0x22, 0xfd, 0x09, 0xff, 0x09, 0xff,
    0x09, 0xff, 0x09, 0xff, 0x09, 0xff, 0x09, 0xff, 0x09, 0xff, 0x09, 0xff, 0x09, 0xff, 0x22, 0xfd,
    0x80, 0xe9, 0xc0, 0xc0, 0xc0, 0xc0, 0xc0, 0xc0, 0xc0, 0xc0, 0xc0, 0xc0, 0x41, 0x80, 0x41, 0x80,
    0x41, 0x80, 0x41, 0x80, 0xe0, 0x07, 0xe0, 0x07, 0xe0, 0x07, 0xe0, 0x07, 0xe0, 0x07, 0xe0, 0x07,
    0xe0, 0x07, 0xe0, 0x07, 0xe0, 0x07, 0xe0, 0x07, 0xe0, 0x07, 0xe0, 0x07, 0xe0, 0x07, 0xe0, 0x07,
    0xe0, 0x07, 0xe0, 0x07, 0xe0, 0x07, 0xe0, 0x07, 0xe0, 0x07, 0xe0, 0x07, 0xe0, 0x07, 0xe0, 0x07,
    0xe0, 0x07, 0xe0, 0x07, 0xe0, 0x07, 0xe0, 0x07, 0xe0, 0x07, 0xe0, 0x07, 0xe0, 0x07, 0xe0, 0x07,
    0xe0, 0x07, 0xe0, 0x07, 0xe0, 0x07, 0xe0, 0x07, 0xe0, 0x07, 0xe0, 0x07, 0xe0, 0x07, 0xe0, 0x07,
    0xe0, 0x07, 0xe0, 0x07, 0xe0, 0x07, 0xe0, 0x07, 0x41, 0x80, 0x41, 0x80, 0x41, 0x80, 0xc0, 0xc0,
    0xc0, 0xc0, 0xc0, 0xc0, 0xc0, 0xc0, 0xc0, 0xc0, 0x80, 0xe9, 0x80, 0xe9, 0x22, 0xfd, 0x09, 0xff,
    0x09, 0xff, 0x09, 0xff, 0x09, 0xff, 0x09, 0xff, 0x09, 0xff, 0x09, 0xff, 0x09, 0xff, 0x09, 0xff,
    0x22, 0xfd, 0x22, 0xfd, 0x80, 0xe9, 0x80, 0xe9, 0x80, 0xe9, 0xc0, 0xc0, 0xc0, 0xc0, 0xc0, 0xc0,
    0x41, 0x80, 0x41, 0x80, 0x41, 0x80, 0x41, 0x80, 0xe0, 0x07, 0xe0, 0x07, 0xe0, 0x07, 0xe0, 0x07,
    0xe0, 0x07, 0xe0, 0x07, 0xe0, 0x07, 0xe0, 0x07, 0xe0, 0x07, 0xe0, 0x07, 0xe0, 0x07, 0xe0, 0x07,
    0xe0, 0x07, 0xe0, 0x07, 0xe0, 0x07, 0xe0, 0x07, 0xe0, 0x07, 0xe0, 0x07, 0xe0, 0x07, 0xe0, 0x07,
    0xe0, 0x07, 0xe0, 0x07, 0xe0, 0x07, 0xe0, 0x07, 0xe0, 0x07, 0xe0, 0x07, 0xe0, 0x07, 0xe0, 0x07,
    0xe0, 0x07, 0xe0, 0x07, 0xe0, 0x07, 0xe0, 0x07, 0xe0, 0x07, 0xe0, 0x07, 0xe0, 0x07, 0xe0, 0x07,
    0xe0, 0x07, 0xe0, 0x07, 0xe0, 0x07, 0xe0, 0x07, 0x41, 0x80, 0x41, 0x80, 0x41, 0x80, 0x41, 0x80,
    0xc0, 0xc0, 0xc0, 0xc0, 0xc0, 0xc0, 0xc0, 0xc0, 0xc0, 0xc0, 0x80, 0xe9, 0x22, 0xfd, 0x22, 0xfd,
    0x09, 0xff, 0x09, 0xff, 0x09, 0xff, 0x09, 0xff, 0x09, 0xff, 0x09, 0xff, 0x09, 0xff, 0x09, 0xff,
    0x09, 0xff, 0x22, 0xfd, 0x80, 0xe9, 0x80, 0xe9, 0x80, 0xe9, 0x80, 0xe9, 0xc0, 0xc0, 0xc0, 0xc0,
    0xc0, 0xc0, 0x41, 0x80, 0x41, 0x80, 0x41, 0x80, 0xe0, 0x07, 0xe0, 0x07, 0xe0, 0x07, 0xe0, 0x07,
    0xe0, 0x07, 0xe0, 0x07, 0xe0, 0x07, 0xe0, 0x07, 0xe0, 0x07, 0xe0, 0x07, 0xe0, 0x07, 0xe0, 0x07,
    0xe0, 0x07, 0xe0, 0x07, 0xe0, 0x07, 0xe0, 0x07, 0xe0, 0x07, 0xe0, 0x07, 0xe0, 0x07, 0xe0, 0x07,
    0xe0, 0x07, 0xe0, 0x07, 0xe0, 0x07, 0xe0, 0x07, 0xe0, 0x07, 0xe0, 0x07, 0xe0, 0x07, 0xe0, 0x07,
    0xe0, 0x07, 0xe0, 0x07, 0xe0, 0x07, 0xe0, 0x07, 0xe0, 0x07, 0xe0, 0x07, 0xe0, 0x07, 0xe0, 0x07,
    0xe0, 0x07, 0xe0, 0x07, 0xe0, 0x07, 0x41, 0x80, 0x41, 0x80, 0x41, 0x80, 0x41, 0x80, 0x41, 0x80,
    0xc0, 0xc0, 0xc0, 0xc0, 0xc0, 0xc0, 0xc0, 0xc0, 0xc0, 0xc0, 0x80, 0xe9, 0x22, 0xfd, 0x22, 0xfd,
    0x09, 0xff, 0x09, 0xff, 0x09, 0xff, 0x09, 0xff, 0x09, 0xff, 0x09, 0xff, 0x09, 0xff, 0x09, 0xff,
    0x09, 0xff, 0x22, 0xfd, 0x80, 0xe9, 0x80, 0xe9, 0x80, 0xe9, 0x80, 0xe9, 0xc0, 0xc0, 0xc0, 0xc0,
    0xc0, 0xc0, 0x41, 0x80, 0x41, 0x80, 0x41, 0x80, 0x41, 0x80, 0xe0, 0x07, 0xe0, 0x07, 0xe0, 0x07,
    0xe0, 0x07, 0xe0, 0x07, 0xe0, 0x07, 0xe0, 0x07, 0xe0, 0x07, 0xe0, 0x07, 0xe0, 0x07, 0xe0, 0x07,
    0xe0, 0x07, 0xe0, 0x07, 0xe0, 0x07, 0xe0, 0x07, 0xe0, 0x07, 0xe0, 0x07, 0xe0, 0x07, 0xe0, 0x07,
    0xe0, 0x07, 0xe0, 0x07, 0xe0, 0x07, 0xe0, 0x07, 0xe0, 0x07, 0xe0, 0x07, 0xe0, 0x07, 0xe0, 0x07,
    0xe0, 0x07, 0xe0, 0x07, 0xe0, 0x07, 0xe0, 0x07, 0xe0, 0x07, 0xe0, 0x07, 0xe0, 0x07, 0xe0, 0x07,
    0xe0, 0x07, 0xe0, 0x07, 0x02, 0x48, 0x41, 0x80, 0x41, 0x80, 0x41, 0x80, 0x41, 0x80, 0x41, 0x80,
    0xc0, 0xc0, 0xc0, 0xc0, 0xc0, 0xc0, 0xc0, 0xc0, 0xc0, 0xc0, 0x80, 0xe9, 0x22, 0xfd, 0x09, 0xff,
    0x09, 0xff, 0x09, 0xff, 0x09, 0xff, 0x09, 0xff, 0x09, 0xff, 0x09, 0xff, 0x09, 0xff, 0x09, 0xff,
    0x09, 0xff, 0x09, 0xff, 0x22, 0xfd, 0xc0, 0xc0, 0xc0, 0xc0, 0x80, 0xe9, 0xc0, 0xc0, 0xc0, 0xc0,
    0xc0, 0xc0, 0xc0, 0xc0, 0x41, 0x80, 0x41, 0x80, 0x41, 0x80, 0xe0, 0x07, 0xe0, 0x07, 0xe0, 0x07,
    0xe0, 0x07, 0xe0, 0x07, 0xe0, 0x07, 0xe0, 0x07, 0xe0, 0x07, 0xe0, 0x07, 0xe0, 0x07, 0xe0, 0x07,
    0xe0, 0x07, 0xe0, 0x07, 0xe0, 0x07, 0xe0, 0x07, 0xe0, 0x07, 0xe0, 0x07, 0xe0, 0x07, 0xe0, 0x07,
    0xe0, 0x07, 0xe0, 0x07, 0xe0, 0x07, 0xe0, 0x07, 0xe0, 0x07, 0xe0, 0x07, 0xe0, 0x07, 0xe0, 0x07,
    0xe0, 0x07, 0xe0, 0x07, 0xe0, 0x07, 0xe0, 0x07, 0xe0, 0x07, 0xe0, 0x07, 0xe0, 0x07, 0xe0, 0x07,
    0xe0, 0x07, 0xe0, 0x07, 0x02, 0x48, 0x02, 0x48, 0x41, 0x80, 0x41, 0x80, 0x41, 0x80, 0xc0, 0xc0,
    0xc0, 0xc0, 0xc0, 0xc0, 0xc0, 0xc0, 0xc0, 0xc0, 0x80, 0xe9, 0x80, 0xe9, 0x22, 0xfd, 0x09, 0xff,
    0x09, 0xff, 0x09, 0xff, 0x09, 0xff, 0x09, 0xff, 0x09, 0xff, 0x09, 0xff, 0x09, 0xff, 0x09, 0xff,
    0x09, 0xff, 0x09, 0xff, 0x22, 0xfd, 0x80, 0xe9, 0x80, 0xe9, 0x80, 0xe9, 0x80, 0xe9, 0xc0, 0xc0,
    0xc0, 0xc0, 0xc0, 0xc0, 0x41, 0x80, 0x41, 0x80, 0x41, 0x80, 0xe0, 0x07, 0xe0, 0x07, 0xe0, 0x07,
    0xe0, 0x07, 0xe0, 0x07, 0xe0, 0x07, 0xe0, 0x07, 0xe0, 0x07, 0xe0, 0x07, 0xe0, 0x07, 0xe0, 0x07,
    0xe0, 0x07, 0xe0, 0x07, 0xe0, 0x07, 0xe0, 0x07, 0xe0, 0x07, 0xe0, 0x07, 0xe0, 0x07, 0xe0, 0x07,
    0xe0, 0x07, 0xe0, 0x07, 0xe0, 0x07, 0xe0, 0x07, 0xe0, 0x07, 0xe0, 0x07, 0xe0, 0x07, 0xe0, 0x07,
    0xe0, 0x07, 0xe0, 0x07, 0xe0, 0x07, 0xe0, 0x07, 0xe0, 0x07, 0xe0, 0x07, 0xe0, 0x07, 0xe0, 0x07,
    0xe0, 0x07, 0xe0, 0x07, 0xe0, 0x07, 0xe0, 0x07, 0x41, 0x80, 0x41, 0x80, 0x41, 0x80, 0x41, 0x80,
    0xc0, 0xc0, 0xc0, 0xc0, 0xc0, 0xc0, 0xc0, 0xc0, 0xc0, 0xc0, 0xc0, 0xc0, 0x80, 0xe9, 0x22, 0xfd,
    0x09, 0xff, 0x09, 0xff, 0x09, 0xff, 0x09, 0xff, 0x09, 0xff, 0x09, 0xff, 0x09, 0xff, 0x09, 0xff,
    0x09, 0xff, 0x09, 0xff, 0x22, 0xfd, 0x22, 0xfd, 0x80, 0xe9, 0x80, 0xe9, 0x80, 0xe9, 0xc0, 0xc0,
    0xc0, 0xc0, 0xc0, 0xc0, 0xc0, 0xc0, 0x41, 0x80, 0x41, 0x80, 0x02, 0x48, 0xe0, 0x07, 0xe0, 0x07,
    0xe0, 0x07, 0xe0, 0x07, 0xe0, 0x07, 0xe0, 0x07, 0xe0, 0x07, 0xe0, 0x07, 0xe0, 0x07, 0xe0, 0x07,
    0xe0, 0x07, 0xe0, 0x07, 0xe0, 0x07, 0xe0, 0x07, 0xe0, 0x07, 0xe0, 0x07, 0xe0, 0x07, 0xe0, 0x07,
    0xe0, 0x07, 0xe0, 0x07, 0xe0, 0x07, 0xe0, 0x07, 0xe0, 0x07, 0xe0, 0x07, 0xe0, 0x07, 0xe0, 0x07,
    0xe0, 0x07, 0xe0, 0x07, 0xe0, 0x07, 0xe0, 0x07, 0xe0, 0x07, 0xe0, 0x07, 0xe0, 0x07, 0xe0, 0x07,
    0xe0, 0x07, 0xe0, 0x07, 0xe0, 0x07, 0x02, 0x48, 0x02, 0x48, 0x41, 0x80, 0x41, 0x80, 0x41, 0x80,
    0xc0, 0xc0, 0xc0, 0xc0, 0x41, 0x80, 0xc0, 0xc0, 0xc0, 0xc0, 0x80, 0xe9, 0x80, 0xe9, 0x80, 0xe9,
    0x22, 0xfd, 0x09, 0xff, 0x09, 0xff, 0x09, 0xff, 0x09, 0xff, 0x09, 0xff, 0x09, 0xff, 0x09, 0xff,
    0x09, 0xff, 0x09, 0xff, 0x09, 0xff, 0x09, 0xff, 0x22, 0xfd, 0x40, 0xfb, 0x80, 0xe9, 0x80, 0xe9,
    0x80, 0xe9, 0xc0, 0xc0, 0xc0, 0xc0, 0xc0, 0xc0, 0xc0, 0xc0, 0x41, 0x80, 0xe0, 0x07, 0xe0, 0x07,
    0xe0, 0x07, 0xe0, 0x07, 0xe0, 0x07, 0xe0, 0x07, 0xe0, 0x07, 0xe0, 0x07, 0xe0, 0x07, 0xe0, 0x07,
    0xe0, 0x07, 0xe0, 0x07, 0xe0, 0x07, 0xe0, 0x07, 0xe0, 0x07, 0xe0, 0x07, 0xe0, 0x07, 0xe0, 0x07,
    0xe0, 0x07, 0xe0, 0x07, 0xe0, 0x07, 0xe0, 0x07, 0xe0, 0x07, 0xe0, 0x07, 0xe0, 0x07, 0xe0, 0x07,
    0xe0, 0x07, 0xe0, 0x07, 0xe0, 0x07, 0xe0, 0x07, 0xe0, 0x07, 0xe0, 0x07, 0xe0, 0x07, 0xe0, 0x07,
    0xe0, 0x07, 0xe0, 0x07, 0xe0, 0x07, 0xe0, 0x07, 0xe0, 0x07, 0x41, 0x80, 0x41, 0x80, 0x41, 0x80,
    0x41, 0x80, 0xc0, 0xc0, 0x41, 0x80, 0xc0, 0xc0, 0xc0, 0xc0, 0xc0, 0xc0, 0xc0, 0xc0, 0x80, 0xe9,
    0x22, 0xfd, 0x22, 0xfd, 0x09, 0xff, 0x09, 0xff, 0x09, 0xff, 0x09, 0xff, 0x09, 0xff, 0x09, 0xff,
    0x09, 0xff, 0x09, 0xff, 0x09, 0xff, 0x09, 0xff, 0x09, 0xff, 0x09, 0xff, 0x40, 0xfb, 0x80, 0xe9,
    0x80, 0xe9, 0x80, 0xe9, 0xc0, 0xc0, 0xc0, 0xc0, 0xc0, 0xc0, 0x41, 0x80, 0x41, 0x80, 0x02, 0x48,
    0xe0, 0x07, 0xe0, 0x07, 0xe0, 0x07, 0xe0, 0x07, 0xe0, 0x07, 0xe0, 0x07, 0xe0, 0x07, 0xe0, 0x07,
    0xe0, 0x07, 0xe0, 0x07, 0xe0, 0x07, 0xe0, 0x07, 0xe0, 0x07, 0xe0, 0x07, 0xe0, 0x07, 0xe0, 0x07,
    0xe0, 0x07, 0xe0, 0x07, 0xe0, 0x07, 0xe0, 0x07, 0xe0, 0x07, 0xe0, 0x07, 0xe0, 0x07, 0xe0, 0x07,
    0xe0, 0x07, 0xe0, 0x07, 0xe0, 0x07, 0xe0, 0x07, 0xe0, 0x07, 0xe0, 0x07, 0xe0, 0x07, 0xe0, 0x07,
    0xe0, 0x07, 0xe0, 0x07, 0xe0, 0x07, 0xe0, 0x07, 0x41, 0x80, 0x41, 0x80, 0x41, 0x80, 0x41, 0x80,
    0x41, 0x80, 0xc0, 0xc0, 0x41, 0x80, 0x41, 0x80, 0xc0, 0xc0, 0xc0, 0xc0, 0x80, 0xe9, 0x80, 0xe9,
    0x80, 0xe9, 0x22, 0xfd, 0x09, 0xff, 0x09, 0xff, 0x09, 0xff, 0x09, 0xff, 0x09, 0xff, 0x09, 0xff,
    0x09, 0xff, 0x09, 0xff, 0x09, 0xff, 0x09, 0xff, 0x09, 0xff, 0x09, 0xff, 0x09, 0xff, 0x80, 0xe9,
    0x80, 0xe9, 0x80, 0xe9, 0xc0, 0xc0, 0xc0, 0xc0, 0xc0, 0xc0, 0x41, 0x80, 0x41, 0x80, 0x02, 0x48,
    0x41, 0x80, 0xe0, 0x07, 0xe0, 0x07, 0xe0, 0x07, 0xe0, 0x07, 0xe0, 0x07, 0xe0, 0x07, 0xe0, 0x07,
    0xe0, 0x07, 0xe0, 0x07, 0xe0, 0x07, 0xe0, 0x07, 0xe0, 0x07, 0xe0, 0x07, 0xe0, 0x07, 0xe0, 0x07,
    0xe0, 0x07, 0xe0, 0x07, 0xe0, 0x07, 0xe0, 0x07, 0xe0, 0x07, 0xe0, 0x07, 0xe0, 0x07, 0xe0, 0x07,
    0xe0, 0x07, 0xe0, 0x07, 0xe0, 0x07, 0xe0, 0x07, 0xe0, 0x07, 0xe0, 0x07, 0xe0, 0x07, 0xe0, 0x07,
    0xe0, 0x07, 0xe0, 0x07, 0xe0, 0x07, 0xe0, 0x07, 0x41, 0x80, 0x41, 0x80, 0x41, 0x80, 0x41, 0x80,
    0x41, 0x80, 0xc0, 0xc0, 0xc0, 0xc0, 0xc0, 0xc0, 0xc0, 0xc0, 0xc0, 0xc0, 0x80, 0xe9, 0x80, 0xe9,
    0x22, 0xfd, 0x09, 0xff, 0x09, 0xff, 0x09, 0xff, 0x09, 0xff, 0x09, 0xff, 0x09, 0xff, 0x09, 0xff,
    0x09, 0xff, 0x09, 0xff, 0x09, 0xff, 0x09, 0xff, 0x09, 0xff, 0x09, 0xff, 0x40, 0xfb, 0x80, 0xe9,
    0x80, 0xe9, 0x80, 0xe9, 0x80, 0xe9, 0xc0, 0xc0, 0x41, 0x80, 0x41, 0x80, 0x41, 0x80, 0x41, 0x80,
    0x02, 0x48, 0xe0, 0x07, 0xe0, 0x07, 0xe0, 0x07, 0xe0, 0x07, 0xe0, 0x07, 0xe0, 0x07, 0xe0, 0x07,
    0xe0, 0x07, 0xe0, 0x07, 0xe0, 0x07, 0xe0, 0x07, 0xe0, 0x07, 0xe0, 0x07, 0xe0, 0x07, 0xe0, 0x07,
    0xe0, 0x07, 0xe0, 0x07, 0xe0, 0x07, 0xe0, 0x07, 0xe0, 0x07, 0xe0, 0x07, 0xe0, 0x07, 0xe0, 0x07,
    0xe0, 0x07, 0xe0, 0x07, 0xe0, 0x07, 0xe0, 0x07, 0xe0, 0x07, 0xe0, 0x07, 0xe0, 0x07, 0xe0, 0x07,
    0xe0, 0x07, 0xe0, 0x07, 0xe0, 0x07, 0x41, 0x80, 0x41, 0x80, 0xc0, 0xc0, 0xc0, 0xc0, 0xc0, 0xc0,
    0xc0, 0xc0, 0xc0, 0xc0, 0xc0, 0xc0, 0xc0, 0xc0, 0xc0, 0xc0, 0x80, 0xe9, 0x22, 0xfd, 0x22, 0xfd,
    0x09, 0xff, 0x09, 0xff, 0x09, 0xff, 0x09, 0xff, 0x09, 0xff, 0x09, 0xff, 0x09, 0xff, 0x09, 0xff,
    0x09, 0xff, 0x09, 0xff, 0x09, 0xff, 0x09, 0xff, 0x09, 0xff, 0x40, 0xfb, 0x80, 0xe9, 0x80, 0xe9,
    0x80, 0xe9, 0xc0, 0xc0, 0xc0, 0xc0, 0x41, 0x80, 0x41, 0x80, 0x41, 0x80, 0x02, 0x48, 0x02, 0x48,
    0xe0, 0x07, 0xe0, 0x07, 0xe0, 0x07, 0xe0, 0x07, 0xe0, 0x07, 0xe0, 0x07, 0xe0, 0x07, 0xe0, 0x07,
    0xe0, 0x07, 0xe0, 0x07, 0xe0, 0x07, 0xe0, 0x07, 0xe0, 0x07, 0xe0, 0x07, 0xe0, 0x07, 0xe0, 0x07,
    0xe0, 0x07, 0xe0, 0x07, 0xe0, 0x07, 0xe0, 0x07, 0xe0, 0x07, 0xe0, 0x07, 0xe0, 0x07, 0xe0, 0x07,
    0xe0, 0x07, 0xe0, 0x07, 0xe0, 0x07, 0xe0, 0x07, 0xe0, 0x07, 0xe0, 0x07, 0xe0, 0x07, 0xe0, 0x07,
    0xe0, 0x07, 0xe0, 0x07, 0x41, 0x80, 0x41, 0x80, 0x41, 0x80, 0xc0, 0xc0, 0xc0, 0xc0, 0x80, 0xe9,
    0x80, 0xe9, 0x80, 0xe9, 0x80, 0xe9, 0x80, 0xe9, 0x22, 0xfd, 0x22, 0xfd, 0x09, 0xff, 0x09, 0xff,
    0x09, 0xff, 0x09, 0xff, 0x09, 0xff, 0x09, 0xff, 0x09, 0xff, 0x09, 0xff, 0x09, 0xff, 0x09, 0xff,
    0x09, 0xff, 0x09, 0xff, 0x09, 0xff, 0x80, 0xe9, 0x80, 0xe9, 0x80, 0xe9, 0x80, 0xe9, 0x80, 0xe9,
    0xc0, 0xc0, 0xc0, 0xc0, 0xc0, 0xc0, 0x41, 0x80, 0x41, 0x80, 0xe0, 0x07, 0xe0, 0x07, 0xe0, 0x07,
    0xe0, 0x07, 0xe0, 0x07, 0xe0, 0x07, 0xe0, 0x07, 0xe0, 0x07, 0xe0, 0x07, 0xe0, 0x07, 0xe0, 0x07,
    0xe0, 0x07, 0xe0, 0x07, 0xe0, 0x07, 0xe0, 0x07, 0xe0, 0x07, 0xe0, 0x07, 0xe0, 0x07, 0xe0, 0x07,
    0xe0, 0x07, 0xe0, 0x07, 0xe0, 0x07, 0xe0, 0x07, 0xe0, 0x07, 0xe0, 0x07, 0xe0, 0x07, 0xe0, 0x07,
    0xe0, 0x07, 0xe0, 0x07, 0xe0, 0x07, 0xe0, 0x07, 0xe0, 0x07, 0xe0, 0x07, 0xe0, 0x07, 0x02, 0x48,
    0x41, 0x80, 0x41, 0x80, 0x41, 0x80, 0x41, 0x80, 0xc0, 0xc0, 0xc0, 0xc0, 0xc0, 0xc0, 0x80, 0xe9,
    0x80, 0xe9, 0x40, 0xfb, 0x09, 0xff, 0x09, 0xff, 0x09, 0xff, 0x09, 0xff, 0x09, 0xff, 0x09, 0xff,
    0x09, 0xff, 0x09, 0xff, 0x09, 0xff, 0x09, 0xff, 0x09, 0xff, 0x09, 0xff, 0x09, 0xff, 0x09, 0xff,
    0x22, 0xfd, 0x80, 0xe9, 0x80, 0xe9, 0x80, 0xe9, 0x80, 0xe9, 0xc0, 0xc0, 0x80, 0xe9, 0xc0, 0xc0,
    0xc0, 0xc0, 0xc0, 0xc0, 0x41, 0x80, 0x41, 0x80, 0xe0, 0x07, 0xe0, 0x07, 0xe0, 0x07, 0xe0, 0x07,
    0xe0, 0x07, 0xe0, 0x07, 0xe0, 0x07, 0xe0, 0x07, 0xe0, 0x07, 0xe0, 0x07, 0xe0, 0x07, 0xe0, 0x07,
    0xe0, 0x07, 0xe0, 0x07, 0xe0, 0x07, 0xe0, 0x07, 0xe0, 0x07, 0xe0, 0x07, 0xe0, 0x07, 0xe0, 0x07,
    0xe0, 0x07, 0xe0, 0x07, 0xe0, 0x07, 0xe0, 0x07, 0xe0, 0x07, 0xe0, 0x07, 0xe0, 0x07, 0xe0, 0x07,
    0xe0, 0x07, 0xe0, 0x07, 0xe0, 0x07, 0xe0, 0x07, 0xe0, 0x07, 0xe0, 0x07, 0x41, 0x80, 0x41, 0x80,
    0x41, 0x80, 0x41, 0x80, 0x41, 0x80, 0xc0, 0xc0, 0xc0, 0xc0, 0xc0, 0xc0, 0x80, 0xe9, 0x80, 0xe9,
    0x80, 0xe9, 0x09, 0xff, 0x09, 0xff, 0x09, 0xff, 0x09, 0xff, 0x09, 0xff, 0x09, 0xff, 0x09, 0xff,
    0x09, 0xff, 0x09, 0xff, 0x09, 0xff, 0x09, 0xff, 0x09, 0xff, 0x09, 0xff, 0x09, 0xff, 0x22, 0xfd,
    0x80, 0xe9, 0x80, 0xe9, 0x80, 0xe9, 0x80, 0xe9, 0x80, 0xe9, 0x80, 0xe9, 0xc0, 0xc0, 0xc0, 0xc0,
    0xc0, 0xc0, 0x41, 0x80, 0x41, 0x80, 0xe0, 0x07, 0xe0, 0x07, 0xe0, 0x07, 0xe0, 0x07, 0xe0, 0x07,
    0xe0, 0x07, 0xe0, 0x07, 0xe0, 0x07, 0xe0, 0x07, 0xe0, 0x07, 0xe0, 0x07, 0xe0, 0x07, 0xe0, 0x07,
    0xe0, 0x07, 0xe0, 0x07, 0xe0, 0x07, 0xe0, 0x07, 0xe0, 0x07, 0xe0, 0x07, 0xe0, 0x07, 0xe0, 0x07,
    0xe0, 0x07, 0xe0, 0x07, 0xe0, 0x07, 0xe0, 0x07, 0xe0, 0x07, 0xe0, 0x07, 0xe0, 0x07, 0xe0, 0x07,
    0xe0, 0x07, 0xe0, 0x07, 0xe0, 0x07, 0xe0, 0x07, 0xe0, 0x07, 0xe0, 0x07, 0x41, 0x80, 0x41, 0x80,
    0x41, 0x80, 0x41, 0x80, 0x41, 0x80, 0xc0, 0xc0, 0xc0, 0xc0, 0xc0, 0xc0, 0x80, 0xe9, 0x80, 0xe9,
    0x09, 0xff, 0x09, 0xff, 0x09, 0xff, 0x09, 0xff, 0x09, 0xff, 0x09, 0xff, 0x09, 0xff, 0x09, 0xff,
    0x09, 0xff, 0x09, 0xff, 0x09, 0xff, 0x09, 0xff, 0x09, 0xff, 0x09, 0xff, 0x22, 0xfd, 0x22, 0xfd,
    0x40, 0xfb, 0x80, 0xe9, 0x80, 0xe9, 0x80, 0xe9, 0x80, 0xe9, 0x80, 0xe9, 0xc0, 0xc0, 0xc0, 0xc0,
    0xc0, 0xc0, 0x41, 0x80, 0x41, 0x80, 0xe0, 0x07, 0xe0, 0x07, 0xe0, 0x07, 0xe0, 0x07, 0xe0, 0x07,
    0xe0, 0x07, 0xe0, 0x07, 0xe0, 0x07, 0xe0, 0x07, 0xe0, 0x07, 0xe0, 0x07, 0xe0, 0x07, 0xe0, 0x07,
    0xe0, 0x07, 0xe0, 0x07, 0xe0, 0x07, 0xe0, 0x07, 0xe0, 0x07, 0xe0, 0x07, 0xe0, 0x07, 0xe0, 0x07,
    0xe0, 0x07, 0xe0, 0x07, 0xe0, 0x07, 0xe0, 0x07, 0xe0, 0x07, 0xe0, 0x07, 0xe0, 0x07, 0xe0, 0x07,
    0xe0, 0x07, 0xe0, 0x07, 0xe0, 0x07, 0xe0, 0x07, 0xe0, 0x07, 0x02, 0x48, 0x02, 0x48, 0x02, 0x48,
    0x41, 0x80, 0x41, 0x80, 0xc0, 0xc0, 0xc0, 0xc0, 0xc0, 0xc0, 0xc0, 0xc0, 0xc0, 0xc0, 0x80, 0xe9,
    0x80, 0xe9, 0x22, 0xfd, 0x09, 0xff, 0x09, 0xff, 0x09, 0xff, 0x09, 0xff, 0x09, 0xff, 0x09, 0xff,
    0x09, 0xff, 0x09, 0xff, 0x09, 0xff, 0x09, 0xff, 0x09, 0xff, 0x09, 0xff, 0x09, 0xff, 0x22, 0xfd,
    0x09, 0xff, 0x40, 0xfb, 0x80, 0xe9, 0x80, 0xe9, 0x80, 0xe9, 0x80, 0xe9, 0x80, 0xe9, 0xc0, 0xc0,
    0x41, 0x80, 0x41, 0x80, 0x41, 0x80, 0x41, 0x80, 0x02, 0x48, 0xe0, 0x07, 0xe0, 0x07, 0xe0, 0x07,
    0xe0, 0x07, 0xe0, 0x07, 0xe0, 0x07, 0xe0, 0x07, 0xe0, 0x07, 0xe0, 0x07, 0xe0, 0x07, 0xe0, 0x07,
    0xe0, 0x07, 0xe0, 0x07, 0xe0, 0x07, 0xe0, 0x07, 0xe0, 0x07, 0xe0, 0x07, 0xe0, 0x07, 0xe0, 0x07,
    0xe0, 0x07, 0xe0, 0x07, 0xe0, 0x07, 0xe0, 0x07, 0xe0, 0x07, 0xe0, 0x07, 0xe0, 0x07, 0xe0, 0x07,
    0xe0, 0x07, 0xe0, 0x07, 0xe0, 0x07, 0xe0, 0x07, 0xe0, 0x07, 0xe0, 0x07, 0xe0, 0x07, 0x41, 0x80,
    0x41, 0x80, 0x41, 0x80, 0x41, 0x80, 0x41, 0x80, 0xc0, 0xc0, 0xc0, 0xc0, 0xc0, 0xc0, 0x80, 0xe9,
    0x80, 0xe9, 0x40, 0xfb, 0x09, 0xff, 0x09, 0xff, 0x09, 0xff, 0x09, 0xff, 0x09, 0xff, 0x09, 0xff,
    0x09, 0xff, 0x09, 0xff, 0x09, 0xff, 0x09, 0xff, 0x09, 0xff, 0x09, 0xff, 0x09, 0xff, 0x09, 0xff,
    0x09, 0xff, 0x09, 0xff, 0x40, 0xfb, 0x40, 0xfb, 0x80, 0xe9, 0x80, 0xe9, 0x80, 0xe9, 0xc0, 0xc0,
    0xc0, 0xc0, 0x41, 0x80, 0x41, 0x80, 0x41, 0x80, 0x02, 0x48, 0x41, 0x80, 0xe0, 0x07, 0xe0, 0x07,
    0xe0, 0x07, 0xe0, 0x07, 0xe0, 0x07, 0xe0, 0x07, 0xe0, 0x07, 0xe0, 0x07, 0xe0, 0x07, 0xe0, 0x07,
    0xe0, 0x07, 0xe0, 0x07, 0xe0, 0x07, 0xe0, 0x07, 0xe0, 0x07, 0xe0, 0x07, 0xe0, 0x07, 0xe0, 0x07,
    0xe0, 0x07, 0xe0, 0x07, 0xe0, 0x07, 0xe0, 0x07, 0xe0, 0x07, 0xe0, 0x07, 0xe0, 0x07, 0xe0, 0x07,
    0xe0, 0x07, 0xe0, 0x07, 0xe0, 0x07, 0xe0, 0x07, 0xe0, 0x07, 0xe0, 0x07, 0x02, 0x48, 0x02, 0x48,
    0x02, 0x48, 0x41, 0x80, 0x41, 0x80, 0x41, 0x80, 0xc0, 0xc0, 0xc0, 0xc0, 0xc0, 0xc0, 0xc0, 0xc0,
    0x80, 0xe9, 0x80, 0xe9, 0x80, 0xe9, 0x09, 0xff, 0x09, 0xff, 0x09, 0xff, 0x09, 0xff, 0x09, 0xff,
    0x09, 0xff, 0x09, 0xff, 0x09, 0xff, 0x09, 0xff, 0x09, 0xff, 0x09, 0xff, 0x09, 0xff, 0x09, 0xff,
    0x09, 0xff, 0x09, 0xff, 0x09, 0xff, 0x40, 0xfb, 0x80, 0xe9, 0x80, 0xe9, 0x80, 0xe9, 0xc0, 0xc0,
    0xc0, 0xc0, 0x41, 0x80, 0x41, 0x80, 0x41, 0x80, 0x41, 0x80, 0x41, 0x80, 0xe0, 0x07, 0x02, 0x48,
    0xe0, 0x07, 0xe0, 0x07, 0xe0, 0x07, 0xe0, 0x07, 0xe0, 0x07, 0xe0, 0x07, 0xe0, 0x07, 0xe0, 0x07,
    0xe0, 0x07, 0xe0, 0x07, 0xe0, 0x07, 0xe0, 0x07, 0xe0, 0x07, 0xe0, 0x07, 0xe0, 0x07, 0xe0, 0x07,
    0xe0, 0x07, 0xe0, 0x07, 0xe0, 0x07, 0xe0, 0x07, 0xe0, 0x07, 0xe0, 0x07, 0xe0, 0x07, 0xe0, 0x07,
    0xe0, 0x07, 0xe0, 0x07, 0xe0, 0x07, 0xe0, 0x07, 0xe0, 0x07, 0xe0, 0x07, 0xe0, 0x07, 0xe0, 0x07,
    0x41, 0x80, 0x41, 0x80, 0x41, 0x80, 0x41, 0x80, 0x41, 0x80, 0xc0, 0xc0, 0xc0, 0xc0, 0xc0, 0xc0,
    0x80, 0xe9, 0x80, 0xe9, 0x40, 0xfb, 0x09, 0xff, 0x09, 0xff, 0x09, 0xff, 0x09, 0xff, 0x09, 0xff,
    0x09, 0xff, 0x09, 0xff, 0x09, 0xff, 0x09, 0xff, 0x09, 0xff, 0x09, 0xff, 0x09, 0xff, 0x09, 0xff,
    0x09, 0xff, 0x09, 0xff, 0x09, 0xff, 0x09, 0xff, 0x40, 0xfb, 0x80, 0xe9, 0x80, 0xe9, 0xc0, 0xc0,
    0xc0, 0xc0, 0xc0, 0xc0, 0x41, 0x80, 0x41, 0x80, 0x41, 0x80, 0x41, 0x80, 0x41, 0x80, 0x02, 0x48,
    0xe0, 0x07, 0xe0, 0x07, 0xe0, 0x07, 0xe0, 0x07, 0xe0, 0x07, 0xe0, 0x07, 0xe0, 0x07, 0xe0, 0x07,
    0xe0, 0x07, 0xe0, 0x07, 0xe0, 0x07, 0xe0, 0x07, 0xe0, 0x07, 0xe0, 0x07, 0xe0, 0x07, 0xe0, 0x07,
    0xe0, 0x07, 0xe0, 0x07, 0xe0, 0x07, 0xe0, 0x07, 0xe0, 0x07, 0xe0, 0x07, 0xe0, 0x07, 0xe0, 0x07,
    0xe0, 0x07, 0xe0, 0x07, 0xe0, 0x07, 0xe0, 0x07, 0xe0, 0x07, 0xe0, 0x07, 0xe0, 0x07, 0x41, 0x80,
    0x41, 0x80, 0x41, 0x80, 0x41, 0x80, 0x41, 0x80, 0x41, 0x80, 0xc0, 0xc0, 0xc0, 0xc0, 0xc0, 0xc0,
    0x80, 0xe9, 0x80, 0xe9, 0x40, 0xfb, 0x09, 0xff, 0x09, 0xff, 0x09, 0xff, 0x09, 0xff, 0x09, 0xff,
    0x09, 0xff, 0x09, 0xff, 0x09, 0xff, 0x09, 0xff, 0x09, 0xff, 0x09, 0xff, 0x09, 0xff, 0x09, 0xff,
    0x09, 0xff, 0x09, 0xff, 0x09, 0xff, 0x09, 0xff, 0x40, 0xfb, 0x80, 0xe9, 0x80, 0xe9, 0xc0, 0xc0,
    0xc0, 0xc0, 0xc0, 0xc0, 0x41, 0x80, 0xc0, 0xc0, 0x41, 0x80, 0x41, 0x80, 0x41, 0x80, 0x02, 0x48,
    0x02, 0x48, 0xe0, 0x07, 0xe0, 0x07, 0xe0, 0x07, 0xe0, 0x07, 0xe0, 0x07, 0xe0, 0x07, 0xe0, 0x07,
    0xe0, 0x07, 0xe0, 0x07, 0xe0, 0x07, 0xe0, 0x07, 0xe0, 0x07, 0xe0, 0x07, 0xe0, 0x07, 0xe0, 0x07,
    0xe0, 0x07, 0xe0, 0x07, 0xe0, 0x07, 0xe0, 0x07, 0xe0, 0x07, 0xe0, 0x07, 0xe0, 0x07, 0xe0, 0x07,
    0xe0, 0x07, 0xe0, 0x07, 0xe0, 0x07, 0xe0, 0x07, 0xe0, 0x07, 0xe0, 0x07, 0xe0, 0x07, 0x41, 0x80,
    0x41, 0x80, 0x41, 0x80, 0x41, 0x80, 0x41, 0x80, 0xc0, 0xc0, 0xc0, 0xc0, 0xc0, 0xc0, 0xc0, 0xc0,
    0x80, 0xe9, 0x40, 0xfb, 0x40, 0xfb, 0x09, 0xff, 0x09, 0xff, 0x09, 0xff, 0x09, 0xff, 0x09, 0xff,
    0x09, 0xff, 0x09, 0xff, 0x09, 0xff, 0x09, 0xff, 0x09, 0xff, 0x09, 0xff, 0x09, 0xff, 0x09, 0xff,
    0x09, 0xff, 0x09, 0xff, 0x09, 0xff, 0x09, 0xff, 0x09, 0xff, 0x40, 0xfb, 0x80, 0xe9, 0xc0, 0xc0,
    0xc0, 0xc0, 0xc0, 0xc0, 0x41, 0x80, 0x41, 0x80, 0x41, 0x80, 0x41, 0x80, 0x41, 0x80, 0x02, 0x48,
    0x02, 0x48, 0xe0, 0x07, 0xe0, 0x07, 0xe0, 0x07, 0xe0, 0x07, 0xe0, 0x07, 0xe0, 0x07, 0xe0, 0x07,
    0xe0, 0x07, 0xe0, 0x07, 0xe0, 0x07, 0xe0, 0x07, 0xe0, 0x07, 0xe0, 0x07, 0xe0, 0x07, 0xe0, 0x07,
    0xe0, 0x07, 0xe0, 0x07, 0xe0, 0x07, 0xe0, 0x07, 0xe0, 0x07, 0xe0, 0x07, 0xe0, 0x07, 0xe0, 0x07,
    0xe0, 0x07, 0xe0, 0x07, 0xe0, 0x07, 0xe0, 0x07, 0xe0, 0x07, 0xe0, 0x07, 0x02, 0x48, 0x02, 0x48,
    0x02, 0x48, 0x41, 0x80, 0x41, 0x80, 0x41, 0x80, 0x41, 0x80, 0xc0, 0xc0, 0xc0, 0xc0, 0x80, 0xe9,
    0x80, 0xe9, 0x80, 0xe9, 0x80, 0xe9, 0x09, 0xff, 0x09, 0xff, 0x09, 0xff, 0x09, 0xff, 0x09, 0xff,
    0x09, 0xff, 0x09, 0xff, 0x09, 0xff, 0x09, 0xff, 0x09, 0xff, 0x09, 0xff, 0x09, 0xff, 0x09, 0xff,
    0x09, 0xff, 0x09, 0xff, 0x09, 0xff, 0x09, 0xff, 0x09, 0xff, 0x40, 0xfb, 0x80, 0xe9, 0x80, 0xe9,
    0xc0, 0xc0, 0xc0, 0xc0, 0xc0, 0xc0, 0x41, 0x80, 0x41, 0x80, 0x41, 0x80, 0x41, 0x80, 0x41, 0x80,
    0x02, 0x48, 0xe0, 0x07, 0xe0, 0x07, 0xe0, 0x07, 0xe0, 0x07, 0xe0, 0x07, 0xe0, 0x07, 0xe0, 0x07,
    0xe0, 0x07, 0xe0, 0x07, 0xe0, 0x07, 0xe0, 0x07, 0xe0, 0x07, 0xe0, 0x07, 0xe0, 0x07, 0xe0, 0x07,
    0xe0, 0x07, 0xe0, 0x07, 0xe0, 0x07, 0xe0, 0x07, 0xe0, 0x07, 0xe0, 0x07, 0xe0, 0x07, 0xe0, 0x07,
    0xe0, 0x07, 0xe0, 0x07, 0xe0, 0x07, 0xe0, 0x07, 0xe0, 0x07, 0xe0, 0x07, 0xe0, 0x07, 0xe0, 0x07,
    0x41, 0x80, 0x41, 0x80, 0x41, 0x80, 0x41, 0x80, 0x41, 0x80, 0xc0, 0xc0, 0x80, 0xe9, 0x80, 0xe9,
    0x80, 0xe9, 0x80, 0xe9, 0x40, 0xfb, 0x40, 0xfb, 0x40, 0xfb, 0x40, 0xfb, 0x80, 0xe9, 0x40, 0xfb,
    0x40, 0xfb, 0x40, 0xfb, 0x40, 0xfb, 0x40, 0xfb, 0x40, 0xfb, 0x40, 0xfb, 0x40, 0xfb, 0x40, 0xfb,
    0x40, 0xfb, 0x40, 0xfb, 0x40, 0xfb, 0x40, 0xfb, 0x40, 0xfb, 0x40, 0xfb, 0x80, 0xe9, 0x40, 0xfb,
    0x80, 0xe9, 0xc0, 0xc0, 0xc0, 0xc0, 0x41, 0x80, 0xc0, 0xc0, 0x41, 0x80, 0x41, 0x80, 0x41, 0x80,
    0x02, 0x48, 0x41, 0x80, 0xe0, 0x07, 0xe0, 0x07, 0xe0, 0x07, 0xe0, 0x07, 0xe0, 0x07, 0xe0, 0x07,
    0xe0, 0x07, 0xe0, 0x07, 0xe0, 0x07, 0xe0, 0x07, 0xe0, 0x07, 0xe0, 0x07, 0xe0, 0x07, 0xe0, 0x07,
    0xe0, 0x07, 0xe0, 0x07, 0xe0, 0x07, 0xe0, 0x07, 0xe0, 0x07, 0xe0, 0x07, 0xe0, 0x07, 0xe0, 0x07,
    0xe0, 0x07, 0xe0, 0x07, 0xe0, 0x07, 0xe0, 0x07, 0xe0, 0x07, 0xe0, 0x07, 0xe0, 0x07, 0x02, 0x48,
    0x02, 0x48, 0x02, 0x48, 0x41, 0x80, 0x41, 0x80, 0x41, 0x80, 0x41, 0x80, 0xc0, 0xc0, 0x80, 0xe9,
    0x80, 0xe9, 0x80, 0xe9, 0x80, 0xe9, 0x80, 0xe9, 0x40, 0xfb, 0x80, 0xe9, 0x80, 0xe9, 0x40, 0xfb,
    0x40, 0xfb, 0x40, 0xfb, 0x40, 0xfb, 0x40, 0xfb, 0x40, 0xfb, 0x40, 0xfb, 0x40, 0xfb, 0x40, 0xfb,
    0x40, 0xfb, 0x40, 0xfb, 0x40, 0xfb, 0x40, 0xfb, 0x40, 0xfb, 0x40, 0xfb, 0x40, 0xfb, 0x40, 0xfb,
    0x80, 0xe9, 0xc0, 0xc0, 0xc0, 0xc0, 0xc0, 0xc0, 0xc0, 0xc0, 0x41, 0x80, 0x41, 0x80, 0x41, 0x80,
    0x41, 0x80, 0x41, 0x80, 0x02, 0x48, 0x02, 0x48, 0xe0, 0x07, 0xe0, 0x07, 0xe0, 0x07, 0xe0, 0x07,
    0xe0, 0x07, 0xe0, 0x07, 0xe0, 0x07, 0xe0, 0x07, 0xe0, 0x07, 0xe0, 0x07, 0xe0, 0x07, 0xe0, 0x07,
    0xe0, 0x07, 0xe0, 0x07, 0xe0, 0x07, 0xe0, 0x07, 0xe0, 0x07, 0xe0, 0x07, 0xe0, 0x07, 0xe0, 0x07,
    0xe0, 0x07, 0xe0, 0x07, 0xe0, 0x07, 0xe0, 0x07, 0xe0, 0x07, 0xe0, 0x07, 0xe0, 0x07, 0xe0, 0x07,
    0xe0, 0x07, 0x41, 0x80, 0x41, 0x80, 0x41, 0x80, 0x41, 0x80, 0xc0, 0xc0, 0x80, 0xe9, 0x80, 0xe9,
    0x80, 0xe9, 0x80, 0xe9, 0x80, 0xe9, 0x40, 0xfb, 0x80, 0xe9, 0x80, 0xe9, 0x80, 0xe9, 0x80, 0xe9,
    0x80, 0xe9, 0x40, 0xfb, 0x40, 0xfb, 0x40, 0xfb, 0x40, 0xfb, 0x40, 0xfb, 0x40, 0xfb, 0x40, 0xfb,
    0x40, 0xfb, 0x40, 0xfb, 0x40, 0xfb, 0x40, 0xfb, 0x40, 0xfb, 0x40, 0xfb, 0x40, 0xfb, 0x40, 0xfb,
    0x40, 0xfb, 0x40, 0xfb, 0x80, 0xe9, 0xc0, 0xc0, 0xc0, 0xc0, 0xc0, 0xc0, 0xc0, 0xc0, 0x41, 0x80,
    0x41, 0x80, 0x41, 0x80, 0x41, 0x80, 0x41, 0x80, 0xe0, 0x07, 0xe0, 0x07, 0xe0, 0x07, 0xe0, 0x07,
    0xe0, 0x07, 0xe0, 0x07, 0xe0, 0x07, 0xe0, 0x07, 0xe0, 0x07, 0xe0, 0x07, 0xe0, 0x07, 0xe0, 0x07,
};

const lv_img_dsc_t bongo_fire_7 = {
    .header.cf = LV_IMG_CF_TRUE_COLOR_CHROMA_KEYED,
    .header.always_zero = 0,
    .header.reserved = 0,
    .header.w = 72,
    .header.h = 52,
    .data_size = sizeof(bongo_fire_7_map),
    .data = bongo_fire_7_map,
};

